2026-05-25 13:23:59,783	WARNING utils.py:461 -- Detecting docker specified CPUs. In previous versions of Ray, CPU detection in containers was incorrect. Please ensure that Ray has enough CPUs allocated. As a temporary workaround to revert to the prior behavior, set `RAY_USE_MULTIPROCESSING_CPU_COUNT=1` as an env var before starting Ray. Set the env var: `RAY_DISABLE_DOCKER_CPU_WARNING=1` to mute this warning.
2026-05-25 13:24:02,085	INFO worker.py:2012 -- Started a local Ray instance.
/root/miniconda3/lib/python3.12/site-packages/ray/_private/worker.py:2051: FutureWarning: Tip: In future versions of Ray, Ray will no longer override accelerator visible devices env var if num_gpus=0 or num_gpus=None (default). To enable this behavior and turn off this error message, set RAY_ACCEL_ENV_VAR_OVERRIDE_ON_ZERO=0
  warnings.warn(
[36m(main_task pid=4576)[0m {'actor_rollout_ref': {'actor': {'clip_ratio': 0.2,
[36m(main_task pid=4576)[0m                                  'entropy_coeff': 0.001,
[36m(main_task pid=4576)[0m                                  'fsdp_config': {'fsdp_size': -1,
[36m(main_task pid=4576)[0m                                                  'model_dtype': 'bf16',
[36m(main_task pid=4576)[0m                                                  'optimizer_offload': False,
[36m(main_task pid=4576)[0m                                                  'param_offload': False,
[36m(main_task pid=4576)[0m                                                  'wrap_policy': {'min_num_params': 0}},
[36m(main_task pid=4576)[0m                                  'grad_clip': 1.0,
[36m(main_task pid=4576)[0m                                  'kl_loss_coef': 0.001,
[36m(main_task pid=4576)[0m                                  'kl_loss_type': 'low_var_kl',
[36m(main_task pid=4576)[0m                                  'optim': {'lr': 1e-06,
[36m(main_task pid=4576)[0m                                            'lr_warmup_steps_ratio': 0.0,
[36m(main_task pid=4576)[0m                                            'min_lr_ratio': None,
[36m(main_task pid=4576)[0m                                            'total_training_steps': -1,
[36m(main_task pid=4576)[0m                                            'warmup_style': 'constant'},
[36m(main_task pid=4576)[0m                                  'ppo_epochs': 1,
[36m(main_task pid=4576)[0m                                  'ppo_max_token_len_per_gpu': 8192,
[36m(main_task pid=4576)[0m                                  'ppo_micro_batch_size': None,
[36m(main_task pid=4576)[0m                                  'ppo_micro_batch_size_per_gpu': None,
[36m(main_task pid=4576)[0m                                  'ppo_mini_batch_size': 256,
[36m(main_task pid=4576)[0m                                  'shuffle': False,
[36m(main_task pid=4576)[0m                                  'strategy': 'fsdp',
[36m(main_task pid=4576)[0m                                  'ulysses_sequence_parallel_size': 1,
[36m(main_task pid=4576)[0m                                  'use_dynamic_bsz': True,
[36m(main_task pid=4576)[0m                                  'use_kl_loss': True},
[36m(main_task pid=4576)[0m                        'hybrid_engine': True,
[36m(main_task pid=4576)[0m                        'model': {'enable_gradient_checkpointing': True,
[36m(main_task pid=4576)[0m                                  'external_lib': None,
[36m(main_task pid=4576)[0m                                  'lora_alpha': 16,
[36m(main_task pid=4576)[0m                                  'lora_dropout': 0.0,
[36m(main_task pid=4576)[0m                                  'lora_rank': 64,
[36m(main_task pid=4576)[0m                                  'override_config': {},
[36m(main_task pid=4576)[0m                                  'path': '/root/autodl-tmp/models/Qwen/Qwen2.5-3B-Instruct',
[36m(main_task pid=4576)[0m                                  'use_lora': True,
[36m(main_task pid=4576)[0m                                  'use_remove_padding': True},
[36m(main_task pid=4576)[0m                        'ref': {'fsdp_config': {'param_offload': True,
[36m(main_task pid=4576)[0m                                                'wrap_policy': {'min_num_params': 0}},
[36m(main_task pid=4576)[0m                                'log_prob_max_token_len_per_gpu': 8192,
[36m(main_task pid=4576)[0m                                'log_prob_micro_batch_size': None,
[36m(main_task pid=4576)[0m                                'log_prob_micro_batch_size_per_gpu': None,
[36m(main_task pid=4576)[0m                                'log_prob_use_dynamic_bsz': True,
[36m(main_task pid=4576)[0m                                'ulysses_sequence_parallel_size': 1},
[36m(main_task pid=4576)[0m                        'rollout': {'disable_log_stats': True,
[36m(main_task pid=4576)[0m                                    'do_sample': True,
[36m(main_task pid=4576)[0m                                    'dtype': 'bfloat16',
[36m(main_task pid=4576)[0m                                    'enable_chunked_prefill': True,
[36m(main_task pid=4576)[0m                                    'enforce_eager': True,
[36m(main_task pid=4576)[0m                                    'free_cache_engine': True,
[36m(main_task pid=4576)[0m                                    'gpu_memory_utilization': 0.3,
[36m(main_task pid=4576)[0m                                    'ignore_eos': False,
[36m(main_task pid=4576)[0m                                    'load_format': 'dummy_dtensor',
[36m(main_task pid=4576)[0m                                    'log_prob_max_token_len_per_gpu': 8192,
[36m(main_task pid=4576)[0m                                    'log_prob_micro_batch_size': None,
[36m(main_task pid=4576)[0m                                    'log_prob_micro_batch_size_per_gpu': None,
[36m(main_task pid=4576)[0m                                    'log_prob_use_dynamic_bsz': True,
[36m(main_task pid=4576)[0m                                    'max_model_len': 2048,
[36m(main_task pid=4576)[0m                                    'max_num_batched_tokens': 2048,
[36m(main_task pid=4576)[0m                                    'max_num_seqs': 1024,
[36m(main_task pid=4576)[0m                                    'n': 1,
[36m(main_task pid=4576)[0m                                    'name': 'vllm',
[36m(main_task pid=4576)[0m                                    'prompt_length': 512,
[36m(main_task pid=4576)[0m                                    'response_length': 512,
[36m(main_task pid=4576)[0m                                    'temperature': 1.0,
[36m(main_task pid=4576)[0m                                    'tensor_model_parallel_size': 1,
[36m(main_task pid=4576)[0m                                    'top_k': -1,
[36m(main_task pid=4576)[0m                                    'top_p': 1,
[36m(main_task pid=4576)[0m                                    'use_fire_sampling': False}},
[36m(main_task pid=4576)[0m  'agent_grpo': {'n': 2},
[36m(main_task pid=4576)[0m  'algorithm': {'adv_estimator': 'drgrpo',
[36m(main_task pid=4576)[0m                'entropy_bonus_coef': 0.0,
[36m(main_task pid=4576)[0m                'gamma': 1.0,
[36m(main_task pid=4576)[0m                'kl_ctrl': {'kl_coef': 0.001, 'type': 'fixed'},
[36m(main_task pid=4576)[0m                'kl_penalty': 'kl',
[36m(main_task pid=4576)[0m                'lam': 1.0},
[36m(main_task pid=4576)[0m  'critic': {'cliprange_value': 0.5,
[36m(main_task pid=4576)[0m             'forward_max_token_len_per_gpu': 32768,
[36m(main_task pid=4576)[0m             'forward_micro_batch_size': None,
[36m(main_task pid=4576)[0m             'forward_micro_batch_size_per_gpu': None,
[36m(main_task pid=4576)[0m             'grad_clip': 1.0,
[36m(main_task pid=4576)[0m             'model': {'enable_gradient_checkpointing': True,
[36m(main_task pid=4576)[0m                       'external_lib': None,
[36m(main_task pid=4576)[0m                       'fsdp_config': {'fsdp_size': -1,
[36m(main_task pid=4576)[0m                                       'optimizer_offload': False,
[36m(main_task pid=4576)[0m                                       'param_offload': False,
[36m(main_task pid=4576)[0m                                       'wrap_policy': {'min_num_params': 0}},
[36m(main_task pid=4576)[0m                       'override_config': {},
[36m(main_task pid=4576)[0m                       'path': '/root/autodl-tmp/models/Qwen/Qwen2.5-3B-Instruct',
[36m(main_task pid=4576)[0m                       'tokenizer_path': '/root/autodl-tmp/models/Qwen/Qwen2.5-3B-Instruct',
[36m(main_task pid=4576)[0m                       'use_remove_padding': True},
[36m(main_task pid=4576)[0m             'optim': {'lr': 1e-05,
[36m(main_task pid=4576)[0m                       'lr_warmup_steps_ratio': 0.0,
[36m(main_task pid=4576)[0m W0525 13:24:11.130000 4576 site-packages/torch/utils/cpp_extension.py:140] No CUDA runtime is found, using CUDA_HOME='/usr/local/cuda'
[36m(main_task pid=4576)[0m                       'min_lr_ratio': None,
[36m(main_task pid=4576)[0m                       'total_training_steps': -1,
[36m(main_task pid=4576)[0m                       'warmup_style': 'constant'},
[36m(main_task pid=4576)[0m             'ppo_epochs': 1,
[36m(main_task pid=4576)[0m             'ppo_max_token_len_per_gpu': 32768,
[36m(main_task pid=4576)[0m             'ppo_micro_batch_size': None,
[36m(main_task pid=4576)[0m             'ppo_micro_batch_size_per_gpu': None,
[36m(main_task pid=4576)[0m             'ppo_mini_batch_size': 256,
[36m(main_task pid=4576)[0m             'shuffle': False,
[36m(main_task pid=4576)[0m             'strategy': 'fsdp',
[36m(main_task pid=4576)[0m             'ulysses_sequence_parallel_size': 1,
[36m(main_task pid=4576)[0m             'use_dynamic_bsz': True},
[36m(main_task pid=4576)[0m  'data': {'data_writing_file': './signal/data.json',
[36m(main_task pid=4576)[0m           'image_key': 'images',
[36m(main_task pid=4576)[0m           'max_prompt_length': 512,
[36m(main_task pid=4576)[0m           'max_response_length': 512,
[36m(main_task pid=4576)[0m           'n_gpus_per_node': 8,
[36m(main_task pid=4576)[0m           'num_workers': 0,
[36m(main_task pid=4576)[0m           'prompt_key': 'prompt',
[36m(main_task pid=4576)[0m           'query_signal': 1,
[36m(main_task pid=4576)[0m           'response_signal': 0,
[36m(main_task pid=4576)[0m           'return_raw_chat': False,
[36m(main_task pid=4576)[0m           'return_raw_input_ids': False,
[36m(main_task pid=4576)[0m           'shuffle': True,
[36m(main_task pid=4576)[0m           'signal_writing_file': './signal/signal.json',
[36m(main_task pid=4576)[0m           'tokenizer': None,
[36m(main_task pid=4576)[0m           'train_batch_size': 512,
[36m(main_task pid=4576)[0m           'train_files': '/root/DeepResearcher/data/train.parquet',
[36m(main_task pid=4576)[0m           'val_batch_size': None,
[36m(main_task pid=4576)[0m           'val_files': '~/data/rlhf/gsm8k/test.parquet'},
[36m(main_task pid=4576)[0m  'do_search': True,
[36m(main_task pid=4576)[0m  'max_turns': 6,
[36m(main_task pid=4576)[0m  'reward_model': {'curriculum_bonus_coef': 0.05,
[36m(main_task pid=4576)[0m                   'curriculum_end_turn': 5,
[36m(main_task pid=4576)[0m                   'curriculum_start_turn': 2,
[36m(main_task pid=4576)[0m                   'early_stop_penalty_coef': 0.05,
[36m(main_task pid=4576)[0m                   'enable': False,
[36m(main_task pid=4576)[0m                   'forward_max_token_len_per_gpu': 32768,
[36m(main_task pid=4576)[0m                   'max_length': None,
[36m(main_task pid=4576)[0m                   'micro_batch_size': None,
[36m(main_task pid=4576)[0m                   'micro_batch_size_per_gpu': None,
[36m(main_task pid=4576)[0m                   'model': {'external_lib': None,
[36m(main_task pid=4576)[0m                             'fsdp_config': {'fsdp_size': -1,
[36m(main_task pid=4576)[0m                                             'min_num_params': 0,
[36m(main_task pid=4576)[0m                                             'param_offload': False},
[36m(main_task pid=4576)[0m                             'input_tokenizer': '/root/autodl-tmp/models/Qwen/Qwen2.5-3B-Instruct',
[36m(main_task pid=4576)[0m                             'path': '~/models/FsfairX-LLaMA3-RM-v0.1',
[36m(main_task pid=4576)[0m                             'use_remove_padding': True},
[36m(main_task pid=4576)[0m                   'pbrs_gamma': 0.5,
[36m(main_task pid=4576)[0m                   'query_repetition_penalty_coef': 0.05,
[36m(main_task pid=4576)[0m                   'reward_manager': 'naive',
[36m(main_task pid=4576)[0m                   'strategy': 'fsdp',
[36m(main_task pid=4576)[0m                   'ulysses_sequence_parallel_size': 2,
[36m(main_task pid=4576)[0m                   'use_curriculum': False,
[36m(main_task pid=4576)[0m                   'use_dynamic_bsz': True,
[36m(main_task pid=4576)[0m                   'use_pbrs': False,
[36m(main_task pid=4576)[0m                   'use_query_monitoring': False},
[36m(main_task pid=4576)[0m  'search_engine': 'rag',
[36m(main_task pid=4576)[0m  'trainer': {'critic_warmup': 0,
[36m(main_task pid=4576)[0m              'default_hdfs_dir': None,
[36m(main_task pid=4576)[0m              'default_local_dir': './ckpts/verl_examples/exp03_lora_rank64_alpha16',
[36m(main_task pid=4576)[0m              'del_local_ckpt_after_load': False,
[36m(main_task pid=4576)[0m              'experiment_name': 'exp03_lora_rank64_alpha16',
[36m(main_task pid=4576)[0m              'logger': ['console', 'swanlab'],
[36m(main_task pid=4576)[0m              'n_gpus_per_node': 1,
[36m(main_task pid=4576)[0m              'nnodes': 1,
[36m(main_task pid=4576)[0m              'project_name': 'verl_examples',
[36m(main_task pid=4576)[0m              'remove_previous_ckpt_in_save': False,
[36m(main_task pid=4576)[0m              'resume_from_path': False,
[36m(main_task pid=4576)[0m              'resume_mode': 'auto',
[36m(main_task pid=4576)[0m              'save_freq': 500,
[36m(main_task pid=4576)[0m              'test_freq': 100,
[36m(main_task pid=4576)[0m              'total_epochs': 30,
[36m(main_task pid=4576)[0m              'total_training_steps': 3000,
[36m(main_task pid=4576)[0m              'val_before_train': False,
[36m(main_task pid=4576)[0m              'val_generations_to_log_to_wandb': 0}}
[36m(main_task pid=4576)[0m update signal file finish!
[36m(main_task pid=4576)[0m [validate_config] All configuration checks passed successfully!
[36m(main_task pid=4576)[0m original dataset len: 80000
Error executing job with overrides: ['actor_rollout_ref.model.path=/root/autodl-tmp/models/Qwen/Qwen2.5-3B-Instruct', 'actor_rollout_ref.model.use_remove_padding=true', 'actor_rollout_ref.model.use_lora=true', 'actor_rollout_ref.model.lora_rank=64', 'actor_rollout_ref.model.lora_alpha=16', 'actor_rollout_ref.model.lora_dropout=0.0', '+actor_rollout_ref.actor.fsdp_config.model_dtype=bf16', 'actor_rollout_ref.actor.fsdp_config.param_offload=false', 'actor_rollout_ref.actor.fsdp_config.optimizer_offload=False', 'actor_rollout_ref.actor.ulysses_sequence_parallel_size=1', 'actor_rollout_ref.ref.fsdp_config.param_offload=true', 'actor_rollout_ref.ref.ulysses_sequence_parallel_size=1', 'actor_rollout_ref.rollout.tensor_model_parallel_size=1', 'actor_rollout_ref.rollout.gpu_memory_utilization=0.3', 'actor_rollout_ref.rollout.max_model_len=2048', 'actor_rollout_ref.rollout.max_num_batched_tokens=2048', 'critic.model.path=/root/autodl-tmp/models/Qwen/Qwen2.5-3B-Instruct', 'critic.ulysses_sequence_parallel_size=1', 'data.train_files=/root/DeepResearcher/data/train.parquet', 'data.max_prompt_length=512', 'data.max_response_length=512', 'data.train_batch_size=512', '+data.num_workers=0', 'algorithm.adv_estimator=drgrpo', 'algorithm.kl_penalty=kl', 'algorithm.kl_ctrl.type=fixed', 'algorithm.kl_ctrl.kl_coef=0.001', 'algorithm.gamma=1.0', 'algorithm.lam=1.0', 'trainer.total_training_steps=3000', 'trainer.experiment_name=exp03_lora_rank64_alpha16', "trainer.logger=['console','swanlab']", 'trainer.save_freq=500', 'trainer.test_freq=100', '+trainer.val_before_train=false', 'trainer.nnodes=1', 'trainer.n_gpus_per_node=1', 'max_turns=6', 'do_search=true', 'agent_grpo.n=2', 'search_engine=rag', 'reward_model.reward_manager=naive', 'reward_model.use_pbrs=false', 'reward_model.use_curriculum=false', 'reward_model.use_query_monitoring=false', 'algorithm.entropy_bonus_coef=0.0']
Traceback (most recent call last):
  File "/root/DeepResearcher/verl/trainer/main_ppo.py", line 168, in <module>
    main()
  File "/root/miniconda3/lib/python3.12/site-packages/hydra/main.py", line 94, in decorated_main
    _run_hydra(
  File "/root/miniconda3/lib/python3.12/site-packages/hydra/_internal/utils.py", line 394, in _run_hydra
    _run_app(
  File "/root/miniconda3/lib/python3.12/site-packages/hydra/_internal/utils.py", line 457, in _run_app
    run_and_report(
  File "/root/miniconda3/lib/python3.12/site-packages/hydra/_internal/utils.py", line 223, in run_and_report
    raise ex
  File "/root/miniconda3/lib/python3.12/site-packages/hydra/_internal/utils.py", line 220, in run_and_report
    return func()
           ^^^^^^
  File "/root/miniconda3/lib/python3.12/site-packages/hydra/_internal/utils.py", line 458, in <lambda>
    lambda: hydra.run(
            ^^^^^^^^^^
  File "/root/miniconda3/lib/python3.12/site-packages/hydra/_internal/hydra.py", line 132, in run
    _ = ret.return_value
        ^^^^^^^^^^^^^^^^
  File "/root/miniconda3/lib/python3.12/site-packages/hydra/core/utils.py", line 260, in return_value
    raise self._return_value
  File "/root/miniconda3/lib/python3.12/site-packages/hydra/core/utils.py", line 186, in run_job
    ret.return_value = task_function(task_cfg)
                       ^^^^^^^^^^^^^^^^^^^^^^^
  File "/root/DeepResearcher/verl/trainer/main_ppo.py", line 26, in main
    run_ppo(config)
  File "/root/DeepResearcher/verl/trainer/main_ppo.py", line 34, in run_ppo
    ray.get(main_task.remote(config, compute_score))
  File "/root/miniconda3/lib/python3.12/site-packages/ray/_private/auto_init_hook.py", line 22, in auto_init_wrapper
    return fn(*args, **kwargs)
           ^^^^^^^^^^^^^^^^^^^
  File "/root/miniconda3/lib/python3.12/site-packages/ray/_private/client_mode_hook.py", line 107, in wrapper
    return func(*args, **kwargs)
           ^^^^^^^^^^^^^^^^^^^^^
  File "/root/miniconda3/lib/python3.12/site-packages/ray/_private/worker.py", line 2980, in get
    values, debugger_breakpoint = worker.get_objects(
                                  ^^^^^^^^^^^^^^^^^^^
  File "/root/miniconda3/lib/python3.12/site-packages/ray/_private/worker.py", line 1023, in get_objects
    raise value.as_instanceof_cause()
ray.exceptions.RayTaskError(FileNotFoundError): [36mray::main_task()[39m (pid=4576, ip=172.17.0.6)
  File "/root/DeepResearcher/verl/trainer/main_ppo.py", line 155, in main_task
    trainer = RayPPOTrainer(config=config,
              ^^^^^^^^^^^^^^^^^^^^^^^^^^^^
  File "/root/DeepResearcher/verl/trainer/ppo/ray_trainer.py", line 470, in __init__
    self._create_dataloader()
  File "/root/DeepResearcher/verl/trainer/ppo/ray_trainer.py", line 582, in _create_dataloader
    self.val_dataset = RLHFDataset(parquet_files=self.config.data.val_files,
                       ^^^^^^^^^^^^^^^^^^^^^^^^^^^^^^^^^^^^^^^^^^^^^^^^^^^^^
  File "/root/DeepResearcher/verl/utils/dataset/rl_dataset.py", line 114, in __init__
    self._read_files_and_tokenize()
  File "/root/DeepResearcher/verl/utils/dataset/rl_dataset.py", line 126, in _read_files_and_tokenize
    dataframe = pd.read_parquet(parquet_file)
                ^^^^^^^^^^^^^^^^^^^^^^^^^^^^^
  File "/root/miniconda3/lib/python3.12/site-packages/pandas/io/parquet.py", line 671, in read_parquet
    return impl.read(
           ^^^^^^^^^^
  File "/root/miniconda3/lib/python3.12/site-packages/pandas/io/parquet.py", line 253, in read
    path_or_handle, handles, filesystem = _get_path_or_handle(
                                          ^^^^^^^^^^^^^^^^^^^^
  File "/root/miniconda3/lib/python3.12/site-packages/pandas/io/parquet.py", line 141, in _get_path_or_handle
    handles = get_handle(
              ^^^^^^^^^^^
  File "/root/miniconda3/lib/python3.12/site-packages/pandas/io/common.py", line 939, in get_handle
    handle = open(handle, ioargs.mode)
             ^^^^^^^^^^^^^^^^^^^^^^^^^
FileNotFoundError: [Errno 2] No such file or directory: '/root/data/rlhf/gsm8k/test.parquet'
[36m(main_task pid=4576)[0m filter dataset len: 80000
2026-05-25 13:25:54,876	WARNING utils.py:461 -- Detecting docker specified CPUs. In previous versions of Ray, CPU detection in containers was incorrect. Please ensure that Ray has enough CPUs allocated. As a temporary workaround to revert to the prior behavior, set `RAY_USE_MULTIPROCESSING_CPU_COUNT=1` as an env var before starting Ray. Set the env var: `RAY_DISABLE_DOCKER_CPU_WARNING=1` to mute this warning.
2026-05-25 13:25:58,133	INFO worker.py:2012 -- Started a local Ray instance.
/root/miniconda3/lib/python3.12/site-packages/ray/_private/worker.py:2051: FutureWarning: Tip: In future versions of Ray, Ray will no longer override accelerator visible devices env var if num_gpus=0 or num_gpus=None (default). To enable this behavior and turn off this error message, set RAY_ACCEL_ENV_VAR_OVERRIDE_ON_ZERO=0
  warnings.warn(
[36m(main_task pid=6768)[0m {'actor_rollout_ref': {'actor': {'clip_ratio': 0.2,
[36m(main_task pid=6768)[0m                                  'entropy_coeff': 0.001,
[36m(main_task pid=6768)[0m                                  'fsdp_config': {'fsdp_size': -1,
[36m(main_task pid=6768)[0m                                                  'model_dtype': 'bf16',
[36m(main_task pid=6768)[0m                                                  'optimizer_offload': False,
[36m(main_task pid=6768)[0m                                                  'param_offload': False,
[36m(main_task pid=6768)[0m                                                  'wrap_policy': {'min_num_params': 0}},
[36m(main_task pid=6768)[0m                                  'grad_clip': 1.0,
[36m(main_task pid=6768)[0m                                  'kl_loss_coef': 0.001,
[36m(main_task pid=6768)[0m                                  'kl_loss_type': 'low_var_kl',
[36m(main_task pid=6768)[0m                                  'optim': {'lr': 1e-06,
[36m(main_task pid=6768)[0m                                            'lr_warmup_steps_ratio': 0.0,
[36m(main_task pid=6768)[0m                                            'min_lr_ratio': None,
[36m(main_task pid=6768)[0m                                            'total_training_steps': -1,
[36m(main_task pid=6768)[0m                                            'warmup_style': 'constant'},
[36m(main_task pid=6768)[0m                                  'ppo_epochs': 1,
[36m(main_task pid=6768)[0m                                  'ppo_max_token_len_per_gpu': 8192,
[36m(main_task pid=6768)[0m                                  'ppo_micro_batch_size': None,
[36m(main_task pid=6768)[0m                                  'ppo_micro_batch_size_per_gpu': None,
[36m(main_task pid=6768)[0m                                  'ppo_mini_batch_size': 256,
[36m(main_task pid=6768)[0m                                  'shuffle': False,
[36m(main_task pid=6768)[0m                                  'strategy': 'fsdp',
[36m(main_task pid=6768)[0m                                  'ulysses_sequence_parallel_size': 1,
[36m(main_task pid=6768)[0m                                  'use_dynamic_bsz': True,
[36m(main_task pid=6768)[0m                                  'use_kl_loss': True},
[36m(main_task pid=6768)[0m                        'hybrid_engine': True,
[36m(main_task pid=6768)[0m                        'model': {'enable_gradient_checkpointing': True,
[36m(main_task pid=6768)[0m                                  'external_lib': None,
[36m(main_task pid=6768)[0m                                  'lora_alpha': 16,
[36m(main_task pid=6768)[0m                                  'lora_dropout': 0.0,
[36m(main_task pid=6768)[0m                                  'lora_rank': 64,
[36m(main_task pid=6768)[0m                                  'override_config': {},
[36m(main_task pid=6768)[0m                                  'path': '/root/autodl-tmp/models/Qwen/Qwen2.5-3B-Instruct',
[36m(main_task pid=6768)[0m                                  'use_lora': True,
[36m(main_task pid=6768)[0m                                  'use_remove_padding': True},
[36m(main_task pid=6768)[0m                        'ref': {'fsdp_config': {'param_offload': True,
[36m(main_task pid=6768)[0m                                                'wrap_policy': {'min_num_params': 0}},
[36m(main_task pid=6768)[0m                                'log_prob_max_token_len_per_gpu': 8192,
[36m(main_task pid=6768)[0m                                'log_prob_micro_batch_size': None,
[36m(main_task pid=6768)[0m                                'log_prob_micro_batch_size_per_gpu': None,
[36m(main_task pid=6768)[0m                                'log_prob_use_dynamic_bsz': True,
[36m(main_task pid=6768)[0m                                'ulysses_sequence_parallel_size': 1},
[36m(main_task pid=6768)[0m                        'rollout': {'disable_log_stats': True,
[36m(main_task pid=6768)[0m                                    'do_sample': True,
[36m(main_task pid=6768)[0m                                    'dtype': 'bfloat16',
[36m(main_task pid=6768)[0m                                    'enable_chunked_prefill': True,
[36m(main_task pid=6768)[0m                                    'enforce_eager': True,
[36m(main_task pid=6768)[0m                                    'free_cache_engine': True,
[36m(main_task pid=6768)[0m                                    'gpu_memory_utilization': 0.3,
[36m(main_task pid=6768)[0m                                    'ignore_eos': False,
[36m(main_task pid=6768)[0m                                    'load_format': 'dummy_dtensor',
[36m(main_task pid=6768)[0m                                    'log_prob_max_token_len_per_gpu': 8192,
[36m(main_task pid=6768)[0m                                    'log_prob_micro_batch_size': None,
[36m(main_task pid=6768)[0m                                    'log_prob_micro_batch_size_per_gpu': None,
[36m(main_task pid=6768)[0m                                    'log_prob_use_dynamic_bsz': True,
[36m(main_task pid=6768)[0m                                    'max_model_len': 2048,
[36m(main_task pid=6768)[0m                                    'max_num_batched_tokens': 2048,
[36m(main_task pid=6768)[0m                                    'max_num_seqs': 1024,
[36m(main_task pid=6768)[0m                                    'n': 1,
[36m(main_task pid=6768)[0m                                    'name': 'vllm',
[36m(main_task pid=6768)[0m                                    'prompt_length': 512,
[36m(main_task pid=6768)[0m                                    'response_length': 512,
[36m(main_task pid=6768)[0m                                    'temperature': 1.0,
[36m(main_task pid=6768)[0m                                    'tensor_model_parallel_size': 1,
[36m(main_task pid=6768)[0m                                    'top_k': -1,
[36m(main_task pid=6768)[0m                                    'top_p': 1,
[36m(main_task pid=6768)[0m                                    'use_fire_sampling': False}},
[36m(main_task pid=6768)[0m  'agent_grpo': {'n': 2},
[36m(main_task pid=6768)[0m  'algorithm': {'adv_estimator': 'drgrpo',
[36m(main_task pid=6768)[0m                'entropy_bonus_coef': 0.0,
[36m(main_task pid=6768)[0m                'gamma': 1.0,
[36m(main_task pid=6768)[0m                'kl_ctrl': {'kl_coef': 0.001, 'type': 'fixed'},
[36m(main_task pid=6768)[0m                'kl_penalty': 'kl',
[36m(main_task pid=6768)[0m                'lam': 1.0},
[36m(main_task pid=6768)[0m  'critic': {'cliprange_value': 0.5,
[36m(main_task pid=6768)[0m             'forward_max_token_len_per_gpu': 32768,
[36m(main_task pid=6768)[0m             'forward_micro_batch_size': None,
[36m(main_task pid=6768)[0m             'forward_micro_batch_size_per_gpu': None,
[36m(main_task pid=6768)[0m             'grad_clip': 1.0,
[36m(main_task pid=6768)[0m             'model': {'enable_gradient_checkpointing': True,
[36m(main_task pid=6768)[0m                       'external_lib': None,
[36m(main_task pid=6768)[0m                       'fsdp_config': {'fsdp_size': -1,
[36m(main_task pid=6768)[0m                                       'optimizer_offload': False,
[36m(main_task pid=6768)[0m                                       'param_offload': False,
[36m(main_task pid=6768)[0m                                       'wrap_policy': {'min_num_params': 0}},
[36m(main_task pid=6768)[0m                       'override_config': {},
[36m(main_task pid=6768)[0m                       'path': '/root/autodl-tmp/models/Qwen/Qwen2.5-3B-Instruct',
[36m(main_task pid=6768)[0m                       'tokenizer_path': '/root/autodl-tmp/models/Qwen/Qwen2.5-3B-Instruct',
[36m(main_task pid=6768)[0m                       'use_remove_padding': True},
[36m(main_task pid=6768)[0m             'optim': {'lr': 1e-05,
[36m(main_task pid=6768)[0m                       'lr_warmup_steps_ratio': 0.0,
[36m(main_task pid=6768)[0m W0525 13:26:06.637000 6768 site-packages/torch/utils/cpp_extension.py:140] No CUDA runtime is found, using CUDA_HOME='/usr/local/cuda'
[36m(main_task pid=6768)[0m                       'min_lr_ratio': None,
[36m(main_task pid=6768)[0m                       'total_training_steps': -1,
[36m(main_task pid=6768)[0m                       'warmup_style': 'constant'},
[36m(main_task pid=6768)[0m             'ppo_epochs': 1,
[36m(main_task pid=6768)[0m             'ppo_max_token_len_per_gpu': 32768,
[36m(main_task pid=6768)[0m             'ppo_micro_batch_size': None,
[36m(main_task pid=6768)[0m             'ppo_micro_batch_size_per_gpu': None,
[36m(main_task pid=6768)[0m             'ppo_mini_batch_size': 256,
[36m(main_task pid=6768)[0m             'shuffle': False,
[36m(main_task pid=6768)[0m             'strategy': 'fsdp',
[36m(main_task pid=6768)[0m             'ulysses_sequence_parallel_size': 1,
[36m(main_task pid=6768)[0m             'use_dynamic_bsz': True},
[36m(main_task pid=6768)[0m  'data': {'data_writing_file': './signal/data.json',
[36m(main_task pid=6768)[0m           'image_key': 'images',
[36m(main_task pid=6768)[0m           'max_prompt_length': 512,
[36m(main_task pid=6768)[0m           'max_response_length': 512,
[36m(main_task pid=6768)[0m           'n_gpus_per_node': 8,
[36m(main_task pid=6768)[0m           'num_workers': 0,
[36m(main_task pid=6768)[0m           'prompt_key': 'prompt',
[36m(main_task pid=6768)[0m           'query_signal': 1,
[36m(main_task pid=6768)[0m           'response_signal': 0,
[36m(main_task pid=6768)[0m           'return_raw_chat': False,
[36m(main_task pid=6768)[0m           'return_raw_input_ids': False,
[36m(main_task pid=6768)[0m           'shuffle': True,
[36m(main_task pid=6768)[0m           'signal_writing_file': './signal/signal.json',
[36m(main_task pid=6768)[0m           'tokenizer': None,
[36m(main_task pid=6768)[0m           'train_batch_size': 512,
[36m(main_task pid=6768)[0m           'train_files': '/root/DeepResearcher/data/train.parquet',
[36m(main_task pid=6768)[0m           'val_batch_size': None,
[36m(main_task pid=6768)[0m           'val_files': '~/data/rlhf/gsm8k/test.parquet'},
[36m(main_task pid=6768)[0m  'do_search': True,
[36m(main_task pid=6768)[0m  'max_turns': 6,
[36m(main_task pid=6768)[0m  'reward_model': {'curriculum_bonus_coef': 0.05,
[36m(main_task pid=6768)[0m                   'curriculum_end_turn': 5,
[36m(main_task pid=6768)[0m                   'curriculum_start_turn': 2,
[36m(main_task pid=6768)[0m                   'early_stop_penalty_coef': 0.05,
[36m(main_task pid=6768)[0m                   'enable': False,
[36m(main_task pid=6768)[0m                   'forward_max_token_len_per_gpu': 32768,
[36m(main_task pid=6768)[0m                   'max_length': None,
[36m(main_task pid=6768)[0m                   'micro_batch_size': None,
[36m(main_task pid=6768)[0m                   'micro_batch_size_per_gpu': None,
[36m(main_task pid=6768)[0m                   'model': {'external_lib': None,
[36m(main_task pid=6768)[0m                             'fsdp_config': {'fsdp_size': -1,
[36m(main_task pid=6768)[0m                                             'min_num_params': 0,
[36m(main_task pid=6768)[0m                                             'param_offload': False},
[36m(main_task pid=6768)[0m                             'input_tokenizer': '/root/autodl-tmp/models/Qwen/Qwen2.5-3B-Instruct',
[36m(main_task pid=6768)[0m                             'path': '~/models/FsfairX-LLaMA3-RM-v0.1',
[36m(main_task pid=6768)[0m                             'use_remove_padding': True},
[36m(main_task pid=6768)[0m                   'pbrs_gamma': 0.5,
[36m(main_task pid=6768)[0m                   'query_repetition_penalty_coef': 0.05,
[36m(main_task pid=6768)[0m                   'reward_manager': 'naive',
[36m(main_task pid=6768)[0m                   'strategy': 'fsdp',
[36m(main_task pid=6768)[0m                   'ulysses_sequence_parallel_size': 2,
[36m(main_task pid=6768)[0m                   'use_curriculum': False,
[36m(main_task pid=6768)[0m                   'use_dynamic_bsz': True,
[36m(main_task pid=6768)[0m                   'use_pbrs': False,
[36m(main_task pid=6768)[0m                   'use_query_monitoring': False},
[36m(main_task pid=6768)[0m  'search_engine': 'rag',
[36m(main_task pid=6768)[0m  'trainer': {'critic_warmup': 0,
[36m(main_task pid=6768)[0m              'default_hdfs_dir': None,
[36m(main_task pid=6768)[0m              'default_local_dir': './ckpts/verl_examples/exp03_lora_rank64_alpha16',
[36m(main_task pid=6768)[0m              'del_local_ckpt_after_load': False,
[36m(main_task pid=6768)[0m              'experiment_name': 'exp03_lora_rank64_alpha16',
[36m(main_task pid=6768)[0m              'logger': ['console', 'swanlab'],
[36m(main_task pid=6768)[0m              'n_gpus_per_node': 1,
[36m(main_task pid=6768)[0m              'nnodes': 1,
[36m(main_task pid=6768)[0m              'project_name': 'verl_examples',
[36m(main_task pid=6768)[0m              'remove_previous_ckpt_in_save': False,
[36m(main_task pid=6768)[0m              'resume_from_path': False,
[36m(main_task pid=6768)[0m              'resume_mode': 'auto',
[36m(main_task pid=6768)[0m              'save_freq': 500,
[36m(main_task pid=6768)[0m              'test_freq': 100,
[36m(main_task pid=6768)[0m              'total_epochs': 30,
[36m(main_task pid=6768)[0m              'total_training_steps': 3000,
[36m(main_task pid=6768)[0m              'val_before_train': False,
[36m(main_task pid=6768)[0m              'val_generations_to_log_to_wandb': 0}}
[36m(main_task pid=6768)[0m update signal file finish!
[36m(main_task pid=6768)[0m [validate_config] All configuration checks passed successfully!
[36m(main_task pid=6768)[0m original dataset len: 80000
[36m(main_task pid=6768)[0m filter dataset len: 80000
[36m(main_task pid=6768)[0m original dataset len: 3197
[36m(main_task pid=6768)[0m filter dataset len: 3197
[36m(main_task pid=6768)[0m Size of train dataloader: 156
[36m(main_task pid=6768)[0m Total training steps: 3000
Error executing job with overrides: ['actor_rollout_ref.model.path=/root/autodl-tmp/models/Qwen/Qwen2.5-3B-Instruct', 'actor_rollout_ref.model.use_remove_padding=true', 'actor_rollout_ref.model.use_lora=true', 'actor_rollout_ref.model.lora_rank=64', 'actor_rollout_ref.model.lora_alpha=16', 'actor_rollout_ref.model.lora_dropout=0.0', '+actor_rollout_ref.actor.fsdp_config.model_dtype=bf16', 'actor_rollout_ref.actor.fsdp_config.param_offload=false', 'actor_rollout_ref.actor.fsdp_config.optimizer_offload=False', 'actor_rollout_ref.actor.ulysses_sequence_parallel_size=1', 'actor_rollout_ref.ref.fsdp_config.param_offload=true', 'actor_rollout_ref.ref.ulysses_sequence_parallel_size=1', 'actor_rollout_ref.rollout.tensor_model_parallel_size=1', 'actor_rollout_ref.rollout.gpu_memory_utilization=0.3', 'actor_rollout_ref.rollout.max_model_len=2048', 'actor_rollout_ref.rollout.max_num_batched_tokens=2048', 'critic.model.path=/root/autodl-tmp/models/Qwen/Qwen2.5-3B-Instruct', 'critic.ulysses_sequence_parallel_size=1', 'data.train_files=/root/DeepResearcher/data/train.parquet', 'data.max_prompt_length=512', 'data.max_response_length=512', 'data.train_batch_size=512', '+data.num_workers=0', 'algorithm.adv_estimator=drgrpo', 'algorithm.kl_penalty=kl', 'algorithm.kl_ctrl.type=fixed', 'algorithm.kl_ctrl.kl_coef=0.001', 'algorithm.gamma=1.0', 'algorithm.lam=1.0', 'trainer.total_training_steps=3000', 'trainer.experiment_name=exp03_lora_rank64_alpha16', "trainer.logger=['console','swanlab']", 'trainer.save_freq=500', 'trainer.test_freq=100', '+trainer.val_before_train=false', 'trainer.nnodes=1', 'trainer.n_gpus_per_node=1', 'max_turns=6', 'do_search=true', 'agent_grpo.n=2', 'search_engine=rag', 'reward_model.reward_manager=naive', 'reward_model.use_pbrs=false', 'reward_model.use_curriculum=false', 'reward_model.use_query_monitoring=false', 'algorithm.entropy_bonus_coef=0.0']
Traceback (most recent call last):
  File "/root/DeepResearcher/verl/trainer/main_ppo.py", line 168, in <module>
    main()
  File "/root/miniconda3/lib/python3.12/site-packages/hydra/main.py", line 94, in decorated_main
    _run_hydra(
  File "/root/miniconda3/lib/python3.12/site-packages/hydra/_internal/utils.py", line 394, in _run_hydra
    _run_app(
  File "/root/miniconda3/lib/python3.12/site-packages/hydra/_internal/utils.py", line 457, in _run_app
    run_and_report(
  File "/root/miniconda3/lib/python3.12/site-packages/hydra/_internal/utils.py", line 223, in run_and_report
    raise ex
  File "/root/miniconda3/lib/python3.12/site-packages/hydra/_internal/utils.py", line 220, in run_and_report
    return func()
           ^^^^^^
  File "/root/miniconda3/lib/python3.12/site-packages/hydra/_internal/utils.py", line 458, in <lambda>
    lambda: hydra.run(
            ^^^^^^^^^^
  File "/root/miniconda3/lib/python3.12/site-packages/hydra/_internal/hydra.py", line 132, in run
    _ = ret.return_value
        ^^^^^^^^^^^^^^^^
  File "/root/miniconda3/lib/python3.12/site-packages/hydra/core/utils.py", line 260, in return_value
    raise self._return_value
  File "/root/miniconda3/lib/python3.12/site-packages/hydra/core/utils.py", line 186, in run_job
    ret.return_value = task_function(task_cfg)
                       ^^^^^^^^^^^^^^^^^^^^^^^
  File "/root/DeepResearcher/verl/trainer/main_ppo.py", line 26, in main
    run_ppo(config)
  File "/root/DeepResearcher/verl/trainer/main_ppo.py", line 34, in run_ppo
    ray.get(main_task.remote(config, compute_score))
  File "/root/miniconda3/lib/python3.12/site-packages/ray/_private/auto_init_hook.py", line 22, in auto_init_wrapper
    return fn(*args, **kwargs)
           ^^^^^^^^^^^^^^^^^^^
  File "/root/miniconda3/lib/python3.12/site-packages/ray/_private/client_mode_hook.py", line 107, in wrapper
    return func(*args, **kwargs)
           ^^^^^^^^^^^^^^^^^^^^^
  File "/root/miniconda3/lib/python3.12/site-packages/ray/_private/worker.py", line 2980, in get
    values, debugger_breakpoint = worker.get_objects(
                                  ^^^^^^^^^^^^^^^^^^^
  File "/root/miniconda3/lib/python3.12/site-packages/ray/_private/worker.py", line 1023, in get_objects
    raise value.as_instanceof_cause()
ray.exceptions.RayTaskError(ModuleNotFoundError): [36mray::main_task()[39m (pid=6768, ip=172.17.0.6)
  File "/root/DeepResearcher/verl/trainer/main_ppo.py", line 163, in main_task
    trainer.init_workers()
  File "/root/DeepResearcher/verl/trainer/ppo/ray_trainer.py", line 897, in init_workers
    self.ref_policy_wg.init_model()
  File "/root/DeepResearcher/verl/single_controller/ray/base.py", line 42, in func
    output = ray.get(output)
             ^^^^^^^^^^^^^^^
           ^^^^^^^^^^^^^^^^^^^
           ^^^^^^^^^^^^^^^^^^^^^
                                  ^^^^^^^^^^^^^^^^^^^
ray.exceptions.RayTaskError(ModuleNotFoundError): [36mray::WorkerDict.ref_init_model()[39m (pid=6896, ip=172.17.0.6, actor_id=3af9ac1ca437f98fa50557f201000000, repr=<verl.single_controller.ray.base.WorkerDict object at 0x7fb3409ef4d0>)
           ^^^^^^^^^^^^^^^^^^^^^^^^^^^^^^^^^^^^
           ^^^^^^^^^^^^^^^^^^^^^^^^^^^^^^^
  File "/root/DeepResearcher/verl/single_controller/ray/base.py", line 399, in func
    return getattr(self.worker_dict[key], name)(*args, **kwargs)
           ^^^^^^^^^^^^^^^^^^^^^^^^^^^^^^^^^^^^^^^^^^^^^^^^^^^^^
  File "/root/DeepResearcher/verl/single_controller/base/decorator.py", line 404, in inner
    return func(*args, **kwargs)
           ^^^^^^^^^^^^^^^^^^^^^
  File "/root/DeepResearcher/verl/workers/fsdp_workers.py", line 378, in init_model
    from verl.workers.actor import DataParallelPPOActor
  File "/root/DeepResearcher/verl/workers/actor/__init__.py", line 16, in <module>
    from .dp_actor import DataParallelPPOActor
  File "/root/DeepResearcher/verl/workers/actor/dp_actor.py", line 34, in <module>
    from flash_attn.bert_padding import pad_input, unpad_input, rearrange, index_first_axis
ModuleNotFoundError: No module named 'flash_attn'
Traceback (most recent call last):
  File "/root/DeepResearcher/verl/trainer/main_ppo.py", line 17, in <module>
    from verl.trainer.ppo.ray_trainer import RayPPOTrainer
  File "/root/DeepResearcher/verl/trainer/ppo/ray_trainer.py", line 39, in <module>
    from verl.utils.checkpoint.checkpoint_manager import find_latest_ckpt_path
  File "/root/DeepResearcher/verl/utils/checkpoint/checkpoint_manager.py", line 22, in <module>
    from transformers import PreTrainedTokenizer, ProcessorMixin
  File "<frozen importlib._bootstrap>", line 1412, in _handle_fromlist
  File "/root/miniconda3/lib/python3.12/site-packages/transformers/utils/import_utils.py", line 2249, in __getattr__
    module = self._get_module(self._class_to_module[name])
             ^^^^^^^^^^^^^^^^^^^^^^^^^^^^^^^^^^^^^^^^^^^^^
  File "/root/miniconda3/lib/python3.12/site-packages/transformers/utils/import_utils.py", line 2483, in _get_module
    raise e
  File "/root/miniconda3/lib/python3.12/site-packages/transformers/utils/import_utils.py", line 2481, in _get_module
    return importlib.import_module("." + module_name, self.__name__)
           ^^^^^^^^^^^^^^^^^^^^^^^^^^^^^^^^^^^^^^^^^^^^^^^^^^^^^^^^^
  File "/root/miniconda3/lib/python3.12/importlib/__init__.py", line 90, in import_module
    return _bootstrap._gcd_import(name[level:], package, level)
           ^^^^^^^^^^^^^^^^^^^^^^^^^^^^^^^^^^^^^^^^^^^^^^^^^^^^
  File "/root/miniconda3/lib/python3.12/site-packages/transformers/processing_utils.py", line 63, in <module>
    from .utils.type_validators import (
  File "/root/miniconda3/lib/python3.12/site-packages/transformers/utils/type_validators.py", line 19, in <module>
    from ..activations import ACT2FN
  File "/root/miniconda3/lib/python3.12/site-packages/transformers/activations.py", line 22, in <module>
    from .integrations.hub_kernels import use_kernel_forward_from_hub
  File "/root/miniconda3/lib/python3.12/site-packages/transformers/integrations/hub_kernels.py", line 25, in <module>
    from .flash_attention import flash_attention_forward
  File "/root/miniconda3/lib/python3.12/site-packages/transformers/integrations/flash_attention.py", line 9, in <module>
    _use_top_left_mask = flash_attn_supports_top_left_mask()
                         ^^^^^^^^^^^^^^^^^^^^^^^^^^^^^^^^^^^
  File "/root/miniconda3/lib/python3.12/site-packages/transformers/modeling_flash_attention_utils.py", line 43, in flash_attn_supports_top_left_mask
    if is_flash_attn_2_available() or is_flash_attn_3_available() or is_flash_attn_4_available():
       ^^^^^^^^^^^^^^^^^^^^^^^^^^^
  File "/root/miniconda3/lib/python3.12/site-packages/transformers/utils/import_utils.py", line 988, in is_flash_attn_2_available
    pkg.replace("_", "-") for pkg in PACKAGE_DISTRIBUTION_MAPPING["flash_attn"]
                                     ~~~~~~~~~~~~~~~~~~~~~~~~~~~~^^^^^^^^^^^^^^
KeyError: 'flash_attn'
2026-05-25 13:32:24,575	WARNING utils.py:461 -- Detecting docker specified CPUs. In previous versions of Ray, CPU detection in containers was incorrect. Please ensure that Ray has enough CPUs allocated. As a temporary workaround to revert to the prior behavior, set `RAY_USE_MULTIPROCESSING_CPU_COUNT=1` as an env var before starting Ray. Set the env var: `RAY_DISABLE_DOCKER_CPU_WARNING=1` to mute this warning.
2026-05-25 13:32:27,869	INFO worker.py:2012 -- Started a local Ray instance.
/root/miniconda3/lib/python3.12/site-packages/ray/_private/worker.py:2051: FutureWarning: Tip: In future versions of Ray, Ray will no longer override accelerator visible devices env var if num_gpus=0 or num_gpus=None (default). To enable this behavior and turn off this error message, set RAY_ACCEL_ENV_VAR_OVERRIDE_ON_ZERO=0
  warnings.warn(
[36m(main_task pid=9684)[0m {'actor_rollout_ref': {'actor': {'clip_ratio': 0.2,
[36m(main_task pid=9684)[0m                                  'entropy_coeff': 0.001,
[36m(main_task pid=9684)[0m                                  'fsdp_config': {'fsdp_size': -1,
[36m(main_task pid=9684)[0m                                                  'model_dtype': 'bf16',
[36m(main_task pid=9684)[0m                                                  'optimizer_offload': False,
[36m(main_task pid=9684)[0m                                                  'param_offload': False,
[36m(main_task pid=9684)[0m                                                  'wrap_policy': {'min_num_params': 0}},
[36m(main_task pid=9684)[0m                                  'grad_clip': 1.0,
[36m(main_task pid=9684)[0m                                  'kl_loss_coef': 0.001,
[36m(main_task pid=9684)[0m                                  'kl_loss_type': 'low_var_kl',
[36m(main_task pid=9684)[0m                                  'optim': {'lr': 1e-06,
[36m(main_task pid=9684)[0m                                            'lr_warmup_steps_ratio': 0.0,
[36m(main_task pid=9684)[0m                                            'min_lr_ratio': None,
[36m(main_task pid=9684)[0m                                            'total_training_steps': -1,
[36m(main_task pid=9684)[0m                                            'warmup_style': 'constant'},
[36m(main_task pid=9684)[0m                                  'ppo_epochs': 1,
[36m(main_task pid=9684)[0m                                  'ppo_max_token_len_per_gpu': 8192,
[36m(main_task pid=9684)[0m                                  'ppo_micro_batch_size': None,
[36m(main_task pid=9684)[0m                                  'ppo_micro_batch_size_per_gpu': None,
[36m(main_task pid=9684)[0m                                  'ppo_mini_batch_size': 256,
[36m(main_task pid=9684)[0m                                  'shuffle': False,
[36m(main_task pid=9684)[0m                                  'strategy': 'fsdp',
[36m(main_task pid=9684)[0m                                  'ulysses_sequence_parallel_size': 1,
[36m(main_task pid=9684)[0m                                  'use_dynamic_bsz': True,
[36m(main_task pid=9684)[0m                                  'use_kl_loss': True},
[36m(main_task pid=9684)[0m                        'hybrid_engine': True,
[36m(main_task pid=9684)[0m                        'model': {'enable_gradient_checkpointing': True,
[36m(main_task pid=9684)[0m                                  'external_lib': None,
[36m(main_task pid=9684)[0m                                  'lora_alpha': 16,
[36m(main_task pid=9684)[0m                                  'lora_dropout': 0.0,
[36m(main_task pid=9684)[0m                                  'lora_rank': 64,
[36m(main_task pid=9684)[0m                                  'override_config': {},
[36m(main_task pid=9684)[0m                                  'path': '/root/autodl-tmp/models/Qwen/Qwen2.5-3B-Instruct',
[36m(main_task pid=9684)[0m                                  'use_lora': True,
[36m(main_task pid=9684)[0m                                  'use_remove_padding': True},
[36m(main_task pid=9684)[0m                        'ref': {'fsdp_config': {'param_offload': True,
[36m(main_task pid=9684)[0m                                                'wrap_policy': {'min_num_params': 0}},
[36m(main_task pid=9684)[0m                                'log_prob_max_token_len_per_gpu': 8192,
[36m(main_task pid=9684)[0m                                'log_prob_micro_batch_size': None,
[36m(main_task pid=9684)[0m                                'log_prob_micro_batch_size_per_gpu': None,
[36m(main_task pid=9684)[0m                                'log_prob_use_dynamic_bsz': True,
[36m(main_task pid=9684)[0m                                'ulysses_sequence_parallel_size': 1},
[36m(main_task pid=9684)[0m                        'rollout': {'disable_log_stats': True,
[36m(main_task pid=9684)[0m                                    'do_sample': True,
[36m(main_task pid=9684)[0m                                    'dtype': 'bfloat16',
[36m(main_task pid=9684)[0m                                    'enable_chunked_prefill': True,
[36m(main_task pid=9684)[0m                                    'enforce_eager': True,
[36m(main_task pid=9684)[0m                                    'free_cache_engine': True,
[36m(main_task pid=9684)[0m                                    'gpu_memory_utilization': 0.3,
[36m(main_task pid=9684)[0m                                    'ignore_eos': False,
[36m(main_task pid=9684)[0m                                    'load_format': 'dummy_dtensor',
[36m(main_task pid=9684)[0m                                    'log_prob_max_token_len_per_gpu': 8192,
[36m(main_task pid=9684)[0m                                    'log_prob_micro_batch_size': None,
[36m(main_task pid=9684)[0m                                    'log_prob_micro_batch_size_per_gpu': None,
[36m(main_task pid=9684)[0m                                    'log_prob_use_dynamic_bsz': True,
[36m(main_task pid=9684)[0m                                    'max_model_len': 2048,
[36m(main_task pid=9684)[0m                                    'max_num_batched_tokens': 2048,
[36m(main_task pid=9684)[0m                                    'max_num_seqs': 1024,
[36m(main_task pid=9684)[0m                                    'n': 1,
[36m(main_task pid=9684)[0m                                    'name': 'vllm',
[36m(main_task pid=9684)[0m                                    'prompt_length': 512,
[36m(main_task pid=9684)[0m                                    'response_length': 512,
[36m(main_task pid=9684)[0m                                    'temperature': 1.0,
[36m(main_task pid=9684)[0m                                    'tensor_model_parallel_size': 1,
[36m(main_task pid=9684)[0m                                    'top_k': -1,
[36m(main_task pid=9684)[0m                                    'top_p': 1,
[36m(main_task pid=9684)[0m                                    'use_fire_sampling': False}},
[36m(main_task pid=9684)[0m  'agent_grpo': {'n': 2},
[36m(main_task pid=9684)[0m  'algorithm': {'adv_estimator': 'drgrpo',
[36m(main_task pid=9684)[0m                'entropy_bonus_coef': 0.0,
[36m(main_task pid=9684)[0m                'gamma': 1.0,
[36m(main_task pid=9684)[0m                'kl_ctrl': {'kl_coef': 0.001, 'type': 'fixed'},
[36m(main_task pid=9684)[0m                'kl_penalty': 'kl',
[36m(main_task pid=9684)[0m                'lam': 1.0},
[36m(main_task pid=9684)[0m  'critic': {'cliprange_value': 0.5,
[36m(main_task pid=9684)[0m             'forward_max_token_len_per_gpu': 32768,
[36m(main_task pid=9684)[0m             'forward_micro_batch_size': None,
[36m(main_task pid=9684)[0m             'forward_micro_batch_size_per_gpu': None,
[36m(main_task pid=9684)[0m             'grad_clip': 1.0,
[36m(main_task pid=9684)[0m             'model': {'enable_gradient_checkpointing': True,
[36m(main_task pid=9684)[0m                       'external_lib': None,
[36m(main_task pid=9684)[0m                       'fsdp_config': {'fsdp_size': -1,
[36m(main_task pid=9684)[0m                                       'optimizer_offload': False,
[36m(main_task pid=9684)[0m                                       'param_offload': False,
[36m(main_task pid=9684)[0m                                       'wrap_policy': {'min_num_params': 0}},
[36m(main_task pid=9684)[0m                       'override_config': {},
[36m(main_task pid=9684)[0m                       'path': '/root/autodl-tmp/models/Qwen/Qwen2.5-3B-Instruct',
[36m(main_task pid=9684)[0m                       'tokenizer_path': '/root/autodl-tmp/models/Qwen/Qwen2.5-3B-Instruct',
[36m(main_task pid=9684)[0m                       'use_remove_padding': True},
[36m(main_task pid=9684)[0m             'optim': {'lr': 1e-05,
[36m(main_task pid=9684)[0m                       'lr_warmup_steps_ratio': 0.0,
[36m(main_task pid=9684)[0m W0525 13:32:36.454000 9684 site-packages/torch/utils/cpp_extension.py:140] No CUDA runtime is found, using CUDA_HOME='/usr/local/cuda'
[36m(main_task pid=9684)[0m                       'min_lr_ratio': None,
[36m(main_task pid=9684)[0m                       'total_training_steps': -1,
[36m(main_task pid=9684)[0m                       'warmup_style': 'constant'},
[36m(main_task pid=9684)[0m             'ppo_epochs': 1,
[36m(main_task pid=9684)[0m             'ppo_max_token_len_per_gpu': 32768,
[36m(main_task pid=9684)[0m             'ppo_micro_batch_size': None,
[36m(main_task pid=9684)[0m             'ppo_micro_batch_size_per_gpu': None,
[36m(main_task pid=9684)[0m             'ppo_mini_batch_size': 256,
[36m(main_task pid=9684)[0m             'shuffle': False,
[36m(main_task pid=9684)[0m             'strategy': 'fsdp',
[36m(main_task pid=9684)[0m             'ulysses_sequence_parallel_size': 1,
[36m(main_task pid=9684)[0m             'use_dynamic_bsz': True},
[36m(main_task pid=9684)[0m  'data': {'data_writing_file': './signal/data.json',
[36m(main_task pid=9684)[0m           'image_key': 'images',
[36m(main_task pid=9684)[0m           'max_prompt_length': 512,
[36m(main_task pid=9684)[0m           'max_response_length': 512,
[36m(main_task pid=9684)[0m           'n_gpus_per_node': 8,
[36m(main_task pid=9684)[0m           'num_workers': 0,
[36m(main_task pid=9684)[0m           'prompt_key': 'prompt',
[36m(main_task pid=9684)[0m           'query_signal': 1,
[36m(main_task pid=9684)[0m           'response_signal': 0,
[36m(main_task pid=9684)[0m           'return_raw_chat': False,
[36m(main_task pid=9684)[0m           'return_raw_input_ids': False,
[36m(main_task pid=9684)[0m           'shuffle': True,
[36m(main_task pid=9684)[0m           'signal_writing_file': './signal/signal.json',
[36m(main_task pid=9684)[0m           'tokenizer': None,
[36m(main_task pid=9684)[0m           'train_batch_size': 512,
[36m(main_task pid=9684)[0m           'train_files': '/root/DeepResearcher/data/train.parquet',
[36m(main_task pid=9684)[0m           'val_batch_size': None,
[36m(main_task pid=9684)[0m           'val_files': '~/data/rlhf/gsm8k/test.parquet'},
[36m(main_task pid=9684)[0m  'do_search': True,
[36m(main_task pid=9684)[0m  'max_turns': 6,
[36m(main_task pid=9684)[0m  'reward_model': {'curriculum_bonus_coef': 0.05,
[36m(main_task pid=9684)[0m                   'curriculum_end_turn': 5,
[36m(main_task pid=9684)[0m                   'curriculum_start_turn': 2,
[36m(main_task pid=9684)[0m                   'early_stop_penalty_coef': 0.05,
[36m(main_task pid=9684)[0m                   'enable': False,
[36m(main_task pid=9684)[0m                   'forward_max_token_len_per_gpu': 32768,
[36m(main_task pid=9684)[0m                   'max_length': None,
[36m(main_task pid=9684)[0m                   'micro_batch_size': None,
[36m(main_task pid=9684)[0m                   'micro_batch_size_per_gpu': None,
[36m(main_task pid=9684)[0m                   'model': {'external_lib': None,
[36m(main_task pid=9684)[0m                             'fsdp_config': {'fsdp_size': -1,
[36m(main_task pid=9684)[0m                                             'min_num_params': 0,
[36m(main_task pid=9684)[0m                                             'param_offload': False},
[36m(main_task pid=9684)[0m                             'input_tokenizer': '/root/autodl-tmp/models/Qwen/Qwen2.5-3B-Instruct',
[36m(main_task pid=9684)[0m                             'path': '~/models/FsfairX-LLaMA3-RM-v0.1',
[36m(main_task pid=9684)[0m                             'use_remove_padding': True},
[36m(main_task pid=9684)[0m                   'pbrs_gamma': 0.5,
[36m(main_task pid=9684)[0m                   'query_repetition_penalty_coef': 0.05,
[36m(main_task pid=9684)[0m                   'reward_manager': 'naive',
[36m(main_task pid=9684)[0m                   'strategy': 'fsdp',
[36m(main_task pid=9684)[0m                   'ulysses_sequence_parallel_size': 2,
[36m(main_task pid=9684)[0m                   'use_curriculum': False,
[36m(main_task pid=9684)[0m                   'use_dynamic_bsz': True,
[36m(main_task pid=9684)[0m                   'use_pbrs': False,
[36m(main_task pid=9684)[0m                   'use_query_monitoring': False},
[36m(main_task pid=9684)[0m  'search_engine': 'rag',
[36m(main_task pid=9684)[0m  'trainer': {'critic_warmup': 0,
[36m(main_task pid=9684)[0m              'default_hdfs_dir': None,
[36m(main_task pid=9684)[0m              'default_local_dir': './ckpts/verl_examples/exp03_lora_rank64_alpha16',
[36m(main_task pid=9684)[0m              'del_local_ckpt_after_load': False,
[36m(main_task pid=9684)[0m              'experiment_name': 'exp03_lora_rank64_alpha16',
[36m(main_task pid=9684)[0m              'logger': ['console', 'swanlab'],
[36m(main_task pid=9684)[0m              'n_gpus_per_node': 1,
[36m(main_task pid=9684)[0m              'nnodes': 1,
[36m(main_task pid=9684)[0m              'project_name': 'verl_examples',
[36m(main_task pid=9684)[0m              'remove_previous_ckpt_in_save': False,
[36m(main_task pid=9684)[0m              'resume_from_path': False,
[36m(main_task pid=9684)[0m              'resume_mode': 'auto',
[36m(main_task pid=9684)[0m              'save_freq': 500,
[36m(main_task pid=9684)[0m              'test_freq': 100,
[36m(main_task pid=9684)[0m              'total_epochs': 30,
[36m(main_task pid=9684)[0m              'total_training_steps': 3000,
[36m(main_task pid=9684)[0m              'val_before_train': False,
[36m(main_task pid=9684)[0m              'val_generations_to_log_to_wandb': 0}}
[36m(main_task pid=9684)[0m update signal file finish!
[36m(main_task pid=9684)[0m [validate_config] All configuration checks passed successfully!
[36m(main_task pid=9684)[0m original dataset len: 80000
[36m(main_task pid=9684)[0m filter dataset len: 80000
[36m(main_task pid=9684)[0m original dataset len: 3197
[36m(main_task pid=9684)[0m filter dataset len: 3197
[36m(main_task pid=9684)[0m Size of train dataloader: 156
[36m(main_task pid=9684)[0m Total training steps: 3000
Error executing job with overrides: ['actor_rollout_ref.model.path=/root/autodl-tmp/models/Qwen/Qwen2.5-3B-Instruct', 'actor_rollout_ref.model.use_remove_padding=true', 'actor_rollout_ref.model.use_lora=true', 'actor_rollout_ref.model.lora_rank=64', 'actor_rollout_ref.model.lora_alpha=16', 'actor_rollout_ref.model.lora_dropout=0.0', '+actor_rollout_ref.actor.fsdp_config.model_dtype=bf16', 'actor_rollout_ref.actor.fsdp_config.param_offload=false', 'actor_rollout_ref.actor.fsdp_config.optimizer_offload=False', 'actor_rollout_ref.actor.ulysses_sequence_parallel_size=1', 'actor_rollout_ref.ref.fsdp_config.param_offload=true', 'actor_rollout_ref.ref.ulysses_sequence_parallel_size=1', 'actor_rollout_ref.rollout.tensor_model_parallel_size=1', 'actor_rollout_ref.rollout.gpu_memory_utilization=0.3', 'actor_rollout_ref.rollout.max_model_len=2048', 'actor_rollout_ref.rollout.max_num_batched_tokens=2048', 'critic.model.path=/root/autodl-tmp/models/Qwen/Qwen2.5-3B-Instruct', 'critic.ulysses_sequence_parallel_size=1', 'data.train_files=/root/DeepResearcher/data/train.parquet', 'data.max_prompt_length=512', 'data.max_response_length=512', 'data.train_batch_size=512', '+data.num_workers=0', 'algorithm.adv_estimator=drgrpo', 'algorithm.kl_penalty=kl', 'algorithm.kl_ctrl.type=fixed', 'algorithm.kl_ctrl.kl_coef=0.001', 'algorithm.gamma=1.0', 'algorithm.lam=1.0', 'trainer.total_training_steps=3000', 'trainer.experiment_name=exp03_lora_rank64_alpha16', "trainer.logger=['console','swanlab']", 'trainer.save_freq=500', 'trainer.test_freq=100', '+trainer.val_before_train=false', 'trainer.nnodes=1', 'trainer.n_gpus_per_node=1', 'max_turns=6', 'do_search=true', 'agent_grpo.n=2', 'search_engine=rag', 'reward_model.reward_manager=naive', 'reward_model.use_pbrs=false', 'reward_model.use_curriculum=false', 'reward_model.use_query_monitoring=false', 'algorithm.entropy_bonus_coef=0.0']
Traceback (most recent call last):
  File "/root/DeepResearcher/verl/trainer/main_ppo.py", line 168, in <module>
    main()
  File "/root/miniconda3/lib/python3.12/site-packages/hydra/main.py", line 94, in decorated_main
    _run_hydra(
  File "/root/miniconda3/lib/python3.12/site-packages/hydra/_internal/utils.py", line 394, in _run_hydra
    _run_app(
  File "/root/miniconda3/lib/python3.12/site-packages/hydra/_internal/utils.py", line 457, in _run_app
    run_and_report(
  File "/root/miniconda3/lib/python3.12/site-packages/hydra/_internal/utils.py", line 223, in run_and_report
    raise ex
  File "/root/miniconda3/lib/python3.12/site-packages/hydra/_internal/utils.py", line 220, in run_and_report
    return func()
           ^^^^^^
  File "/root/miniconda3/lib/python3.12/site-packages/hydra/_internal/utils.py", line 458, in <lambda>
    lambda: hydra.run(
            ^^^^^^^^^^
  File "/root/miniconda3/lib/python3.12/site-packages/hydra/_internal/hydra.py", line 132, in run
    _ = ret.return_value
        ^^^^^^^^^^^^^^^^
  File "/root/miniconda3/lib/python3.12/site-packages/hydra/core/utils.py", line 260, in return_value
    raise self._return_value
  File "/root/miniconda3/lib/python3.12/site-packages/hydra/core/utils.py", line 186, in run_job
    ret.return_value = task_function(task_cfg)
                       ^^^^^^^^^^^^^^^^^^^^^^^
  File "/root/DeepResearcher/verl/trainer/main_ppo.py", line 26, in main
    run_ppo(config)
  File "/root/DeepResearcher/verl/trainer/main_ppo.py", line 34, in run_ppo
    ray.get(main_task.remote(config, compute_score))
  File "/root/miniconda3/lib/python3.12/site-packages/ray/_private/auto_init_hook.py", line 22, in auto_init_wrapper
    return fn(*args, **kwargs)
           ^^^^^^^^^^^^^^^^^^^
  File "/root/miniconda3/lib/python3.12/site-packages/ray/_private/client_mode_hook.py", line 107, in wrapper
    return func(*args, **kwargs)
           ^^^^^^^^^^^^^^^^^^^^^
  File "/root/miniconda3/lib/python3.12/site-packages/ray/_private/worker.py", line 2980, in get
    values, debugger_breakpoint = worker.get_objects(
                                  ^^^^^^^^^^^^^^^^^^^
  File "/root/miniconda3/lib/python3.12/site-packages/ray/_private/worker.py", line 1023, in get_objects
    raise value.as_instanceof_cause()
ray.exceptions.RayTaskError(ImportError): [36mray::main_task()[39m (pid=9684, ip=172.17.0.6)
  File "/root/DeepResearcher/verl/trainer/main_ppo.py", line 163, in main_task
    trainer.init_workers()
  File "/root/DeepResearcher/verl/trainer/ppo/ray_trainer.py", line 897, in init_workers
    self.ref_policy_wg.init_model()
  File "/root/DeepResearcher/verl/single_controller/ray/base.py", line 42, in func
    output = ray.get(output)
             ^^^^^^^^^^^^^^^
           ^^^^^^^^^^^^^^^^^^^
           ^^^^^^^^^^^^^^^^^^^^^
                                  ^^^^^^^^^^^^^^^^^^^
ray.exceptions.RayTaskError(ImportError): [36mray::WorkerDict.ref_init_model()[39m (pid=9815, ip=172.17.0.6, actor_id=6b48b3d7e7c894765584751001000000, repr=<verl.single_controller.ray.base.WorkerDict object at 0x7f1da3f42f00>)
           ^^^^^^^^^^^^^^^^^^^^^^^^^^^^^^^^^^^^
           ^^^^^^^^^^^^^^^^^^^^^^^^^^^^^^^
  File "/root/DeepResearcher/verl/single_controller/ray/base.py", line 399, in func
    return getattr(self.worker_dict[key], name)(*args, **kwargs)
           ^^^^^^^^^^^^^^^^^^^^^^^^^^^^^^^^^^^^^^^^^^^^^^^^^^^^^
  File "/root/DeepResearcher/verl/single_controller/base/decorator.py", line 404, in inner
    return func(*args, **kwargs)
           ^^^^^^^^^^^^^^^^^^^^^
  File "/root/DeepResearcher/verl/workers/fsdp_workers.py", line 451, in init_model
    self.ref_module_fsdp = self._build_model_optimizer(model_path=self.config.model.path,
                           ^^^^^^^^^^^^^^^^^^^^^^^^^^^^^^^^^^^^^^^^^^^^^^^^^^^^^^^^^^^^^^
  File "/root/DeepResearcher/verl/workers/fsdp_workers.py", line 160, in _build_model_optimizer
    from transformers import AutoModelForCausalLM, AutoConfig, AutoModelForVision2Seq
ImportError: cannot import name 'AutoModelForVision2Seq' from 'transformers' (/root/miniconda3/lib/python3.12/site-packages/transformers/__init__.py)
2026-05-25 13:34:25,896	WARNING utils.py:461 -- Detecting docker specified CPUs. In previous versions of Ray, CPU detection in containers was incorrect. Please ensure that Ray has enough CPUs allocated. As a temporary workaround to revert to the prior behavior, set `RAY_USE_MULTIPROCESSING_CPU_COUNT=1` as an env var before starting Ray. Set the env var: `RAY_DISABLE_DOCKER_CPU_WARNING=1` to mute this warning.
2026-05-25 13:34:28,173	INFO worker.py:2012 -- Started a local Ray instance.
/root/miniconda3/lib/python3.12/site-packages/ray/_private/worker.py:2051: FutureWarning: Tip: In future versions of Ray, Ray will no longer override accelerator visible devices env var if num_gpus=0 or num_gpus=None (default). To enable this behavior and turn off this error message, set RAY_ACCEL_ENV_VAR_OVERRIDE_ON_ZERO=0
  warnings.warn(
[36m(main_task pid=12097)[0m {'actor_rollout_ref': {'actor': {'clip_ratio': 0.2,
[36m(main_task pid=12097)[0m                                  'entropy_coeff': 0.001,
[36m(main_task pid=12097)[0m                                  'fsdp_config': {'fsdp_size': -1,
[36m(main_task pid=12097)[0m                                                  'model_dtype': 'bf16',
[36m(main_task pid=12097)[0m                                                  'optimizer_offload': False,
[36m(main_task pid=12097)[0m                                                  'param_offload': False,
[36m(main_task pid=12097)[0m                                                  'wrap_policy': {'min_num_params': 0}},
[36m(main_task pid=12097)[0m                                  'grad_clip': 1.0,
[36m(main_task pid=12097)[0m                                  'kl_loss_coef': 0.001,
[36m(main_task pid=12097)[0m                                  'kl_loss_type': 'low_var_kl',
[36m(main_task pid=12097)[0m                                  'optim': {'lr': 1e-06,
[36m(main_task pid=12097)[0m                                            'lr_warmup_steps_ratio': 0.0,
[36m(main_task pid=12097)[0m                                            'min_lr_ratio': None,
[36m(main_task pid=12097)[0m                                            'total_training_steps': -1,
[36m(main_task pid=12097)[0m                                            'warmup_style': 'constant'},
[36m(main_task pid=12097)[0m                                  'ppo_epochs': 1,
[36m(main_task pid=12097)[0m                                  'ppo_max_token_len_per_gpu': 8192,
[36m(main_task pid=12097)[0m                                  'ppo_micro_batch_size': None,
[36m(main_task pid=12097)[0m                                  'ppo_micro_batch_size_per_gpu': None,
[36m(main_task pid=12097)[0m                                  'ppo_mini_batch_size': 256,
[36m(main_task pid=12097)[0m                                  'shuffle': False,
[36m(main_task pid=12097)[0m                                  'strategy': 'fsdp',
[36m(main_task pid=12097)[0m                                  'ulysses_sequence_parallel_size': 1,
[36m(main_task pid=12097)[0m                                  'use_dynamic_bsz': True,
[36m(main_task pid=12097)[0m                                  'use_kl_loss': True},
[36m(main_task pid=12097)[0m                        'hybrid_engine': True,
[36m(main_task pid=12097)[0m                        'model': {'enable_gradient_checkpointing': True,
[36m(main_task pid=12097)[0m                                  'external_lib': None,
[36m(main_task pid=12097)[0m                                  'lora_alpha': 16,
[36m(main_task pid=12097)[0m                                  'lora_dropout': 0.0,
[36m(main_task pid=12097)[0m                                  'lora_rank': 64,
[36m(main_task pid=12097)[0m                                  'override_config': {},
[36m(main_task pid=12097)[0m                                  'path': '/root/autodl-tmp/models/Qwen/Qwen2.5-3B-Instruct',
[36m(main_task pid=12097)[0m                                  'use_lora': True,
[36m(main_task pid=12097)[0m                                  'use_remove_padding': True},
[36m(main_task pid=12097)[0m                        'ref': {'fsdp_config': {'param_offload': True,
[36m(main_task pid=12097)[0m                                                'wrap_policy': {'min_num_params': 0}},
[36m(main_task pid=12097)[0m                                'log_prob_max_token_len_per_gpu': 8192,
[36m(main_task pid=12097)[0m                                'log_prob_micro_batch_size': None,
[36m(main_task pid=12097)[0m                                'log_prob_micro_batch_size_per_gpu': None,
[36m(main_task pid=12097)[0m                                'log_prob_use_dynamic_bsz': True,
[36m(main_task pid=12097)[0m                                'ulysses_sequence_parallel_size': 1},
[36m(main_task pid=12097)[0m                        'rollout': {'disable_log_stats': True,
[36m(main_task pid=12097)[0m                                    'do_sample': True,
[36m(main_task pid=12097)[0m                                    'dtype': 'bfloat16',
[36m(main_task pid=12097)[0m                                    'enable_chunked_prefill': True,
[36m(main_task pid=12097)[0m                                    'enforce_eager': True,
[36m(main_task pid=12097)[0m                                    'free_cache_engine': True,
[36m(main_task pid=12097)[0m                                    'gpu_memory_utilization': 0.3,
[36m(main_task pid=12097)[0m                                    'ignore_eos': False,
[36m(main_task pid=12097)[0m                                    'load_format': 'dummy_dtensor',
[36m(main_task pid=12097)[0m                                    'log_prob_max_token_len_per_gpu': 8192,
[36m(main_task pid=12097)[0m                                    'log_prob_micro_batch_size': None,
[36m(main_task pid=12097)[0m                                    'log_prob_micro_batch_size_per_gpu': None,
[36m(main_task pid=12097)[0m                                    'log_prob_use_dynamic_bsz': True,
[36m(main_task pid=12097)[0m                                    'max_model_len': 2048,
[36m(main_task pid=12097)[0m                                    'max_num_batched_tokens': 2048,
[36m(main_task pid=12097)[0m                                    'max_num_seqs': 1024,
[36m(main_task pid=12097)[0m                                    'n': 1,
[36m(main_task pid=12097)[0m                                    'name': 'vllm',
[36m(main_task pid=12097)[0m                                    'prompt_length': 512,
[36m(main_task pid=12097)[0m                                    'response_length': 512,
[36m(main_task pid=12097)[0m                                    'temperature': 1.0,
[36m(main_task pid=12097)[0m                                    'tensor_model_parallel_size': 1,
[36m(main_task pid=12097)[0m                                    'top_k': -1,
[36m(main_task pid=12097)[0m                                    'top_p': 1,
[36m(main_task pid=12097)[0m                                    'use_fire_sampling': False}},
[36m(main_task pid=12097)[0m  'agent_grpo': {'n': 2},
[36m(main_task pid=12097)[0m  'algorithm': {'adv_estimator': 'drgrpo',
[36m(main_task pid=12097)[0m                'entropy_bonus_coef': 0.0,
[36m(main_task pid=12097)[0m                'gamma': 1.0,
[36m(main_task pid=12097)[0m                'kl_ctrl': {'kl_coef': 0.001, 'type': 'fixed'},
[36m(main_task pid=12097)[0m                'kl_penalty': 'kl',
[36m(main_task pid=12097)[0m                'lam': 1.0},
[36m(main_task pid=12097)[0m  'critic': {'cliprange_value': 0.5,
[36m(main_task pid=12097)[0m             'forward_max_token_len_per_gpu': 32768,
[36m(main_task pid=12097)[0m             'forward_micro_batch_size': None,
[36m(main_task pid=12097)[0m             'forward_micro_batch_size_per_gpu': None,
[36m(main_task pid=12097)[0m             'grad_clip': 1.0,
[36m(main_task pid=12097)[0m             'model': {'enable_gradient_checkpointing': True,
[36m(main_task pid=12097)[0m                       'external_lib': None,
[36m(main_task pid=12097)[0m                       'fsdp_config': {'fsdp_size': -1,
[36m(main_task pid=12097)[0m                                       'optimizer_offload': False,
[36m(main_task pid=12097)[0m                                       'param_offload': False,
[36m(main_task pid=12097)[0m                                       'wrap_policy': {'min_num_params': 0}},
[36m(main_task pid=12097)[0m                       'override_config': {},
[36m(main_task pid=12097)[0m                       'path': '/root/autodl-tmp/models/Qwen/Qwen2.5-3B-Instruct',
[36m(main_task pid=12097)[0m                       'tokenizer_path': '/root/autodl-tmp/models/Qwen/Qwen2.5-3B-Instruct',
[36m(main_task pid=12097)[0m                       'use_remove_padding': True},
[36m(main_task pid=12097)[0m             'optim': {'lr': 1e-05,
[36m(main_task pid=12097)[0m W0525 13:34:36.747000 12097 site-packages/torch/utils/cpp_extension.py:140] No CUDA runtime is found, using CUDA_HOME='/usr/local/cuda'
[36m(main_task pid=12097)[0m                       'lr_warmup_steps_ratio': 0.0,
[36m(main_task pid=12097)[0m                       'min_lr_ratio': None,
[36m(main_task pid=12097)[0m                       'total_training_steps': -1,
[36m(main_task pid=12097)[0m                       'warmup_style': 'constant'},
[36m(main_task pid=12097)[0m             'ppo_epochs': 1,
[36m(main_task pid=12097)[0m             'ppo_max_token_len_per_gpu': 32768,
[36m(main_task pid=12097)[0m             'ppo_micro_batch_size': None,
[36m(main_task pid=12097)[0m             'ppo_micro_batch_size_per_gpu': None,
[36m(main_task pid=12097)[0m             'ppo_mini_batch_size': 256,
[36m(main_task pid=12097)[0m             'shuffle': False,
[36m(main_task pid=12097)[0m             'strategy': 'fsdp',
[36m(main_task pid=12097)[0m             'ulysses_sequence_parallel_size': 1,
[36m(main_task pid=12097)[0m             'use_dynamic_bsz': True},
[36m(main_task pid=12097)[0m  'data': {'data_writing_file': './signal/data.json',
[36m(main_task pid=12097)[0m           'image_key': 'images',
[36m(main_task pid=12097)[0m           'max_prompt_length': 512,
[36m(main_task pid=12097)[0m           'max_response_length': 512,
[36m(main_task pid=12097)[0m           'n_gpus_per_node': 8,
[36m(main_task pid=12097)[0m           'num_workers': 0,
[36m(main_task pid=12097)[0m           'prompt_key': 'prompt',
[36m(main_task pid=12097)[0m           'query_signal': 1,
[36m(main_task pid=12097)[0m           'response_signal': 0,
[36m(main_task pid=12097)[0m           'return_raw_chat': False,
[36m(main_task pid=12097)[0m           'return_raw_input_ids': False,
[36m(main_task pid=12097)[0m           'shuffle': True,
[36m(main_task pid=12097)[0m           'signal_writing_file': './signal/signal.json',
[36m(main_task pid=12097)[0m           'tokenizer': None,
[36m(main_task pid=12097)[0m           'train_batch_size': 512,
[36m(main_task pid=12097)[0m           'train_files': '/root/DeepResearcher/data/train.parquet',
[36m(main_task pid=12097)[0m           'val_batch_size': None,
[36m(main_task pid=12097)[0m           'val_files': '~/data/rlhf/gsm8k/test.parquet'},
[36m(main_task pid=12097)[0m  'do_search': True,
[36m(main_task pid=12097)[0m  'max_turns': 6,
[36m(main_task pid=12097)[0m  'reward_model': {'curriculum_bonus_coef': 0.05,
[36m(main_task pid=12097)[0m                   'curriculum_end_turn': 5,
[36m(main_task pid=12097)[0m                   'curriculum_start_turn': 2,
[36m(main_task pid=12097)[0m                   'early_stop_penalty_coef': 0.05,
[36m(main_task pid=12097)[0m                   'enable': False,
[36m(main_task pid=12097)[0m                   'forward_max_token_len_per_gpu': 32768,
[36m(main_task pid=12097)[0m                   'max_length': None,
[36m(main_task pid=12097)[0m                   'micro_batch_size': None,
[36m(main_task pid=12097)[0m                   'micro_batch_size_per_gpu': None,
[36m(main_task pid=12097)[0m                   'model': {'external_lib': None,
[36m(main_task pid=12097)[0m                             'fsdp_config': {'fsdp_size': -1,
[36m(main_task pid=12097)[0m                                             'min_num_params': 0,
[36m(main_task pid=12097)[0m                                             'param_offload': False},
[36m(main_task pid=12097)[0m                             'input_tokenizer': '/root/autodl-tmp/models/Qwen/Qwen2.5-3B-Instruct',
[36m(main_task pid=12097)[0m                             'path': '~/models/FsfairX-LLaMA3-RM-v0.1',
[36m(main_task pid=12097)[0m                             'use_remove_padding': True},
[36m(main_task pid=12097)[0m                   'pbrs_gamma': 0.5,
[36m(main_task pid=12097)[0m                   'query_repetition_penalty_coef': 0.05,
[36m(main_task pid=12097)[0m                   'reward_manager': 'naive',
[36m(main_task pid=12097)[0m                   'strategy': 'fsdp',
[36m(main_task pid=12097)[0m                   'ulysses_sequence_parallel_size': 2,
[36m(main_task pid=12097)[0m                   'use_curriculum': False,
[36m(main_task pid=12097)[0m                   'use_dynamic_bsz': True,
[36m(main_task pid=12097)[0m                   'use_pbrs': False,
[36m(main_task pid=12097)[0m                   'use_query_monitoring': False},
[36m(main_task pid=12097)[0m  'search_engine': 'rag',
[36m(main_task pid=12097)[0m  'trainer': {'critic_warmup': 0,
[36m(main_task pid=12097)[0m              'default_hdfs_dir': None,
[36m(main_task pid=12097)[0m              'default_local_dir': './ckpts/verl_examples/exp03_lora_rank64_alpha16',
[36m(main_task pid=12097)[0m              'del_local_ckpt_after_load': False,
[36m(main_task pid=12097)[0m              'experiment_name': 'exp03_lora_rank64_alpha16',
[36m(main_task pid=12097)[0m              'logger': ['console', 'swanlab'],
[36m(main_task pid=12097)[0m              'n_gpus_per_node': 1,
[36m(main_task pid=12097)[0m              'nnodes': 1,
[36m(main_task pid=12097)[0m              'project_name': 'verl_examples',
[36m(main_task pid=12097)[0m              'remove_previous_ckpt_in_save': False,
[36m(main_task pid=12097)[0m              'resume_from_path': False,
[36m(main_task pid=12097)[0m              'resume_mode': 'auto',
[36m(main_task pid=12097)[0m              'save_freq': 500,
[36m(main_task pid=12097)[0m              'test_freq': 100,
[36m(main_task pid=12097)[0m              'total_epochs': 30,
[36m(main_task pid=12097)[0m              'total_training_steps': 3000,
[36m(main_task pid=12097)[0m              'val_before_train': False,
[36m(main_task pid=12097)[0m              'val_generations_to_log_to_wandb': 0}}
[36m(main_task pid=12097)[0m update signal file finish!
[36m(main_task pid=12097)[0m [validate_config] All configuration checks passed successfully!
[36m(main_task pid=12097)[0m original dataset len: 80000
[36m(main_task pid=12097)[0m filter dataset len: 80000
[36m(main_task pid=12097)[0m original dataset len: 3197
[36m(main_task pid=12097)[0m filter dataset len: 3197
[36m(main_task pid=12097)[0m Size of train dataloader: 156
[36m(main_task pid=12097)[0m Total training steps: 3000
Error executing job with overrides: ['actor_rollout_ref.model.path=/root/autodl-tmp/models/Qwen/Qwen2.5-3B-Instruct', 'actor_rollout_ref.model.use_remove_padding=true', 'actor_rollout_ref.model.use_lora=true', 'actor_rollout_ref.model.lora_rank=64', 'actor_rollout_ref.model.lora_alpha=16', 'actor_rollout_ref.model.lora_dropout=0.0', '+actor_rollout_ref.actor.fsdp_config.model_dtype=bf16', 'actor_rollout_ref.actor.fsdp_config.param_offload=false', 'actor_rollout_ref.actor.fsdp_config.optimizer_offload=False', 'actor_rollout_ref.actor.ulysses_sequence_parallel_size=1', 'actor_rollout_ref.ref.fsdp_config.param_offload=true', 'actor_rollout_ref.ref.ulysses_sequence_parallel_size=1', 'actor_rollout_ref.rollout.tensor_model_parallel_size=1', 'actor_rollout_ref.rollout.gpu_memory_utilization=0.3', 'actor_rollout_ref.rollout.max_model_len=2048', 'actor_rollout_ref.rollout.max_num_batched_tokens=2048', 'critic.model.path=/root/autodl-tmp/models/Qwen/Qwen2.5-3B-Instruct', 'critic.ulysses_sequence_parallel_size=1', 'data.train_files=/root/DeepResearcher/data/train.parquet', 'data.max_prompt_length=512', 'data.max_response_length=512', 'data.train_batch_size=512', '+data.num_workers=0', 'algorithm.adv_estimator=drgrpo', 'algorithm.kl_penalty=kl', 'algorithm.kl_ctrl.type=fixed', 'algorithm.kl_ctrl.kl_coef=0.001', 'algorithm.gamma=1.0', 'algorithm.lam=1.0', 'trainer.total_training_steps=3000', 'trainer.experiment_name=exp03_lora_rank64_alpha16', "trainer.logger=['console','swanlab']", 'trainer.save_freq=500', 'trainer.test_freq=100', '+trainer.val_before_train=false', 'trainer.nnodes=1', 'trainer.n_gpus_per_node=1', 'max_turns=6', 'do_search=true', 'agent_grpo.n=2', 'search_engine=rag', 'reward_model.reward_manager=naive', 'reward_model.use_pbrs=false', 'reward_model.use_curriculum=false', 'reward_model.use_query_monitoring=false', 'algorithm.entropy_bonus_coef=0.0']
Traceback (most recent call last):
  File "/root/DeepResearcher/verl/trainer/main_ppo.py", line 168, in <module>
    main()
  File "/root/miniconda3/lib/python3.12/site-packages/hydra/main.py", line 94, in decorated_main
    _run_hydra(
  File "/root/miniconda3/lib/python3.12/site-packages/hydra/_internal/utils.py", line 394, in _run_hydra
    _run_app(
  File "/root/miniconda3/lib/python3.12/site-packages/hydra/_internal/utils.py", line 457, in _run_app
    run_and_report(
  File "/root/miniconda3/lib/python3.12/site-packages/hydra/_internal/utils.py", line 223, in run_and_report
    raise ex
  File "/root/miniconda3/lib/python3.12/site-packages/hydra/_internal/utils.py", line 220, in run_and_report
    return func()
           ^^^^^^
  File "/root/miniconda3/lib/python3.12/site-packages/hydra/_internal/utils.py", line 458, in <lambda>
    lambda: hydra.run(
            ^^^^^^^^^^
  File "/root/miniconda3/lib/python3.12/site-packages/hydra/_internal/hydra.py", line 132, in run
    _ = ret.return_value
        ^^^^^^^^^^^^^^^^
  File "/root/miniconda3/lib/python3.12/site-packages/hydra/core/utils.py", line 260, in return_value
    raise self._return_value
  File "/root/miniconda3/lib/python3.12/site-packages/hydra/core/utils.py", line 186, in run_job
    ret.return_value = task_function(task_cfg)
                       ^^^^^^^^^^^^^^^^^^^^^^^
  File "/root/DeepResearcher/verl/trainer/main_ppo.py", line 26, in main
    run_ppo(config)
  File "/root/DeepResearcher/verl/trainer/main_ppo.py", line 34, in run_ppo
    ray.get(main_task.remote(config, compute_score))
  File "/root/miniconda3/lib/python3.12/site-packages/ray/_private/auto_init_hook.py", line 22, in auto_init_wrapper
    return fn(*args, **kwargs)
           ^^^^^^^^^^^^^^^^^^^
  File "/root/miniconda3/lib/python3.12/site-packages/ray/_private/client_mode_hook.py", line 107, in wrapper
    return func(*args, **kwargs)
           ^^^^^^^^^^^^^^^^^^^^^
  File "/root/miniconda3/lib/python3.12/site-packages/ray/_private/worker.py", line 2980, in get
    values, debugger_breakpoint = worker.get_objects(
                                  ^^^^^^^^^^^^^^^^^^^
  File "/root/miniconda3/lib/python3.12/site-packages/ray/_private/worker.py", line 1023, in get_objects
    raise value.as_instanceof_cause()
ray.exceptions.RayTaskError(ImportError): [36mray::main_task()[39m (pid=12097, ip=172.17.0.6)
  File "/root/DeepResearcher/verl/trainer/main_ppo.py", line 163, in main_task
    trainer.init_workers()
  File "/root/DeepResearcher/verl/trainer/ppo/ray_trainer.py", line 897, in init_workers
    self.ref_policy_wg.init_model()
  File "/root/DeepResearcher/verl/single_controller/ray/base.py", line 42, in func
    output = ray.get(output)
             ^^^^^^^^^^^^^^^
           ^^^^^^^^^^^^^^^^^^^
           ^^^^^^^^^^^^^^^^^^^^^
                                  ^^^^^^^^^^^^^^^^^^^
ray.exceptions.RayTaskError(ImportError): [36mray::WorkerDict.ref_init_model()[39m (pid=12225, ip=172.17.0.6, actor_id=c73e53072bac91578c30145201000000, repr=<verl.single_controller.ray.base.WorkerDict object at 0x7f8db16fe2d0>)
           ^^^^^^^^^^^^^^^^^^^^^^^^^^^^^^^^^^^^
           ^^^^^^^^^^^^^^^^^^^^^^^^^^^^^^^
  File "/root/DeepResearcher/verl/single_controller/ray/base.py", line 399, in func
    return getattr(self.worker_dict[key], name)(*args, **kwargs)
           ^^^^^^^^^^^^^^^^^^^^^^^^^^^^^^^^^^^^^^^^^^^^^^^^^^^^^
  File "/root/DeepResearcher/verl/single_controller/base/decorator.py", line 404, in inner
    return func(*args, **kwargs)
           ^^^^^^^^^^^^^^^^^^^^^
  File "/root/DeepResearcher/verl/workers/fsdp_workers.py", line 451, in init_model
    self.ref_module_fsdp = self._build_model_optimizer(model_path=self.config.model.path,
                           ^^^^^^^^^^^^^^^^^^^^^^^^^^^^^^^^^^^^^^^^^^^^^^^^^^^^^^^^^^^^^^
  File "/root/DeepResearcher/verl/workers/fsdp_workers.py", line 217, in _build_model_optimizer
    actor_module = actor_module_class.from_pretrained(pretrained_model_name_or_path=local_path,
                   ^^^^^^^^^^^^^^^^^^^^^^^^^^^^^^^^^^^^^^^^^^^^^^^^^^^^^^^^^^^^^^^^^^^^^^^^^^^^
  File "/root/miniconda3/lib/python3.12/site-packages/transformers/models/auto/auto_factory.py", line 405, in from_pretrained
    return model_class.from_pretrained(
           ^^^^^^^^^^^^^^^^^^^^^^^^^^^^
  File "/root/miniconda3/lib/python3.12/site-packages/transformers/modeling_utils.py", line 4252, in from_pretrained
    model = cls(config, *model_args, **model_kwargs)
            ^^^^^^^^^^^^^^^^^^^^^^^^^^^^^^^^^^^^^^^^
  File "/root/miniconda3/lib/python3.12/site-packages/transformers/models/qwen2/modeling_qwen2.py", line 423, in __init__
    super().__init__(config)
  File "/root/miniconda3/lib/python3.12/site-packages/transformers/modeling_utils.py", line 1351, in __init__
    self.config._attn_implementation_internal = self._check_and_adjust_attn_implementation(
                                                ^^^^^^^^^^^^^^^^^^^^^^^^^^^^^^^^^^^^^^^^^^^
  File "/root/miniconda3/lib/python3.12/site-packages/transformers/modeling_utils.py", line 1984, in _check_and_adjust_attn_implementation
    lazy_import_flash_attention(applicable_attn_implementation)
  File "/root/miniconda3/lib/python3.12/site-packages/transformers/modeling_flash_attention_utils.py", line 248, in lazy_import_flash_attention
    _flash_fn, _flash_varlen_fn, _flash_with_kvcache_fn, _pad_fn, _unpad_fn = _lazy_imports(
                                                                              ^^^^^^^^^^^^^^
  File "/root/miniconda3/lib/python3.12/site-packages/transformers/modeling_flash_attention_utils.py", line 156, in _lazy_imports
    from flash_attn import flash_attn_func, flash_attn_varlen_func, flash_attn_with_kvcache
ImportError: cannot import name 'flash_attn_with_kvcache' from 'flash_attn' (/root/miniconda3/lib/python3.12/site-packages/flash_attn/__init__.py)
[36m(WorkerDict pid=12225)[0m Model config after override: Qwen2Config {
[36m(WorkerDict pid=12225)[0m   "architectures": [
[36m(WorkerDict pid=12225)[0m     "Qwen2ForCausalLM"
[36m(WorkerDict pid=12225)[0m   ],
[36m(WorkerDict pid=12225)[0m   "attention_dropout": 0.0,
[36m(WorkerDict pid=12225)[0m   "bos_token_id": null,
[36m(WorkerDict pid=12225)[0m   "dtype": "bfloat16",
[36m(WorkerDict pid=12225)[0m   "eos_token_id": 151645,
[36m(WorkerDict pid=12225)[0m   "hidden_act": "silu",
[36m(WorkerDict pid=12225)[0m   "hidden_size": 2048,
[36m(WorkerDict pid=12225)[0m   "initializer_range": 0.02,
[36m(WorkerDict pid=12225)[0m   "intermediate_size": 11008,
[36m(WorkerDict pid=12225)[0m   "layer_types": [
[36m(WorkerDict pid=12225)[0m     "full_attention",
[36m(WorkerDict pid=12225)[0m     "full_attention",
[36m(WorkerDict pid=12225)[0m     "full_attention",
[36m(WorkerDict pid=12225)[0m     "full_attention",
[36m(WorkerDict pid=12225)[0m     "full_attention",
[36m(WorkerDict pid=12225)[0m     "full_attention",
[36m(WorkerDict pid=12225)[0m     "full_attention",
[36m(WorkerDict pid=12225)[0m     "full_attention",
[36m(WorkerDict pid=12225)[0m     "full_attention",
[36m(WorkerDict pid=12225)[0m     "full_attention",
[36m(WorkerDict pid=12225)[0m     "full_attention",
[36m(WorkerDict pid=12225)[0m     "full_attention",
[36m(WorkerDict pid=12225)[0m     "full_attention",
[36m(WorkerDict pid=12225)[0m     "full_attention",
[36m(WorkerDict pid=12225)[0m     "full_attention",
[36m(WorkerDict pid=12225)[0m     "full_attention",
[36m(WorkerDict pid=12225)[0m     "full_attention",
[36m(WorkerDict pid=12225)[0m     "full_attention",
[36m(WorkerDict pid=12225)[0m     "full_attention",
[36m(WorkerDict pid=12225)[0m     "full_attention",
[36m(WorkerDict pid=12225)[0m     "full_attention",
[36m(WorkerDict pid=12225)[0m     "full_attention",
[36m(WorkerDict pid=12225)[0m     "full_attention",
[36m(WorkerDict pid=12225)[0m     "full_attention",
[36m(WorkerDict pid=12225)[0m     "full_attention",
[36m(WorkerDict pid=12225)[0m     "full_attention",
[36m(WorkerDict pid=12225)[0m     "full_attention",
[36m(WorkerDict pid=12225)[0m     "full_attention",
[36m(WorkerDict pid=12225)[0m     "full_attention",
[36m(WorkerDict pid=12225)[0m     "full_attention",
[36m(WorkerDict pid=12225)[0m     "full_attention",
[36m(WorkerDict pid=12225)[0m     "full_attention",
[36m(WorkerDict pid=12225)[0m     "full_attention",
[36m(WorkerDict pid=12225)[0m     "full_attention",
[36m(WorkerDict pid=12225)[0m     "full_attention",
[36m(WorkerDict pid=12225)[0m     "full_attention"
[36m(WorkerDict pid=12225)[0m   ],
[36m(WorkerDict pid=12225)[0m   "max_position_embeddings": 32768,
[36m(WorkerDict pid=12225)[0m   "max_window_layers": 70,
[36m(WorkerDict pid=12225)[0m   "model_type": "qwen2",
[36m(WorkerDict pid=12225)[0m   "num_attention_heads": 16,
[36m(WorkerDict pid=12225)[0m   "num_hidden_layers": 36,
[36m(WorkerDict pid=12225)[0m   "num_key_value_heads": 2,
[36m(WorkerDict pid=12225)[0m   "pad_token_id": 151643,
[36m(WorkerDict pid=12225)[0m   "rms_norm_eps": 1e-06,
[36m(WorkerDict pid=12225)[0m   "rope_parameters": {
[36m(WorkerDict pid=12225)[0m     "rope_theta": 1000000.0,
[36m(WorkerDict pid=12225)[0m     "rope_type": "default"
[36m(WorkerDict pid=12225)[0m   },
[36m(WorkerDict pid=12225)[0m   "sliding_window": null,
[36m(WorkerDict pid=12225)[0m   "tie_word_embeddings": true,
[36m(WorkerDict pid=12225)[0m   "transformers_version": "5.9.0",
[36m(WorkerDict pid=12225)[0m   "use_cache": true,
[36m(WorkerDict pid=12225)[0m   "use_sliding_window": false,
[36m(WorkerDict pid=12225)[0m   "vocab_size": 151936
[36m(WorkerDict pid=12225)[0m }
[36m(WorkerDict pid=12225)[0m 
2026-05-25 13:37:22,292	WARNING utils.py:461 -- Detecting docker specified CPUs. In previous versions of Ray, CPU detection in containers was incorrect. Please ensure that Ray has enough CPUs allocated. As a temporary workaround to revert to the prior behavior, set `RAY_USE_MULTIPROCESSING_CPU_COUNT=1` as an env var before starting Ray. Set the env var: `RAY_DISABLE_DOCKER_CPU_WARNING=1` to mute this warning.
2026-05-25 13:37:25,565	INFO worker.py:2012 -- Started a local Ray instance.
/root/miniconda3/lib/python3.12/site-packages/ray/_private/worker.py:2051: FutureWarning: Tip: In future versions of Ray, Ray will no longer override accelerator visible devices env var if num_gpus=0 or num_gpus=None (default). To enable this behavior and turn off this error message, set RAY_ACCEL_ENV_VAR_OVERRIDE_ON_ZERO=0
  warnings.warn(
[36m(main_task pid=14504)[0m {'actor_rollout_ref': {'actor': {'clip_ratio': 0.2,
[36m(main_task pid=14504)[0m                                  'entropy_coeff': 0.001,
[36m(main_task pid=14504)[0m                                  'fsdp_config': {'fsdp_size': -1,
[36m(main_task pid=14504)[0m                                                  'model_dtype': 'bf16',
[36m(main_task pid=14504)[0m                                                  'optimizer_offload': False,
[36m(main_task pid=14504)[0m                                                  'param_offload': False,
[36m(main_task pid=14504)[0m                                                  'wrap_policy': {'min_num_params': 0}},
[36m(main_task pid=14504)[0m                                  'grad_clip': 1.0,
[36m(main_task pid=14504)[0m                                  'kl_loss_coef': 0.001,
[36m(main_task pid=14504)[0m                                  'kl_loss_type': 'low_var_kl',
[36m(main_task pid=14504)[0m                                  'optim': {'lr': 1e-06,
[36m(main_task pid=14504)[0m                                            'lr_warmup_steps_ratio': 0.0,
[36m(main_task pid=14504)[0m                                            'min_lr_ratio': None,
[36m(main_task pid=14504)[0m                                            'total_training_steps': -1,
[36m(main_task pid=14504)[0m                                            'warmup_style': 'constant'},
[36m(main_task pid=14504)[0m                                  'ppo_epochs': 1,
[36m(main_task pid=14504)[0m                                  'ppo_max_token_len_per_gpu': 8192,
[36m(main_task pid=14504)[0m                                  'ppo_micro_batch_size': None,
[36m(main_task pid=14504)[0m                                  'ppo_micro_batch_size_per_gpu': None,
[36m(main_task pid=14504)[0m                                  'ppo_mini_batch_size': 256,
[36m(main_task pid=14504)[0m                                  'shuffle': False,
[36m(main_task pid=14504)[0m                                  'strategy': 'fsdp',
[36m(main_task pid=14504)[0m                                  'ulysses_sequence_parallel_size': 1,
[36m(main_task pid=14504)[0m                                  'use_dynamic_bsz': True,
[36m(main_task pid=14504)[0m                                  'use_kl_loss': True},
[36m(main_task pid=14504)[0m                        'hybrid_engine': True,
[36m(main_task pid=14504)[0m                        'model': {'enable_gradient_checkpointing': True,
[36m(main_task pid=14504)[0m                                  'external_lib': None,
[36m(main_task pid=14504)[0m                                  'lora_alpha': 16,
[36m(main_task pid=14504)[0m                                  'lora_dropout': 0.0,
[36m(main_task pid=14504)[0m                                  'lora_rank': 64,
[36m(main_task pid=14504)[0m                                  'override_config': {},
[36m(main_task pid=14504)[0m                                  'path': '/root/autodl-tmp/models/Qwen/Qwen2.5-3B-Instruct',
[36m(main_task pid=14504)[0m                                  'use_lora': True,
[36m(main_task pid=14504)[0m                                  'use_remove_padding': True},
[36m(main_task pid=14504)[0m                        'ref': {'fsdp_config': {'param_offload': True,
[36m(main_task pid=14504)[0m                                                'wrap_policy': {'min_num_params': 0}},
[36m(main_task pid=14504)[0m                                'log_prob_max_token_len_per_gpu': 8192,
[36m(main_task pid=14504)[0m                                'log_prob_micro_batch_size': None,
[36m(main_task pid=14504)[0m                                'log_prob_micro_batch_size_per_gpu': None,
[36m(main_task pid=14504)[0m                                'log_prob_use_dynamic_bsz': True,
[36m(main_task pid=14504)[0m                                'ulysses_sequence_parallel_size': 1},
[36m(main_task pid=14504)[0m                        'rollout': {'disable_log_stats': True,
[36m(main_task pid=14504)[0m                                    'do_sample': True,
[36m(main_task pid=14504)[0m                                    'dtype': 'bfloat16',
[36m(main_task pid=14504)[0m                                    'enable_chunked_prefill': True,
[36m(main_task pid=14504)[0m                                    'enforce_eager': True,
[36m(main_task pid=14504)[0m                                    'free_cache_engine': True,
[36m(main_task pid=14504)[0m                                    'gpu_memory_utilization': 0.3,
[36m(main_task pid=14504)[0m                                    'ignore_eos': False,
[36m(main_task pid=14504)[0m                                    'load_format': 'dummy_dtensor',
[36m(main_task pid=14504)[0m                                    'log_prob_max_token_len_per_gpu': 8192,
[36m(main_task pid=14504)[0m                                    'log_prob_micro_batch_size': None,
[36m(main_task pid=14504)[0m                                    'log_prob_micro_batch_size_per_gpu': None,
[36m(main_task pid=14504)[0m                                    'log_prob_use_dynamic_bsz': True,
[36m(main_task pid=14504)[0m                                    'max_model_len': 2048,
[36m(main_task pid=14504)[0m                                    'max_num_batched_tokens': 2048,
[36m(main_task pid=14504)[0m                                    'max_num_seqs': 1024,
[36m(main_task pid=14504)[0m                                    'n': 1,
[36m(main_task pid=14504)[0m                                    'name': 'vllm',
[36m(main_task pid=14504)[0m                                    'prompt_length': 512,
[36m(main_task pid=14504)[0m                                    'response_length': 512,
[36m(main_task pid=14504)[0m                                    'temperature': 1.0,
[36m(main_task pid=14504)[0m                                    'tensor_model_parallel_size': 1,
[36m(main_task pid=14504)[0m                                    'top_k': -1,
[36m(main_task pid=14504)[0m                                    'top_p': 1,
[36m(main_task pid=14504)[0m                                    'use_fire_sampling': False}},
[36m(main_task pid=14504)[0m  'agent_grpo': {'n': 2},
[36m(main_task pid=14504)[0m  'algorithm': {'adv_estimator': 'drgrpo',
[36m(main_task pid=14504)[0m                'entropy_bonus_coef': 0.0,
[36m(main_task pid=14504)[0m                'gamma': 1.0,
[36m(main_task pid=14504)[0m                'kl_ctrl': {'kl_coef': 0.001, 'type': 'fixed'},
[36m(main_task pid=14504)[0m                'kl_penalty': 'kl',
[36m(main_task pid=14504)[0m                'lam': 1.0},
[36m(main_task pid=14504)[0m  'critic': {'cliprange_value': 0.5,
[36m(main_task pid=14504)[0m             'forward_max_token_len_per_gpu': 32768,
[36m(main_task pid=14504)[0m             'forward_micro_batch_size': None,
[36m(main_task pid=14504)[0m             'forward_micro_batch_size_per_gpu': None,
[36m(main_task pid=14504)[0m             'grad_clip': 1.0,
[36m(main_task pid=14504)[0m             'model': {'enable_gradient_checkpointing': True,
[36m(main_task pid=14504)[0m                       'external_lib': None,
[36m(main_task pid=14504)[0m                       'fsdp_config': {'fsdp_size': -1,
[36m(main_task pid=14504)[0m                                       'optimizer_offload': False,
[36m(main_task pid=14504)[0m                                       'param_offload': False,
[36m(main_task pid=14504)[0m                                       'wrap_policy': {'min_num_params': 0}},
[36m(main_task pid=14504)[0m                       'override_config': {},
[36m(main_task pid=14504)[0m                       'path': '/root/autodl-tmp/models/Qwen/Qwen2.5-3B-Instruct',
[36m(main_task pid=14504)[0m                       'tokenizer_path': '/root/autodl-tmp/models/Qwen/Qwen2.5-3B-Instruct',
[36m(main_task pid=14504)[0m                       'use_remove_padding': True},
[36m(main_task pid=14504)[0m             'optim': {'lr': 1e-05,
[36m(main_task pid=14504)[0m W0525 13:37:34.100000 14504 site-packages/torch/utils/cpp_extension.py:140] No CUDA runtime is found, using CUDA_HOME='/usr/local/cuda'
[36m(main_task pid=14504)[0m                       'lr_warmup_steps_ratio': 0.0,
[36m(main_task pid=14504)[0m                       'min_lr_ratio': None,
[36m(main_task pid=14504)[0m                       'total_training_steps': -1,
[36m(main_task pid=14504)[0m                       'warmup_style': 'constant'},
[36m(main_task pid=14504)[0m             'ppo_epochs': 1,
[36m(main_task pid=14504)[0m             'ppo_max_token_len_per_gpu': 32768,
[36m(main_task pid=14504)[0m             'ppo_micro_batch_size': None,
[36m(main_task pid=14504)[0m             'ppo_micro_batch_size_per_gpu': None,
[36m(main_task pid=14504)[0m             'ppo_mini_batch_size': 256,
[36m(main_task pid=14504)[0m             'shuffle': False,
[36m(main_task pid=14504)[0m             'strategy': 'fsdp',
[36m(main_task pid=14504)[0m             'ulysses_sequence_parallel_size': 1,
[36m(main_task pid=14504)[0m             'use_dynamic_bsz': True},
[36m(main_task pid=14504)[0m  'data': {'data_writing_file': './signal/data.json',
[36m(main_task pid=14504)[0m           'image_key': 'images',
[36m(main_task pid=14504)[0m           'max_prompt_length': 512,
[36m(main_task pid=14504)[0m           'max_response_length': 512,
[36m(main_task pid=14504)[0m           'n_gpus_per_node': 8,
[36m(main_task pid=14504)[0m           'num_workers': 0,
[36m(main_task pid=14504)[0m           'prompt_key': 'prompt',
[36m(main_task pid=14504)[0m           'query_signal': 1,
[36m(main_task pid=14504)[0m           'response_signal': 0,
[36m(main_task pid=14504)[0m           'return_raw_chat': False,
[36m(main_task pid=14504)[0m           'return_raw_input_ids': False,
[36m(main_task pid=14504)[0m           'shuffle': True,
[36m(main_task pid=14504)[0m           'signal_writing_file': './signal/signal.json',
[36m(main_task pid=14504)[0m           'tokenizer': None,
[36m(main_task pid=14504)[0m           'train_batch_size': 512,
[36m(main_task pid=14504)[0m           'train_files': '/root/DeepResearcher/data/train.parquet',
[36m(main_task pid=14504)[0m           'val_batch_size': None,
[36m(main_task pid=14504)[0m           'val_files': '~/data/rlhf/gsm8k/test.parquet'},
[36m(main_task pid=14504)[0m  'do_search': True,
[36m(main_task pid=14504)[0m  'max_turns': 6,
[36m(main_task pid=14504)[0m  'reward_model': {'curriculum_bonus_coef': 0.05,
[36m(main_task pid=14504)[0m                   'curriculum_end_turn': 5,
[36m(main_task pid=14504)[0m                   'curriculum_start_turn': 2,
[36m(main_task pid=14504)[0m                   'early_stop_penalty_coef': 0.05,
[36m(main_task pid=14504)[0m                   'enable': False,
[36m(main_task pid=14504)[0m                   'forward_max_token_len_per_gpu': 32768,
[36m(main_task pid=14504)[0m                   'max_length': None,
[36m(main_task pid=14504)[0m                   'micro_batch_size': None,
[36m(main_task pid=14504)[0m                   'micro_batch_size_per_gpu': None,
[36m(main_task pid=14504)[0m                   'model': {'external_lib': None,
[36m(main_task pid=14504)[0m                             'fsdp_config': {'fsdp_size': -1,
[36m(main_task pid=14504)[0m                                             'min_num_params': 0,
[36m(main_task pid=14504)[0m                                             'param_offload': False},
[36m(main_task pid=14504)[0m                             'input_tokenizer': '/root/autodl-tmp/models/Qwen/Qwen2.5-3B-Instruct',
[36m(main_task pid=14504)[0m                             'path': '~/models/FsfairX-LLaMA3-RM-v0.1',
[36m(main_task pid=14504)[0m                             'use_remove_padding': True},
[36m(main_task pid=14504)[0m                   'pbrs_gamma': 0.5,
[36m(main_task pid=14504)[0m                   'query_repetition_penalty_coef': 0.05,
[36m(main_task pid=14504)[0m                   'reward_manager': 'naive',
[36m(main_task pid=14504)[0m                   'strategy': 'fsdp',
[36m(main_task pid=14504)[0m                   'ulysses_sequence_parallel_size': 2,
[36m(main_task pid=14504)[0m                   'use_curriculum': False,
[36m(main_task pid=14504)[0m                   'use_dynamic_bsz': True,
[36m(main_task pid=14504)[0m                   'use_pbrs': False,
[36m(main_task pid=14504)[0m                   'use_query_monitoring': False},
[36m(main_task pid=14504)[0m  'search_engine': 'rag',
[36m(main_task pid=14504)[0m  'trainer': {'critic_warmup': 0,
[36m(main_task pid=14504)[0m              'default_hdfs_dir': None,
[36m(main_task pid=14504)[0m              'default_local_dir': './ckpts/verl_examples/exp03_lora_rank64_alpha16',
[36m(main_task pid=14504)[0m              'del_local_ckpt_after_load': False,
[36m(main_task pid=14504)[0m              'experiment_name': 'exp03_lora_rank64_alpha16',
[36m(main_task pid=14504)[0m              'logger': ['console', 'swanlab'],
[36m(main_task pid=14504)[0m              'n_gpus_per_node': 1,
[36m(main_task pid=14504)[0m              'nnodes': 1,
[36m(main_task pid=14504)[0m              'project_name': 'verl_examples',
[36m(main_task pid=14504)[0m              'remove_previous_ckpt_in_save': False,
[36m(main_task pid=14504)[0m              'resume_from_path': False,
[36m(main_task pid=14504)[0m              'resume_mode': 'auto',
[36m(main_task pid=14504)[0m              'save_freq': 500,
[36m(main_task pid=14504)[0m              'test_freq': 100,
[36m(main_task pid=14504)[0m              'total_epochs': 30,
[36m(main_task pid=14504)[0m              'total_training_steps': 3000,
[36m(main_task pid=14504)[0m              'val_before_train': False,
[36m(main_task pid=14504)[0m              'val_generations_to_log_to_wandb': 0}}
[36m(main_task pid=14504)[0m update signal file finish!
[36m(main_task pid=14504)[0m [validate_config] All configuration checks passed successfully!
[36m(main_task pid=14504)[0m original dataset len: 80000
[36m(main_task pid=14504)[0m filter dataset len: 80000
[36m(main_task pid=14504)[0m original dataset len: 3197
[36m(main_task pid=14504)[0m filter dataset len: 3197
[36m(main_task pid=14504)[0m Size of train dataloader: 156
[36m(main_task pid=14504)[0m Total training steps: 3000
[36m(WorkerDict pid=14636)[0m Model config after override: Qwen2Config {
[36m(WorkerDict pid=14636)[0m   "architectures": [
[36m(WorkerDict pid=14636)[0m     "Qwen2ForCausalLM"
[36m(WorkerDict pid=14636)[0m   ],
[36m(WorkerDict pid=14636)[0m   "attention_dropout": 0.0,
[36m(WorkerDict pid=14636)[0m   "bos_token_id": null,
[36m(WorkerDict pid=14636)[0m   "dtype": "bfloat16",
[36m(WorkerDict pid=14636)[0m   "eos_token_id": 151645,
[36m(WorkerDict pid=14636)[0m   "hidden_act": "silu",
[36m(WorkerDict pid=14636)[0m   "hidden_size": 2048,
[36m(WorkerDict pid=14636)[0m   "initializer_range": 0.02,
[36m(WorkerDict pid=14636)[0m   "intermediate_size": 11008,
[36m(WorkerDict pid=14636)[0m   "layer_types": [
[36m(WorkerDict pid=14636)[0m     "full_attention",
[36m(WorkerDict pid=14636)[0m     "full_attention",
[36m(WorkerDict pid=14636)[0m     "full_attention",
[36m(WorkerDict pid=14636)[0m     "full_attention",
[36m(WorkerDict pid=14636)[0m     "full_attention",
[36m(WorkerDict pid=14636)[0m     "full_attention",
[36m(WorkerDict pid=14636)[0m     "full_attention",
[36m(WorkerDict pid=14636)[0m     "full_attention",
[36m(WorkerDict pid=14636)[0m     "full_attention",
[36m(WorkerDict pid=14636)[0m     "full_attention",
[36m(WorkerDict pid=14636)[0m     "full_attention",
[36m(WorkerDict pid=14636)[0m     "full_attention",
[36m(WorkerDict pid=14636)[0m     "full_attention",
[36m(WorkerDict pid=14636)[0m     "full_attention",
[36m(WorkerDict pid=14636)[0m     "full_attention",
[36m(WorkerDict pid=14636)[0m     "full_attention",
[36m(WorkerDict pid=14636)[0m     "full_attention",
[36m(WorkerDict pid=14636)[0m     "full_attention",
[36m(WorkerDict pid=14636)[0m     "full_attention",
[36m(WorkerDict pid=14636)[0m     "full_attention",
[36m(WorkerDict pid=14636)[0m     "full_attention",
[36m(WorkerDict pid=14636)[0m Loading weights:   0%|          | 0/434 [00:00<?, ?it/s]
[36m(WorkerDict pid=14636)[0m Loading weights:  11%|█         | 48/434 [00:00<00:01, 377.83it/s]
[36m(WorkerDict pid=14636)[0m Loading weights:  22%|██▏       | 96/434 [00:00<00:00, 426.55it/s]
[36m(WorkerDict pid=14636)[0m Loading weights:  32%|███▏      | 140/434 [00:00<00:00, 308.84it/s]
[36m(WorkerDict pid=14636)[0m Loading weights:  40%|████      | 174/434 [00:00<00:00, 269.51it/s]
[36m(WorkerDict pid=14636)[0m Loading weights:  53%|█████▎    | 228/434 [00:00<00:00, 322.81it/s]
[36m(WorkerDict pid=14636)[0m Loading weights:  61%|██████    | 263/434 [00:00<00:00, 327.98it/s]
[36m(WorkerDict pid=14636)[0m Loading weights:  69%|██████▊   | 298/434 [00:00<00:00, 303.20it/s]
[36m(WorkerDict pid=14636)[0m Loading weights:  76%|███████▌  | 330/434 [00:01<00:00, 256.28it/s]
[36m(WorkerDict pid=14636)[0m Loading weights:  83%|████████▎ | 361/434 [00:01<00:00, 254.17it/s]
[36m(WorkerDict pid=14636)[0m Loading weights:  89%|████████▉ | 388/434 [00:01<00:00, 240.81it/s]Loading weights: 100%|██████████| 434/434 [00:01<00:00, 313.17it/s]
[36m(WorkerDict pid=14636)[0m /root/miniconda3/lib/python3.12/site-packages/torch/distributed/c10d_logger.py:83: UserWarning: barrier(): using the device under current context. You can specify `device_id` in `init_process_group` to mute this warning.
[36m(WorkerDict pid=14636)[0m   return func(*args, **kwargs)
[36m(WorkerDict pid=14636)[0m [rank0]:[W525 13:37:56.834581971 ProcessGroupNCCL.cpp:5188] Guessing device ID based on global rank. This can cause a hang if rank to GPU mapping is heterogeneous. You can specify device_id in init_process_group()
[36m(WorkerDict pid=14636)[0m /root/miniconda3/lib/python3.12/site-packages/torch/distributed/fsdp/fully_sharded_data_parallel.py:478: UserWarning: FSDP is switching to use `NO_SHARD` instead of ShardingStrategy.FULL_SHARD since the world size is 1.
[36m(WorkerDict pid=14636)[0m   _init_core_state(
[36m(WorkerDict pid=14636)[0m Loading weights:   0%|          | 0/434 [00:00<?, ?it/s]
[36m(WorkerDict pid=14636)[0m Loading weights: 100%|██████████| 434/434 [00:00<00:00, 9460.43it/s]
[36m(WorkerDict pid=14636)[0m /root/miniconda3/lib/python3.12/site-packages/torch/distributed/c10d_logger.py:83: UserWarning: barrier(): using the device under current context. You can specify `device_id` in `init_process_group` to mute this warning.
[36m(WorkerDict pid=14636)[0m   return func(*args, **kwargs)
[36m(WorkerDict pid=14636)[0m /root/miniconda3/lib/python3.12/site-packages/torch/distributed/fsdp/fully_sharded_data_parallel.py:478: UserWarning: FSDP is switching to use `NO_SHARD` instead of ShardingStrategy.FULL_SHARD since the world size is 1.
[36m(WorkerDict pid=14636)[0m   _init_core_state(
[36m(WorkerDict pid=14636)[0m     "full_attention",
[36m(WorkerDict pid=14636)[0m     "full_attention",
[36m(WorkerDict pid=14636)[0m     "full_attention",
[36m(WorkerDict pid=14636)[0m     "full_attention",
[36m(WorkerDict pid=14636)[0m     "full_attention",
[36m(WorkerDict pid=14636)[0m     "full_attention",
[36m(WorkerDict pid=14636)[0m     "full_attention",
[36m(WorkerDict pid=14636)[0m     "full_attention",
[36m(WorkerDict pid=14636)[0m     "full_attention",
[36m(WorkerDict pid=14636)[0m     "full_attention",
[36m(WorkerDict pid=14636)[0m     "full_attention",
[36m(WorkerDict pid=14636)[0m     "full_attention",
[36m(WorkerDict pid=14636)[0m     "full_attention",
[36m(WorkerDict pid=14636)[0m     "full_attention",
[36m(WorkerDict pid=14636)[0m     "full_attention"
[36m(WorkerDict pid=14636)[0m   ],
[36m(WorkerDict pid=14636)[0m   "max_position_embeddings": 32768,
[36m(WorkerDict pid=14636)[0m   "max_window_layers": 70,
[36m(WorkerDict pid=14636)[0m   "model_type": "qwen2",
[36m(WorkerDict pid=14636)[0m   "num_attention_heads": 16,
[36m(WorkerDict pid=14636)[0m   "num_hidden_layers": 36,
[36m(WorkerDict pid=14636)[0m   "num_key_value_heads": 2,
[36m(WorkerDict pid=14636)[0m   "pad_token_id": 151643,
[36m(WorkerDict pid=14636)[0m   "rms_norm_eps": 1e-06,
[36m(WorkerDict pid=14636)[0m   "rope_parameters": {
[36m(WorkerDict pid=14636)[0m     "rope_theta": 1000000.0,
[36m(WorkerDict pid=14636)[0m     "rope_type": "default"
[36m(WorkerDict pid=14636)[0m   },
[36m(WorkerDict pid=14636)[0m   "sliding_window": null,
[36m(WorkerDict pid=14636)[0m   "tie_word_embeddings": true,
[36m(WorkerDict pid=14636)[0m   "transformers_version": "5.9.0",
[36m(WorkerDict pid=14636)[0m   "use_cache": true,
[36m(WorkerDict pid=14636)[0m   "use_sliding_window": false,
[36m(WorkerDict pid=14636)[0m   "vocab_size": 151936
[36m(WorkerDict pid=14636)[0m }
[36m(WorkerDict pid=14636)[0m 
[36m(WorkerDict pid=14636)[0m Qwen2ForCausalLM contains 3.09B parameters
[36m(WorkerDict pid=14636)[0m wrap_policy: functools.partial(<function _or_policy at 0x7f7b22963240>, policies=[functools.partial(<function transformer_auto_wrap_policy at 0x7f7b22963100>, transformer_layer_cls={<class 'transformers.models.qwen2.modeling_qwen2.Qwen2DecoderLayer'>})])
[36m(WorkerDict pid=14636)[0m Actor use_remove_padding=True
[36m(WorkerDict pid=14636)[0m Model config after override: Qwen2Config {
[36m(WorkerDict pid=14636)[0m   "architectures": [
[36m(WorkerDict pid=14636)[0m     "Qwen2ForCausalLM"
[36m(WorkerDict pid=14636)[0m   ],
[36m(WorkerDict pid=14636)[0m   "attention_dropout": 0.0,
[36m(WorkerDict pid=14636)[0m   "bos_token_id": null,
[36m(WorkerDict pid=14636)[0m   "dtype": "bfloat16",
[36m(WorkerDict pid=14636)[0m   "eos_token_id": 151645,
[36m(WorkerDict pid=14636)[0m   "hidden_act": "silu",
[36m(WorkerDict pid=14636)[0m   "hidden_size": 2048,
[36m(WorkerDict pid=14636)[0m   "initializer_range": 0.02,
[36m(WorkerDict pid=14636)[0m   "intermediate_size": 11008,
[36m(WorkerDict pid=14636)[0m   "layer_types": [
[36m(WorkerDict pid=14636)[0m     "full_attention",
[36m(WorkerDict pid=14636)[0m     "full_attention",
[36m(WorkerDict pid=14636)[0m     "full_attention",
[36m(WorkerDict pid=14636)[0m     "full_attention",
[36m(WorkerDict pid=14636)[0m     "full_attention",
[36m(WorkerDict pid=14636)[0m     "full_attention",
[36m(WorkerDict pid=14636)[0m     "full_attention",
[36m(WorkerDict pid=14636)[0m     "full_attention",
[36m(WorkerDict pid=14636)[0m     "full_attention",
[36m(WorkerDict pid=14636)[0m     "full_attention",
[36m(WorkerDict pid=14636)[0m     "full_attention",
[36m(WorkerDict pid=14636)[0m     "full_attention",
[36m(WorkerDict pid=14636)[0m     "full_attention",
[36m(WorkerDict pid=14636)[0m     "full_attention",
[36m(WorkerDict pid=14636)[0m     "full_attention",
[36m(WorkerDict pid=14636)[0m     "full_attention",
[36m(WorkerDict pid=14636)[0m     "full_attention",
[36m(WorkerDict pid=14636)[0m     "full_attention",
[36m(WorkerDict pid=14636)[0m     "full_attention",
[36m(WorkerDict pid=14636)[0m     "full_attention",
[36m(WorkerDict pid=14636)[0m     "full_attention",
[36m(WorkerDict pid=14636)[0m     "full_attention",
[36m(WorkerDict pid=14636)[0m     "full_attention",
[36m(WorkerDict pid=14636)[0m     "full_attention",
[36m(WorkerDict pid=14636)[0m     "full_attention",
[36m(WorkerDict pid=14636)[0m     "full_attention",
[36m(WorkerDict pid=14636)[0m     "full_attention",
[36m(WorkerDict pid=14636)[0m     "full_attention",
[36m(WorkerDict pid=14636)[0m     "full_attention",
[36m(WorkerDict pid=14636)[0m     "full_attention",
[36m(WorkerDict pid=14636)[0m     "full_attention",
[36m(WorkerDict pid=14636)[0m     "full_attention",
[36m(WorkerDict pid=14636)[0m     "full_attention",
[36m(WorkerDict pid=14636)[0m     "full_attention",
[36m(WorkerDict pid=14636)[0m     "full_attention",
[36m(WorkerDict pid=14636)[0m     "full_attention"
[36m(WorkerDict pid=14636)[0m   ],
[36m(WorkerDict pid=14636)[0m   "max_position_embeddings": 32768,
[36m(WorkerDict pid=14636)[0m   "max_window_layers": 70,
[36m(WorkerDict pid=14636)[0m   "model_type": "qwen2",
[36m(WorkerDict pid=14636)[0m   "num_attention_heads": 16,
[36m(WorkerDict pid=14636)[0m   "num_hidden_layers": 36,
[36m(WorkerDict pid=14636)[0m   "num_key_value_heads": 2,
[36m(WorkerDict pid=14636)[0m   "pad_token_id": 151643,
[36m(WorkerDict pid=14636)[0m   "rms_norm_eps": 1e-06,
[36m(WorkerDict pid=14636)[0m   "rope_parameters": {
[36m(WorkerDict pid=14636)[0m     "rope_theta": 1000000.0,
[36m(WorkerDict pid=14636)[0m     "rope_type": "default"
[36m(WorkerDict pid=14636)[0m   },
[36m(WorkerDict pid=14636)[0m   "sliding_window": null,
[36m(WorkerDict pid=14636)[0m   "tie_word_embeddings": true,
[36m(WorkerDict pid=14636)[0m   "transformers_version": "5.9.0",
[36m(WorkerDict pid=14636)[0m   "use_cache": true,
[36m(WorkerDict pid=14636)[0m   "use_sliding_window": false,
[36m(WorkerDict pid=14636)[0m   "vocab_size": 151936
[36m(WorkerDict pid=14636)[0m }
[36m(WorkerDict pid=14636)[0m 
[36m(WorkerDict pid=14636)[0m trainable params: 29,491,200 || all params: 3,115,429,888 || trainable%: 0.9466
[36m(WorkerDict pid=14636)[0m [LoRA] Injected LoRA adapters: rank=64, alpha=16
[36m(WorkerDict pid=14636)[0m PeftModelForCausalLM contains 3.12B parameters
[36m(WorkerDict pid=14636)[0m wrap_policy: functools.partial(<function _or_policy at 0x7f7b22963240>, policies=[functools.partial(<function lambda_auto_wrap_policy at 0x7f7b22962c00>, lambda_fn=<function get_fsdp_wrap_policy.<locals>.lambda_policy_fn at 0x7f78457dede0>), functools.partial(<function transformer_auto_wrap_policy at 0x7f7b22963100>, transformer_layer_cls={<class 'transformers.models.qwen2.modeling_qwen2.Qwen2DecoderLayer'>})])
Error executing job with overrides: ['actor_rollout_ref.model.path=/root/autodl-tmp/models/Qwen/Qwen2.5-3B-Instruct', 'actor_rollout_ref.model.use_remove_padding=true', 'actor_rollout_ref.model.use_lora=true', 'actor_rollout_ref.model.lora_rank=64', 'actor_rollout_ref.model.lora_alpha=16', 'actor_rollout_ref.model.lora_dropout=0.0', '+actor_rollout_ref.actor.fsdp_config.model_dtype=bf16', 'actor_rollout_ref.actor.fsdp_config.param_offload=false', 'actor_rollout_ref.actor.fsdp_config.optimizer_offload=False', 'actor_rollout_ref.actor.ulysses_sequence_parallel_size=1', 'actor_rollout_ref.ref.fsdp_config.param_offload=true', 'actor_rollout_ref.ref.ulysses_sequence_parallel_size=1', 'actor_rollout_ref.rollout.tensor_model_parallel_size=1', 'actor_rollout_ref.rollout.gpu_memory_utilization=0.3', 'actor_rollout_ref.rollout.max_model_len=2048', 'actor_rollout_ref.rollout.max_num_batched_tokens=2048', 'critic.model.path=/root/autodl-tmp/models/Qwen/Qwen2.5-3B-Instruct', 'critic.ulysses_sequence_parallel_size=1', 'data.train_files=/root/DeepResearcher/data/train.parquet', 'data.max_prompt_length=512', 'data.max_response_length=512', 'data.train_batch_size=512', '+data.num_workers=0', 'algorithm.adv_estimator=drgrpo', 'algorithm.kl_penalty=kl', 'algorithm.kl_ctrl.type=fixed', 'algorithm.kl_ctrl.kl_coef=0.001', 'algorithm.gamma=1.0', 'algorithm.lam=1.0', 'trainer.total_training_steps=3000', 'trainer.experiment_name=exp03_lora_rank64_alpha16', "trainer.logger=['console','swanlab']", 'trainer.save_freq=500', 'trainer.test_freq=100', '+trainer.val_before_train=false', 'trainer.nnodes=1', 'trainer.n_gpus_per_node=1', 'max_turns=6', 'do_search=true', 'agent_grpo.n=2', 'search_engine=rag', 'reward_model.reward_manager=naive', 'reward_model.use_pbrs=false', 'reward_model.use_curriculum=false', 'reward_model.use_query_monitoring=false', 'algorithm.entropy_bonus_coef=0.0']
Traceback (most recent call last):
  File "/root/DeepResearcher/verl/trainer/main_ppo.py", line 168, in <module>
    main()
  File "/root/miniconda3/lib/python3.12/site-packages/hydra/main.py", line 94, in decorated_main
    _run_hydra(
  File "/root/miniconda3/lib/python3.12/site-packages/hydra/_internal/utils.py", line 394, in _run_hydra
    _run_app(
  File "/root/miniconda3/lib/python3.12/site-packages/hydra/_internal/utils.py", line 457, in _run_app
    run_and_report(
  File "/root/miniconda3/lib/python3.12/site-packages/hydra/_internal/utils.py", line 223, in run_and_report
    raise ex
  File "/root/miniconda3/lib/python3.12/site-packages/hydra/_internal/utils.py", line 220, in run_and_report
    return func()
           ^^^^^^
  File "/root/miniconda3/lib/python3.12/site-packages/hydra/_internal/utils.py", line 458, in <lambda>
    lambda: hydra.run(
            ^^^^^^^^^^
  File "/root/miniconda3/lib/python3.12/site-packages/hydra/_internal/hydra.py", line 132, in run
    _ = ret.return_value
        ^^^^^^^^^^^^^^^^
  File "/root/miniconda3/lib/python3.12/site-packages/hydra/core/utils.py", line 260, in return_value
    raise self._return_value
  File "/root/miniconda3/lib/python3.12/site-packages/hydra/core/utils.py", line 186, in run_job
    ret.return_value = task_function(task_cfg)
                       ^^^^^^^^^^^^^^^^^^^^^^^
  File "/root/DeepResearcher/verl/trainer/main_ppo.py", line 26, in main
    run_ppo(config)
  File "/root/DeepResearcher/verl/trainer/main_ppo.py", line 34, in run_ppo
    ray.get(main_task.remote(config, compute_score))
  File "/root/miniconda3/lib/python3.12/site-packages/ray/_private/auto_init_hook.py", line 22, in auto_init_wrapper
    return fn(*args, **kwargs)
           ^^^^^^^^^^^^^^^^^^^
  File "/root/miniconda3/lib/python3.12/site-packages/ray/_private/client_mode_hook.py", line 107, in wrapper
    return func(*args, **kwargs)
           ^^^^^^^^^^^^^^^^^^^^^
  File "/root/miniconda3/lib/python3.12/site-packages/ray/_private/worker.py", line 2980, in get
    values, debugger_breakpoint = worker.get_objects(
                                  ^^^^^^^^^^^^^^^^^^^
  File "/root/miniconda3/lib/python3.12/site-packages/ray/_private/worker.py", line 1023, in get_objects
    raise value.as_instanceof_cause()
ray.exceptions.RayTaskError(TypeError): [36mray::main_task()[39m (pid=14504, ip=172.17.0.6)
  File "/root/DeepResearcher/verl/trainer/main_ppo.py", line 163, in main_task
    trainer.init_workers()
  File "/root/DeepResearcher/verl/trainer/ppo/ray_trainer.py", line 905, in init_workers
    self.actor_rollout_wg.init_model()
  File "/root/DeepResearcher/verl/single_controller/ray/base.py", line 42, in func
    output = ray.get(output)
             ^^^^^^^^^^^^^^^
           ^^^^^^^^^^^^^^^^^^^
           ^^^^^^^^^^^^^^^^^^^^^
                                  ^^^^^^^^^^^^^^^^^^^
ray.exceptions.RayTaskError(TypeError): [36mray::WorkerDict.actor_rollout_init_model()[39m (pid=14636, ip=172.17.0.6, actor_id=486a2111095eaa9a9635179a01000000, repr=<verl.single_controller.ray.base.WorkerDict object at 0x7f78ecbc9070>)
           ^^^^^^^^^^^^^^^^^^^^^^^^^^^^^^^^^^^^
           ^^^^^^^^^^^^^^^^^^^^^^^^^^^^^^^
  File "/root/DeepResearcher/verl/single_controller/ray/base.py", line 399, in func
    return getattr(self.worker_dict[key], name)(*args, **kwargs)
           ^^^^^^^^^^^^^^^^^^^^^^^^^^^^^^^^^^^^^^^^^^^^^^^^^^^^^
  File "/root/DeepResearcher/verl/single_controller/base/decorator.py", line 404, in inner
    return func(*args, **kwargs)
           ^^^^^^^^^^^^^^^^^^^^^
  File "/root/DeepResearcher/verl/workers/fsdp_workers.py", line 444, in init_model
    self.rollout, self.rollout_sharding_manager = self._build_rollout()
                                                  ^^^^^^^^^^^^^^^^^^^^^
  File "/root/DeepResearcher/verl/workers/fsdp_workers.py", line 352, in _build_rollout
    rollout = vLLMRollout(actor_module=self.actor_module_fsdp,
              ^^^^^^^^^^^^^^^^^^^^^^^^^^^^^^^^^^^^^^^^^^^^^^^^
  File "/root/DeepResearcher/verl/workers/rollout/vllm_rollout/vllm_rollout.py", line 101, in __init__
    self.inference_engine = LLM(
                            ^^^^
  File "/root/miniconda3/lib/python3.12/site-packages/vllm/entrypoints/llm.py", line 340, in __init__
    engine_args = EngineArgs(
                  ^^^^^^^^^^^
TypeError: EngineArgs.__init__() got an unexpected keyword argument 'model_hf_config'
[36m(WorkerDict pid=14636)[0m Total steps: 3000, num_warmup_steps: 0
[36m(WorkerDict pid=14636)[0m Actor use_remove_padding=True
[36m(WorkerDict pid=14636)[0m Before building vllm rollout, memory allocated (GB): 11.676271915435791, memory reserved (GB): 12.408203125
2026-05-25 13:47:48,707	WARNING utils.py:461 -- Detecting docker specified CPUs. In previous versions of Ray, CPU detection in containers was incorrect. Please ensure that Ray has enough CPUs allocated. As a temporary workaround to revert to the prior behavior, set `RAY_USE_MULTIPROCESSING_CPU_COUNT=1` as an env var before starting Ray. Set the env var: `RAY_DISABLE_DOCKER_CPU_WARNING=1` to mute this warning.
2026-05-25 13:47:50,989	INFO worker.py:2012 -- Started a local Ray instance.
/root/miniconda3/lib/python3.12/site-packages/ray/_private/worker.py:2051: FutureWarning: Tip: In future versions of Ray, Ray will no longer override accelerator visible devices env var if num_gpus=0 or num_gpus=None (default). To enable this behavior and turn off this error message, set RAY_ACCEL_ENV_VAR_OVERRIDE_ON_ZERO=0
  warnings.warn(
[36m(main_task pid=22204)[0m {'actor_rollout_ref': {'actor': {'clip_ratio': 0.2,
[36m(main_task pid=22204)[0m                                  'entropy_coeff': 0.001,
[36m(main_task pid=22204)[0m                                  'fsdp_config': {'fsdp_size': -1,
[36m(main_task pid=22204)[0m                                                  'model_dtype': 'bf16',
[36m(main_task pid=22204)[0m                                                  'optimizer_offload': False,
[36m(main_task pid=22204)[0m                                                  'param_offload': False,
[36m(main_task pid=22204)[0m                                                  'wrap_policy': {'min_num_params': 0}},
[36m(main_task pid=22204)[0m                                  'grad_clip': 1.0,
[36m(main_task pid=22204)[0m                                  'kl_loss_coef': 0.001,
[36m(main_task pid=22204)[0m                                  'kl_loss_type': 'low_var_kl',
[36m(main_task pid=22204)[0m                                  'optim': {'lr': 1e-06,
[36m(main_task pid=22204)[0m                                            'lr_warmup_steps_ratio': 0.0,
[36m(main_task pid=22204)[0m                                            'min_lr_ratio': None,
[36m(main_task pid=22204)[0m                                            'total_training_steps': -1,
[36m(main_task pid=22204)[0m                                            'warmup_style': 'constant'},
[36m(main_task pid=22204)[0m                                  'ppo_epochs': 1,
[36m(main_task pid=22204)[0m                                  'ppo_max_token_len_per_gpu': 8192,
[36m(main_task pid=22204)[0m                                  'ppo_micro_batch_size': None,
[36m(main_task pid=22204)[0m                                  'ppo_micro_batch_size_per_gpu': None,
[36m(main_task pid=22204)[0m                                  'ppo_mini_batch_size': 256,
[36m(main_task pid=22204)[0m                                  'shuffle': False,
[36m(main_task pid=22204)[0m                                  'strategy': 'fsdp',
[36m(main_task pid=22204)[0m                                  'ulysses_sequence_parallel_size': 1,
[36m(main_task pid=22204)[0m                                  'use_dynamic_bsz': True,
[36m(main_task pid=22204)[0m                                  'use_kl_loss': True},
[36m(main_task pid=22204)[0m                        'hybrid_engine': True,
[36m(main_task pid=22204)[0m                        'model': {'enable_gradient_checkpointing': True,
[36m(main_task pid=22204)[0m                                  'external_lib': None,
[36m(main_task pid=22204)[0m                                  'lora_alpha': 16,
[36m(main_task pid=22204)[0m                                  'lora_dropout': 0.0,
[36m(main_task pid=22204)[0m                                  'lora_rank': 64,
[36m(main_task pid=22204)[0m                                  'override_config': {},
[36m(main_task pid=22204)[0m                                  'path': '/root/autodl-tmp/models/Qwen/Qwen2.5-3B-Instruct',
[36m(main_task pid=22204)[0m                                  'use_lora': True,
[36m(main_task pid=22204)[0m                                  'use_remove_padding': True},
[36m(main_task pid=22204)[0m                        'ref': {'fsdp_config': {'param_offload': True,
[36m(main_task pid=22204)[0m                                                'wrap_policy': {'min_num_params': 0}},
[36m(main_task pid=22204)[0m                                'log_prob_max_token_len_per_gpu': 8192,
[36m(main_task pid=22204)[0m                                'log_prob_micro_batch_size': None,
[36m(main_task pid=22204)[0m                                'log_prob_micro_batch_size_per_gpu': None,
[36m(main_task pid=22204)[0m                                'log_prob_use_dynamic_bsz': True,
[36m(main_task pid=22204)[0m                                'ulysses_sequence_parallel_size': 1},
[36m(main_task pid=22204)[0m                        'rollout': {'disable_log_stats': True,
[36m(main_task pid=22204)[0m                                    'do_sample': True,
[36m(main_task pid=22204)[0m                                    'dtype': 'bfloat16',
[36m(main_task pid=22204)[0m                                    'enable_chunked_prefill': True,
[36m(main_task pid=22204)[0m                                    'enforce_eager': True,
[36m(main_task pid=22204)[0m                                    'free_cache_engine': True,
[36m(main_task pid=22204)[0m                                    'gpu_memory_utilization': 0.3,
[36m(main_task pid=22204)[0m                                    'ignore_eos': False,
[36m(main_task pid=22204)[0m                                    'load_format': 'dummy_dtensor',
[36m(main_task pid=22204)[0m                                    'log_prob_max_token_len_per_gpu': 8192,
[36m(main_task pid=22204)[0m                                    'log_prob_micro_batch_size': None,
[36m(main_task pid=22204)[0m                                    'log_prob_micro_batch_size_per_gpu': None,
[36m(main_task pid=22204)[0m                                    'log_prob_use_dynamic_bsz': True,
[36m(main_task pid=22204)[0m                                    'max_model_len': 2048,
[36m(main_task pid=22204)[0m                                    'max_num_batched_tokens': 2048,
[36m(main_task pid=22204)[0m                                    'max_num_seqs': 1024,
[36m(main_task pid=22204)[0m                                    'n': 1,
[36m(main_task pid=22204)[0m                                    'name': 'vllm',
[36m(main_task pid=22204)[0m                                    'prompt_length': 512,
[36m(main_task pid=22204)[0m                                    'response_length': 512,
[36m(main_task pid=22204)[0m                                    'temperature': 1.0,
[36m(main_task pid=22204)[0m                                    'tensor_model_parallel_size': 1,
[36m(main_task pid=22204)[0m                                    'top_k': -1,
[36m(main_task pid=22204)[0m                                    'top_p': 1,
[36m(main_task pid=22204)[0m                                    'use_fire_sampling': False}},
[36m(main_task pid=22204)[0m  'agent_grpo': {'n': 2},
[36m(main_task pid=22204)[0m  'algorithm': {'adv_estimator': 'drgrpo',
[36m(main_task pid=22204)[0m                'entropy_bonus_coef': 0.0,
[36m(main_task pid=22204)[0m                'gamma': 1.0,
[36m(main_task pid=22204)[0m                'kl_ctrl': {'kl_coef': 0.001, 'type': 'fixed'},
[36m(main_task pid=22204)[0m                'kl_penalty': 'kl',
[36m(main_task pid=22204)[0m                'lam': 1.0},
[36m(main_task pid=22204)[0m  'critic': {'cliprange_value': 0.5,
[36m(main_task pid=22204)[0m             'forward_max_token_len_per_gpu': 32768,
[36m(main_task pid=22204)[0m             'forward_micro_batch_size': None,
[36m(main_task pid=22204)[0m             'forward_micro_batch_size_per_gpu': None,
[36m(main_task pid=22204)[0m             'grad_clip': 1.0,
[36m(main_task pid=22204)[0m             'model': {'enable_gradient_checkpointing': True,
[36m(main_task pid=22204)[0m                       'external_lib': None,
[36m(main_task pid=22204)[0m                       'fsdp_config': {'fsdp_size': -1,
[36m(main_task pid=22204)[0m                                       'optimizer_offload': False,
[36m(main_task pid=22204)[0m                                       'param_offload': False,
[36m(main_task pid=22204)[0m                                       'wrap_policy': {'min_num_params': 0}},
[36m(main_task pid=22204)[0m                       'override_config': {},
[36m(main_task pid=22204)[0m                       'path': '/root/autodl-tmp/models/Qwen/Qwen2.5-3B-Instruct',
[36m(main_task pid=22204)[0m                       'tokenizer_path': '/root/autodl-tmp/models/Qwen/Qwen2.5-3B-Instruct',
[36m(main_task pid=22204)[0m                       'use_remove_padding': True},
[36m(main_task pid=22204)[0m             'optim': {'lr': 1e-05,
[36m(main_task pid=22204)[0m W0525 13:47:59.449000 22204 site-packages/torch/utils/cpp_extension.py:140] No CUDA runtime is found, using CUDA_HOME='/usr/local/cuda'
[36m(main_task pid=22204)[0m                       'lr_warmup_steps_ratio': 0.0,
[36m(main_task pid=22204)[0m                       'min_lr_ratio': None,
[36m(main_task pid=22204)[0m                       'total_training_steps': -1,
[36m(main_task pid=22204)[0m                       'warmup_style': 'constant'},
[36m(main_task pid=22204)[0m             'ppo_epochs': 1,
[36m(main_task pid=22204)[0m             'ppo_max_token_len_per_gpu': 32768,
[36m(main_task pid=22204)[0m             'ppo_micro_batch_size': None,
[36m(main_task pid=22204)[0m             'ppo_micro_batch_size_per_gpu': None,
[36m(main_task pid=22204)[0m             'ppo_mini_batch_size': 256,
[36m(main_task pid=22204)[0m             'shuffle': False,
[36m(main_task pid=22204)[0m             'strategy': 'fsdp',
[36m(main_task pid=22204)[0m             'ulysses_sequence_parallel_size': 1,
[36m(main_task pid=22204)[0m             'use_dynamic_bsz': True},
[36m(main_task pid=22204)[0m  'data': {'data_writing_file': './signal/data.json',
[36m(main_task pid=22204)[0m           'image_key': 'images',
[36m(main_task pid=22204)[0m           'max_prompt_length': 512,
[36m(main_task pid=22204)[0m           'max_response_length': 512,
[36m(main_task pid=22204)[0m           'n_gpus_per_node': 8,
[36m(main_task pid=22204)[0m           'num_workers': 0,
[36m(main_task pid=22204)[0m           'prompt_key': 'prompt',
[36m(main_task pid=22204)[0m           'query_signal': 1,
[36m(main_task pid=22204)[0m           'response_signal': 0,
[36m(main_task pid=22204)[0m           'return_raw_chat': False,
[36m(main_task pid=22204)[0m           'return_raw_input_ids': False,
[36m(main_task pid=22204)[0m           'shuffle': True,
[36m(main_task pid=22204)[0m           'signal_writing_file': './signal/signal.json',
[36m(main_task pid=22204)[0m           'tokenizer': None,
[36m(main_task pid=22204)[0m           'train_batch_size': 512,
[36m(main_task pid=22204)[0m           'train_files': '/root/DeepResearcher/data/train.parquet',
[36m(main_task pid=22204)[0m           'val_batch_size': None,
[36m(main_task pid=22204)[0m           'val_files': '~/data/rlhf/gsm8k/test.parquet'},
[36m(main_task pid=22204)[0m  'do_search': True,
[36m(main_task pid=22204)[0m  'max_turns': 6,
[36m(main_task pid=22204)[0m  'reward_model': {'curriculum_bonus_coef': 0.05,
[36m(main_task pid=22204)[0m                   'curriculum_end_turn': 5,
[36m(main_task pid=22204)[0m                   'curriculum_start_turn': 2,
[36m(main_task pid=22204)[0m                   'early_stop_penalty_coef': 0.05,
[36m(main_task pid=22204)[0m                   'enable': False,
[36m(main_task pid=22204)[0m                   'forward_max_token_len_per_gpu': 32768,
[36m(main_task pid=22204)[0m                   'max_length': None,
[36m(main_task pid=22204)[0m                   'micro_batch_size': None,
[36m(main_task pid=22204)[0m                   'micro_batch_size_per_gpu': None,
[36m(main_task pid=22204)[0m                   'model': {'external_lib': None,
[36m(main_task pid=22204)[0m                             'fsdp_config': {'fsdp_size': -1,
[36m(main_task pid=22204)[0m                                             'min_num_params': 0,
[36m(main_task pid=22204)[0m                                             'param_offload': False},
[36m(main_task pid=22204)[0m                             'input_tokenizer': '/root/autodl-tmp/models/Qwen/Qwen2.5-3B-Instruct',
[36m(main_task pid=22204)[0m                             'path': '~/models/FsfairX-LLaMA3-RM-v0.1',
[36m(main_task pid=22204)[0m                             'use_remove_padding': True},
[36m(main_task pid=22204)[0m                   'pbrs_gamma': 0.5,
[36m(main_task pid=22204)[0m                   'query_repetition_penalty_coef': 0.05,
[36m(main_task pid=22204)[0m                   'reward_manager': 'naive',
[36m(main_task pid=22204)[0m                   'strategy': 'fsdp',
[36m(main_task pid=22204)[0m                   'ulysses_sequence_parallel_size': 2,
[36m(main_task pid=22204)[0m                   'use_curriculum': False,
[36m(main_task pid=22204)[0m                   'use_dynamic_bsz': True,
[36m(main_task pid=22204)[0m                   'use_pbrs': False,
[36m(main_task pid=22204)[0m                   'use_query_monitoring': False},
[36m(main_task pid=22204)[0m  'search_engine': 'rag',
[36m(main_task pid=22204)[0m  'trainer': {'critic_warmup': 0,
[36m(main_task pid=22204)[0m              'default_hdfs_dir': None,
[36m(main_task pid=22204)[0m              'default_local_dir': './ckpts/verl_examples/exp03_lora_rank64_alpha16',
[36m(main_task pid=22204)[0m              'del_local_ckpt_after_load': False,
[36m(main_task pid=22204)[0m              'experiment_name': 'exp03_lora_rank64_alpha16',
[36m(main_task pid=22204)[0m              'logger': ['console', 'swanlab'],
[36m(main_task pid=22204)[0m              'n_gpus_per_node': 1,
[36m(main_task pid=22204)[0m              'nnodes': 1,
[36m(main_task pid=22204)[0m              'project_name': 'verl_examples',
[36m(main_task pid=22204)[0m              'remove_previous_ckpt_in_save': False,
[36m(main_task pid=22204)[0m              'resume_from_path': False,
[36m(main_task pid=22204)[0m              'resume_mode': 'auto',
[36m(main_task pid=22204)[0m              'save_freq': 500,
[36m(main_task pid=22204)[0m              'test_freq': 100,
[36m(main_task pid=22204)[0m              'total_epochs': 30,
[36m(main_task pid=22204)[0m              'total_training_steps': 3000,
[36m(main_task pid=22204)[0m              'val_before_train': False,
[36m(main_task pid=22204)[0m              'val_generations_to_log_to_wandb': 0}}
[36m(main_task pid=22204)[0m update signal file finish!
[36m(main_task pid=22204)[0m [validate_config] All configuration checks passed successfully!
[36m(main_task pid=22204)[0m original dataset len: 80000
[36m(main_task pid=22204)[0m filter dataset len: 80000
[36m(main_task pid=22204)[0m original dataset len: 3197
[36m(main_task pid=22204)[0m filter dataset len: 3197
[36m(main_task pid=22204)[0m Size of train dataloader: 156
[36m(main_task pid=22204)[0m Total training steps: 3000
[36m(WorkerDict pid=22331)[0m Model config after override: Qwen2Config {
[36m(WorkerDict pid=22331)[0m   "architectures": [
[36m(WorkerDict pid=22331)[0m     "Qwen2ForCausalLM"
[36m(WorkerDict pid=22331)[0m   ],
[36m(WorkerDict pid=22331)[0m   "attention_dropout": 0.0,
[36m(WorkerDict pid=22331)[0m   "bos_token_id": null,
[36m(WorkerDict pid=22331)[0m   "dtype": "bfloat16",
[36m(WorkerDict pid=22331)[0m   "eos_token_id": 151645,
[36m(WorkerDict pid=22331)[0m   "hidden_act": "silu",
[36m(WorkerDict pid=22331)[0m   "hidden_size": 2048,
[36m(WorkerDict pid=22331)[0m   "initializer_range": 0.02,
[36m(WorkerDict pid=22331)[0m   "intermediate_size": 11008,
[36m(WorkerDict pid=22331)[0m   "layer_types": [
[36m(WorkerDict pid=22331)[0m     "full_attention",
[36m(WorkerDict pid=22331)[0m     "full_attention",
[36m(WorkerDict pid=22331)[0m     "full_attention",
[36m(WorkerDict pid=22331)[0m     "full_attention",
[36m(WorkerDict pid=22331)[0m     "full_attention",
[36m(WorkerDict pid=22331)[0m     "full_attention",
[36m(WorkerDict pid=22331)[0m     "full_attention",
[36m(WorkerDict pid=22331)[0m     "full_attention",
[36m(WorkerDict pid=22331)[0m     "full_attention",
[36m(WorkerDict pid=22331)[0m     "full_attention",
[36m(WorkerDict pid=22331)[0m     "full_attention",
[36m(WorkerDict pid=22331)[0m     "full_attention",
[36m(WorkerDict pid=22331)[0m     "full_attention",
[36m(WorkerDict pid=22331)[0m     "full_attention",
[36m(WorkerDict pid=22331)[0m     "full_attention",
[36m(WorkerDict pid=22331)[0m     "full_attention",
[36m(WorkerDict pid=22331)[0m     "full_attention",
[36m(WorkerDict pid=22331)[0m     "full_attention",
[36m(WorkerDict pid=22331)[0m     "full_attention",
[36m(WorkerDict pid=22331)[0m     "full_attention",
[36m(WorkerDict pid=22331)[0m     "full_attention",
[36m(WorkerDict pid=22331)[0m Loading weights:   0%|          | 0/434 [00:00<?, ?it/s]Loading weights: 100%|██████████| 434/434 [00:00<00:00, 11316.08it/s]
[36m(WorkerDict pid=22331)[0m /root/miniconda3/lib/python3.12/site-packages/torch/distributed/c10d_logger.py:83: UserWarning: barrier(): using the device under current context. You can specify `device_id` in `init_process_group` to mute this warning.
[36m(WorkerDict pid=22331)[0m   return func(*args, **kwargs)
[36m(WorkerDict pid=22331)[0m [rank0]:[W525 13:48:20.414970949 ProcessGroupNCCL.cpp:5188] Guessing device ID based on global rank. This can cause a hang if rank to GPU mapping is heterogeneous. You can specify device_id in init_process_group()
[36m(WorkerDict pid=22331)[0m /root/miniconda3/lib/python3.12/site-packages/torch/distributed/fsdp/fully_sharded_data_parallel.py:478: UserWarning: FSDP is switching to use `NO_SHARD` instead of ShardingStrategy.FULL_SHARD since the world size is 1.
[36m(WorkerDict pid=22331)[0m   _init_core_state(
[36m(WorkerDict pid=22331)[0m Loading weights:   0%|          | 0/434 [00:00<?, ?it/s]Loading weights: 100%|██████████| 434/434 [00:00<00:00, 10878.54it/s]
[36m(WorkerDict pid=22331)[0m /root/miniconda3/lib/python3.12/site-packages/torch/distributed/c10d_logger.py:83: UserWarning: barrier(): using the device under current context. You can specify `device_id` in `init_process_group` to mute this warning.
[36m(WorkerDict pid=22331)[0m   return func(*args, **kwargs)
[36m(WorkerDict pid=22331)[0m /root/miniconda3/lib/python3.12/site-packages/torch/distributed/fsdp/fully_sharded_data_parallel.py:478: UserWarning: FSDP is switching to use `NO_SHARD` instead of ShardingStrategy.FULL_SHARD since the world size is 1.
[36m(WorkerDict pid=22331)[0m   _init_core_state(
[36m(WorkerDict pid=22331)[0m     "full_attention",
[36m(WorkerDict pid=22331)[0m     "full_attention",
[36m(WorkerDict pid=22331)[0m     "full_attention",
[36m(WorkerDict pid=22331)[0m     "full_attention",
[36m(WorkerDict pid=22331)[0m     "full_attention",
[36m(WorkerDict pid=22331)[0m     "full_attention",
[36m(WorkerDict pid=22331)[0m     "full_attention",
[36m(WorkerDict pid=22331)[0m     "full_attention",
[36m(WorkerDict pid=22331)[0m     "full_attention",
[36m(WorkerDict pid=22331)[0m     "full_attention",
[36m(WorkerDict pid=22331)[0m     "full_attention",
[36m(WorkerDict pid=22331)[0m     "full_attention",
[36m(WorkerDict pid=22331)[0m     "full_attention",
[36m(WorkerDict pid=22331)[0m     "full_attention",
[36m(WorkerDict pid=22331)[0m     "full_attention"
[36m(WorkerDict pid=22331)[0m   ],
[36m(WorkerDict pid=22331)[0m   "max_position_embeddings": 32768,
[36m(WorkerDict pid=22331)[0m   "max_window_layers": 70,
[36m(WorkerDict pid=22331)[0m   "model_type": "qwen2",
[36m(WorkerDict pid=22331)[0m   "num_attention_heads": 16,
[36m(WorkerDict pid=22331)[0m   "num_hidden_layers": 36,
[36m(WorkerDict pid=22331)[0m   "num_key_value_heads": 2,
[36m(WorkerDict pid=22331)[0m   "pad_token_id": 151643,
[36m(WorkerDict pid=22331)[0m   "rms_norm_eps": 1e-06,
[36m(WorkerDict pid=22331)[0m   "rope_parameters": {
[36m(WorkerDict pid=22331)[0m     "rope_theta": 1000000.0,
[36m(WorkerDict pid=22331)[0m     "rope_type": "default"
[36m(WorkerDict pid=22331)[0m   },
[36m(WorkerDict pid=22331)[0m   "sliding_window": null,
[36m(WorkerDict pid=22331)[0m   "tie_word_embeddings": true,
[36m(WorkerDict pid=22331)[0m   "transformers_version": "5.9.0",
[36m(WorkerDict pid=22331)[0m   "use_cache": true,
[36m(WorkerDict pid=22331)[0m   "use_sliding_window": false,
[36m(WorkerDict pid=22331)[0m   "vocab_size": 151936
[36m(WorkerDict pid=22331)[0m }
[36m(WorkerDict pid=22331)[0m 
[36m(WorkerDict pid=22331)[0m Qwen2ForCausalLM contains 3.09B parameters
[36m(WorkerDict pid=22331)[0m wrap_policy: functools.partial(<function _or_policy at 0x7f4303423240>, policies=[functools.partial(<function transformer_auto_wrap_policy at 0x7f4303423100>, transformer_layer_cls={<class 'transformers.models.qwen2.modeling_qwen2.Qwen2DecoderLayer'>})])
[36m(WorkerDict pid=22331)[0m Actor use_remove_padding=True
[36m(WorkerDict pid=22331)[0m Model config after override: Qwen2Config {
[36m(WorkerDict pid=22331)[0m   "architectures": [
[36m(WorkerDict pid=22331)[0m     "Qwen2ForCausalLM"
[36m(WorkerDict pid=22331)[0m   ],
[36m(WorkerDict pid=22331)[0m   "attention_dropout": 0.0,
[36m(WorkerDict pid=22331)[0m   "bos_token_id": null,
[36m(WorkerDict pid=22331)[0m   "dtype": "bfloat16",
[36m(WorkerDict pid=22331)[0m   "eos_token_id": 151645,
[36m(WorkerDict pid=22331)[0m   "hidden_act": "silu",
[36m(WorkerDict pid=22331)[0m   "hidden_size": 2048,
[36m(WorkerDict pid=22331)[0m   "initializer_range": 0.02,
[36m(WorkerDict pid=22331)[0m   "intermediate_size": 11008,
[36m(WorkerDict pid=22331)[0m   "layer_types": [
[36m(WorkerDict pid=22331)[0m     "full_attention",
[36m(WorkerDict pid=22331)[0m     "full_attention",
[36m(WorkerDict pid=22331)[0m     "full_attention",
[36m(WorkerDict pid=22331)[0m     "full_attention",
[36m(WorkerDict pid=22331)[0m     "full_attention",
[36m(WorkerDict pid=22331)[0m     "full_attention",
[36m(WorkerDict pid=22331)[0m     "full_attention",
[36m(WorkerDict pid=22331)[0m     "full_attention",
[36m(WorkerDict pid=22331)[0m     "full_attention",
[36m(WorkerDict pid=22331)[0m     "full_attention",
[36m(WorkerDict pid=22331)[0m     "full_attention",
[36m(WorkerDict pid=22331)[0m     "full_attention",
[36m(WorkerDict pid=22331)[0m     "full_attention",
[36m(WorkerDict pid=22331)[0m     "full_attention",
[36m(WorkerDict pid=22331)[0m     "full_attention",
[36m(WorkerDict pid=22331)[0m     "full_attention",
[36m(WorkerDict pid=22331)[0m     "full_attention",
[36m(WorkerDict pid=22331)[0m     "full_attention",
[36m(WorkerDict pid=22331)[0m     "full_attention",
[36m(WorkerDict pid=22331)[0m     "full_attention",
[36m(WorkerDict pid=22331)[0m     "full_attention",
[36m(WorkerDict pid=22331)[0m     "full_attention",
[36m(WorkerDict pid=22331)[0m     "full_attention",
[36m(WorkerDict pid=22331)[0m     "full_attention",
[36m(WorkerDict pid=22331)[0m     "full_attention",
[36m(WorkerDict pid=22331)[0m     "full_attention",
[36m(WorkerDict pid=22331)[0m     "full_attention",
[36m(WorkerDict pid=22331)[0m     "full_attention",
[36m(WorkerDict pid=22331)[0m     "full_attention",
[36m(WorkerDict pid=22331)[0m     "full_attention",
[36m(WorkerDict pid=22331)[0m     "full_attention",
[36m(WorkerDict pid=22331)[0m     "full_attention",
[36m(WorkerDict pid=22331)[0m     "full_attention",
[36m(WorkerDict pid=22331)[0m     "full_attention",
[36m(WorkerDict pid=22331)[0m     "full_attention",
[36m(WorkerDict pid=22331)[0m     "full_attention"
[36m(WorkerDict pid=22331)[0m   ],
[36m(WorkerDict pid=22331)[0m   "max_position_embeddings": 32768,
[36m(WorkerDict pid=22331)[0m   "max_window_layers": 70,
[36m(WorkerDict pid=22331)[0m   "model_type": "qwen2",
[36m(WorkerDict pid=22331)[0m   "num_attention_heads": 16,
[36m(WorkerDict pid=22331)[0m   "num_hidden_layers": 36,
[36m(WorkerDict pid=22331)[0m   "num_key_value_heads": 2,
[36m(WorkerDict pid=22331)[0m   "pad_token_id": 151643,
[36m(WorkerDict pid=22331)[0m   "rms_norm_eps": 1e-06,
[36m(WorkerDict pid=22331)[0m   "rope_parameters": {
[36m(WorkerDict pid=22331)[0m     "rope_theta": 1000000.0,
[36m(WorkerDict pid=22331)[0m     "rope_type": "default"
[36m(WorkerDict pid=22331)[0m   },
[36m(WorkerDict pid=22331)[0m   "sliding_window": null,
[36m(WorkerDict pid=22331)[0m   "tie_word_embeddings": true,
[36m(WorkerDict pid=22331)[0m   "transformers_version": "5.9.0",
[36m(WorkerDict pid=22331)[0m   "use_cache": true,
[36m(WorkerDict pid=22331)[0m   "use_sliding_window": false,
[36m(WorkerDict pid=22331)[0m   "vocab_size": 151936
[36m(WorkerDict pid=22331)[0m }
[36m(WorkerDict pid=22331)[0m 
[36m(WorkerDict pid=22331)[0m trainable params: 29,491,200 || all params: 3,115,429,888 || trainable%: 0.9466
[36m(WorkerDict pid=22331)[0m [LoRA] Injected LoRA adapters: rank=64, alpha=16
[36m(WorkerDict pid=22331)[0m PeftModelForCausalLM contains 3.12B parameters
[36m(WorkerDict pid=22331)[0m wrap_policy: functools.partial(<function _or_policy at 0x7f4303423240>, policies=[functools.partial(<function lambda_auto_wrap_policy at 0x7f4303422c00>, lambda_fn=<function get_fsdp_wrap_policy.<locals>.lambda_policy_fn at 0x7f401ff96de0>), functools.partial(<function transformer_auto_wrap_policy at 0x7f4303423100>, transformer_layer_cls={<class 'transformers.models.qwen2.modeling_qwen2.Qwen2DecoderLayer'>})])
[36m(WorkerDict pid=22331)[0m Total steps: 3000, num_warmup_steps: 0
[36m(WorkerDict pid=22331)[0m Actor use_remove_padding=True
[36m(WorkerDict pid=22331)[0m Before building vllm rollout, memory allocated (GB): 11.676271915435791, memory reserved (GB): 12.408203125
[36m(WorkerDict pid=22331)[0m INFO 05-25 13:48:27 [utils.py:240] non-default args: {'dtype': 'bfloat16', 'max_model_len': 1024, 'distributed_executor_backend': 'external_launcher', 'enable_prefix_caching': True, 'gpu_memory_utilization': 0.3, 'max_num_batched_tokens': 2048, 'disable_log_stats': True, 'enforce_eager': True, 'disable_custom_all_reduce': True, 'enable_chunked_prefill': True, 'enable_sleep_mode': True, 'model': '/root/autodl-tmp/models/Qwen/Qwen2.5-3B-Instruct'}
[36m(WorkerDict pid=22331)[0m INFO 05-25 13:48:34 [model.py:568] Resolved architecture: Qwen2ForCausalLM
[36m(WorkerDict pid=22331)[0m INFO 05-25 13:48:34 [model.py:1697] Using max model len 1024
[36m(WorkerDict pid=22331)[0m WARNING:2026-05-25 13:48:36,164:Failed to get device capability: SM 12.x requires CUDA >= 12.9.
[36m(WorkerDict pid=22331)[0m WARNING:2026-05-25 13:48:36,165:Failed to get device capability: SM 12.x requires CUDA >= 12.9.
[36m(WorkerDict pid=22331)[0m INFO 05-25 13:48:34 [arg_utils.py:1739] Using ray runtime env (env vars redacted): {'env_vars': {'NCCL_DEBUG': '***', 'RANK': '***', 'RAY_LOCAL_RANK': '***', 'RAY_LOCAL_WORLD_SIZE': '***', 'TOKENIZERS_PARALLELISM': '***', 'WG_BACKEND': '***', 'WG_PREFIX': '***', 'WORLD_SIZE': '***'}}
[36m(WorkerDict pid=22331)[0m INFO 05-25 13:48:34 [parallel.py:769] Using external launcher for distributed inference.
[36m(WorkerDict pid=22331)[0m INFO 05-25 13:48:34 [parallel.py:829] Disabling V1 multiprocessing for external launcher.
[36m(WorkerDict pid=22331)[0m INFO 05-25 13:48:34 [scheduler.py:239] Chunked prefill is enabled with max_num_batched_tokens=2048.
[36m(WorkerDict pid=22331)[0m INFO 05-25 13:48:34 [vllm.py:886] Asynchronous scheduling is enabled.
[36m(WorkerDict pid=22331)[0m WARNING 05-25 13:48:34 [vllm.py:942] Enforce eager set, disabling torch.compile and CUDAGraphs. This is equivalent to setting -cc.mode=none -cc.cudagraph_mode=none
[36m(WorkerDict pid=22331)[0m WARNING 05-25 13:48:34 [vllm.py:960] Inductor compilation was disabled by user settings, optimizations settings that are only active during inductor compilation will be ignored.
[36m(WorkerDict pid=22331)[0m INFO 05-25 13:48:34 [kernel.py:212] Final IR op priority after setting platform defaults: IrOpPriorityConfig(rms_norm=['vllm_c', 'native'], fused_add_rms_norm=['vllm_c', 'native'])
[36m(WorkerDict pid=22331)[0m INFO 05-25 13:48:34 [vllm.py:1135] Cudagraph is disabled under eager mode
[36m(WorkerDict pid=22331)[0m INFO 05-25 13:48:34 [compilation.py:303] Enabled custom fusions: norm_quant, act_quant
[36m(WorkerDict pid=22331)[0m INFO 05-25 13:48:35 [core.py:109] Initializing a V1 LLM engine (v0.21.0) with config: model='/root/autodl-tmp/models/Qwen/Qwen2.5-3B-Instruct', speculative_config=None, tokenizer='/root/autodl-tmp/models/Qwen/Qwen2.5-3B-Instruct', skip_tokenizer_init=False, tokenizer_mode=auto, revision=None, tokenizer_revision=None, trust_remote_code=False, dtype=torch.bfloat16, max_seq_len=1024, download_dir=None, load_format=auto, tensor_parallel_size=1, pipeline_parallel_size=1, data_parallel_size=1, decode_context_parallel_size=1, dcp_comm_backend=ag_rs, disable_custom_all_reduce=True, quantization=None, quantization_config=None, enforce_eager=True, enable_return_routed_experts=False, kv_cache_dtype=auto, device_config=cuda, structured_outputs_config=StructuredOutputsConfig(backend='auto', disable_any_whitespace=False, disable_additional_properties=False, reasoning_parser='', reasoning_parser_plugin='', enable_in_reasoning=False), observability_config=ObservabilityConfig(show_hidden_metrics_for_version=None, otlp_traces_endpoint=None, collect_detailed_traces=None, kv_cache_metrics=False, kv_cache_metrics_sample=0.01, cudagraph_metrics=False, enable_layerwise_nvtx_tracing=False, enable_mfu_metrics=False, enable_mm_processor_stats=False, enable_logging_iteration_details=False), seed=0, served_model_name=/root/autodl-tmp/models/Qwen/Qwen2.5-3B-Instruct, enable_prefix_caching=True, enable_chunked_prefill=True, pooler_config=None, compilation_config={'mode': <CompilationMode.NONE: 0>, 'debug_dump_path': None, 'cache_dir': '', 'compile_cache_save_format': 'binary', 'backend': 'inductor', 'custom_ops': ['all'], 'ir_enable_torch_wrap': False, 'splitting_ops': [], 'compile_mm_encoder': False, 'cudagraph_mm_encoder': False, 'encoder_cudagraph_token_budgets': [], 'encoder_cudagraph_max_vision_items_per_batch': 0, 'encoder_cudagraph_max_frames_per_batch': None, 'compile_sizes': [], 'compile_ranges_endpoints': [2048], 'inductor_compile_config': {'enable_auto_functionalized_v2': False, 'size_asserts': False, 'alignment_asserts': False, 'scalar_asserts': False, 'combo_kernels': True, 'benchmark_combo_kernel': True}, 'inductor_passes': {}, 'cudagraph_mode': <CUDAGraphMode.NONE: 0>, 'cudagraph_num_of_warmups': 0, 'cudagraph_capture_sizes': [], 'cudagraph_copy_inputs': False, 'cudagraph_specialize_lora': True, 'use_inductor_graph_partition': False, 'pass_config': {'fuse_norm_quant': True, 'fuse_act_quant': True, 'fuse_attn_quant': False, 'enable_sp': False, 'fuse_gemm_comms': False, 'fuse_allreduce_rms': False, 'fuse_act_padding': False}, 'max_cudagraph_capture_size': 0, 'dynamic_shapes_config': {'type': <DynamicShapesType.BACKED: 'backed'>, 'evaluate_guards': False, 'assume_32_bit_indexing': False}, 'local_cache_dir': None, 'fast_moe_cold_start': False, 'static_all_moe_layers': []}, kernel_config=KernelConfig(ir_op_priority=IrOpPriorityConfig(rms_norm=['vllm_c', 'native'], fused_add_rms_norm=['vllm_c', 'native']), enable_flashinfer_autotune=False, moe_backend='auto')
[36m(WorkerDict pid=22331)[0m INFO 05-25 13:48:35 [parallel_state.py:1723] rank 0 in world size 1 is assigned as DP rank 0, PP rank 0, PCP rank 0, TP rank 0, EP rank N/A, EPLB rank N/A
[36m(WorkerDict pid=22331)[0m INFO 05-25 13:48:36 [topk_topp_sampler.py:45] Using FlashInfer for top-p & top-k sampling.
Error executing job with overrides: ['actor_rollout_ref.model.path=/root/autodl-tmp/models/Qwen/Qwen2.5-3B-Instruct', 'actor_rollout_ref.model.use_remove_padding=true', 'actor_rollout_ref.model.use_lora=true', 'actor_rollout_ref.model.lora_rank=64', 'actor_rollout_ref.model.lora_alpha=16', 'actor_rollout_ref.model.lora_dropout=0.0', '+actor_rollout_ref.actor.fsdp_config.model_dtype=bf16', 'actor_rollout_ref.actor.fsdp_config.param_offload=false', 'actor_rollout_ref.actor.fsdp_config.optimizer_offload=False', 'actor_rollout_ref.actor.ulysses_sequence_parallel_size=1', 'actor_rollout_ref.ref.fsdp_config.param_offload=true', 'actor_rollout_ref.ref.ulysses_sequence_parallel_size=1', 'actor_rollout_ref.rollout.tensor_model_parallel_size=1', 'actor_rollout_ref.rollout.gpu_memory_utilization=0.3', 'actor_rollout_ref.rollout.max_model_len=2048', 'actor_rollout_ref.rollout.max_num_batched_tokens=2048', 'critic.model.path=/root/autodl-tmp/models/Qwen/Qwen2.5-3B-Instruct', 'critic.ulysses_sequence_parallel_size=1', 'data.train_files=/root/DeepResearcher/data/train.parquet', 'data.max_prompt_length=512', 'data.max_response_length=512', 'data.train_batch_size=512', '+data.num_workers=0', 'algorithm.adv_estimator=drgrpo', 'algorithm.kl_penalty=kl', 'algorithm.kl_ctrl.type=fixed', 'algorithm.kl_ctrl.kl_coef=0.001', 'algorithm.gamma=1.0', 'algorithm.lam=1.0', 'trainer.total_training_steps=3000', 'trainer.experiment_name=exp03_lora_rank64_alpha16', "trainer.logger=['console','swanlab']", 'trainer.save_freq=500', 'trainer.test_freq=100', '+trainer.val_before_train=false', 'trainer.nnodes=1', 'trainer.n_gpus_per_node=1', 'max_turns=6', 'do_search=true', 'agent_grpo.n=2', 'search_engine=rag', 'reward_model.reward_manager=naive', 'reward_model.use_pbrs=false', 'reward_model.use_curriculum=false', 'reward_model.use_query_monitoring=false', 'algorithm.entropy_bonus_coef=0.0']
Traceback (most recent call last):
  File "/root/DeepResearcher/verl/trainer/main_ppo.py", line 168, in <module>
    main()
  File "/root/miniconda3/lib/python3.12/site-packages/hydra/main.py", line 94, in decorated_main
    _run_hydra(
  File "/root/miniconda3/lib/python3.12/site-packages/hydra/_internal/utils.py", line 394, in _run_hydra
    _run_app(
  File "/root/miniconda3/lib/python3.12/site-packages/hydra/_internal/utils.py", line 457, in _run_app
    run_and_report(
  File "/root/miniconda3/lib/python3.12/site-packages/hydra/_internal/utils.py", line 223, in run_and_report
    raise ex
  File "/root/miniconda3/lib/python3.12/site-packages/hydra/_internal/utils.py", line 220, in run_and_report
    return func()
           ^^^^^^
  File "/root/miniconda3/lib/python3.12/site-packages/hydra/_internal/utils.py", line 458, in <lambda>
    lambda: hydra.run(
            ^^^^^^^^^^
  File "/root/miniconda3/lib/python3.12/site-packages/hydra/_internal/hydra.py", line 132, in run
    _ = ret.return_value
        ^^^^^^^^^^^^^^^^
  File "/root/miniconda3/lib/python3.12/site-packages/hydra/core/utils.py", line 260, in return_value
    raise self._return_value
  File "/root/miniconda3/lib/python3.12/site-packages/hydra/core/utils.py", line 186, in run_job
    ret.return_value = task_function(task_cfg)
                       ^^^^^^^^^^^^^^^^^^^^^^^
  File "/root/DeepResearcher/verl/trainer/main_ppo.py", line 26, in main
    run_ppo(config)
  File "/root/DeepResearcher/verl/trainer/main_ppo.py", line 34, in run_ppo
    ray.get(main_task.remote(config, compute_score))
  File "/root/miniconda3/lib/python3.12/site-packages/ray/_private/auto_init_hook.py", line 22, in auto_init_wrapper
    return fn(*args, **kwargs)
           ^^^^^^^^^^^^^^^^^^^
  File "/root/miniconda3/lib/python3.12/site-packages/ray/_private/client_mode_hook.py", line 107, in wrapper
    return func(*args, **kwargs)
           ^^^^^^^^^^^^^^^^^^^^^
  File "/root/miniconda3/lib/python3.12/site-packages/ray/_private/worker.py", line 2980, in get
    values, debugger_breakpoint = worker.get_objects(
                                  ^^^^^^^^^^^^^^^^^^^
  File "/root/miniconda3/lib/python3.12/site-packages/ray/_private/worker.py", line 1023, in get_objects
    raise value.as_instanceof_cause()
ray.exceptions.RayTaskError(ImportError): [36mray::main_task()[39m (pid=22204, ip=172.17.0.6)
  File "/root/DeepResearcher/verl/trainer/main_ppo.py", line 163, in main_task
    trainer.init_workers()
  File "/root/DeepResearcher/verl/trainer/ppo/ray_trainer.py", line 905, in init_workers
    self.actor_rollout_wg.init_model()
  File "/root/DeepResearcher/verl/single_controller/ray/base.py", line 42, in func
    output = ray.get(output)
             ^^^^^^^^^^^^^^^
           ^^^^^^^^^^^^^^^^^^^
           ^^^^^^^^^^^^^^^^^^^^^
                                  ^^^^^^^^^^^^^^^^^^^
ray.exceptions.RayTaskError(ImportError): [36mray::WorkerDict.actor_rollout_init_model()[39m (pid=22331, ip=172.17.0.6, actor_id=cba9c53131fe2934a1c2569201000000, repr=<verl.single_controller.ray.base.WorkerDict object at 0x7f40cd65f200>)
           ^^^^^^^^^^^^^^^^^^^^^^^^^^^^^^^^^^^^
           ^^^^^^^^^^^^^^^^^^^^^^^^^^^^^^^
  File "/root/DeepResearcher/verl/single_controller/ray/base.py", line 399, in func
    return getattr(self.worker_dict[key], name)(*args, **kwargs)
           ^^^^^^^^^^^^^^^^^^^^^^^^^^^^^^^^^^^^^^^^^^^^^^^^^^^^^
  File "/root/DeepResearcher/verl/single_controller/base/decorator.py", line 404, in inner
    return func(*args, **kwargs)
           ^^^^^^^^^^^^^^^^^^^^^
  File "/root/DeepResearcher/verl/workers/fsdp_workers.py", line 444, in init_model
    self.rollout, self.rollout_sharding_manager = self._build_rollout()
                                                  ^^^^^^^^^^^^^^^^^^^^^
  File "/root/DeepResearcher/verl/workers/fsdp_workers.py", line 357, in _build_rollout
    rollout = vLLMRollout(model_path=local_path,
              ^^^^^^^^^^^^^^^^^^^^^^^^^^^^^^^^^^
  File "/root/DeepResearcher/verl/workers/rollout/vllm_rollout/vllm_rollout_spmd.py", line 101, in __init__
    self.inference_engine = LLM(
                            ^^^^
  File "/root/miniconda3/lib/python3.12/site-packages/vllm/entrypoints/llm.py", line 381, in __init__
    self.llm_engine = LLMEngine.from_engine_args(
                      ^^^^^^^^^^^^^^^^^^^^^^^^^^^
  File "/root/miniconda3/lib/python3.12/site-packages/vllm/v1/engine/llm_engine.py", line 170, in from_engine_args
    return cls(
           ^^^^
  File "/root/miniconda3/lib/python3.12/site-packages/vllm/v1/engine/llm_engine.py", line 104, in __init__
    self.engine_core = EngineCoreClient.make_client(
                       ^^^^^^^^^^^^^^^^^^^^^^^^^^^^^
  File "/root/miniconda3/lib/python3.12/site-packages/vllm/v1/engine/core_client.py", line 103, in make_client
    return InprocClient(vllm_config, executor_class, log_stats)
           ^^^^^^^^^^^^^^^^^^^^^^^^^^^^^^^^^^^^^^^^^^^^^^^^^^^^
  File "/root/miniconda3/lib/python3.12/site-packages/vllm/v1/engine/core_client.py", line 285, in __init__
    self.engine_core = EngineCore(*args, **kwargs)
                       ^^^^^^^^^^^^^^^^^^^^^^^^^^^
  File "/root/miniconda3/lib/python3.12/site-packages/vllm/v1/engine/core.py", line 118, in __init__
    self.model_executor = executor_class(vllm_config)
                          ^^^^^^^^^^^^^^^^^^^^^^^^^^^
  File "/root/miniconda3/lib/python3.12/site-packages/vllm/tracing/otel.py", line 178, in sync_wrapper
    return func(*args, **kwargs)
           ^^^^^^^^^^^^^^^^^^^^^
  File "/root/miniconda3/lib/python3.12/site-packages/vllm/v1/executor/abstract.py", line 109, in __init__
    self._init_executor()
  File "/root/miniconda3/lib/python3.12/site-packages/vllm/v1/executor/uniproc_executor.py", line 172, in _init_executor
    super()._init_executor()
  File "/root/miniconda3/lib/python3.12/site-packages/vllm/v1/executor/uniproc_executor.py", line 65, in _init_executor
    self.driver_worker.load_model()
  File "/root/miniconda3/lib/python3.12/site-packages/vllm/v1/worker/gpu_worker.py", line 340, in load_model
    self._maybe_get_memory_pool_context(tag="weights"),
    ^^^^^^^^^^^^^^^^^^^^^^^^^^^^^^^^^^^^^^^^^^^^^^^^^^
  File "/root/miniconda3/lib/python3.12/site-packages/vllm/v1/worker/gpu_worker.py", line 205, in _maybe_get_memory_pool_context
    from vllm.device_allocator.cumem import CuMemAllocator
  File "/root/miniconda3/lib/python3.12/site-packages/vllm/device_allocator/cumem.py", line 30, in <module>
    from vllm.cumem_allocator import (
ImportError: libnvrtc.so.13: cannot open shared object file: No such file or directory
2026-05-25 13:50:12,684	WARNING utils.py:461 -- Detecting docker specified CPUs. In previous versions of Ray, CPU detection in containers was incorrect. Please ensure that Ray has enough CPUs allocated. As a temporary workaround to revert to the prior behavior, set `RAY_USE_MULTIPROCESSING_CPU_COUNT=1` as an env var before starting Ray. Set the env var: `RAY_DISABLE_DOCKER_CPU_WARNING=1` to mute this warning.
2026-05-25 13:50:15,957	INFO worker.py:2012 -- Started a local Ray instance.
/root/miniconda3/lib/python3.12/site-packages/ray/_private/worker.py:2051: FutureWarning: Tip: In future versions of Ray, Ray will no longer override accelerator visible devices env var if num_gpus=0 or num_gpus=None (default). To enable this behavior and turn off this error message, set RAY_ACCEL_ENV_VAR_OVERRIDE_ON_ZERO=0
  warnings.warn(
[36m(main_task pid=24556)[0m {'actor_rollout_ref': {'actor': {'clip_ratio': 0.2,
[36m(main_task pid=24556)[0m                                  'entropy_coeff': 0.001,
[36m(main_task pid=24556)[0m                                  'fsdp_config': {'fsdp_size': -1,
[36m(main_task pid=24556)[0m                                                  'model_dtype': 'bf16',
[36m(main_task pid=24556)[0m                                                  'optimizer_offload': False,
[36m(main_task pid=24556)[0m                                                  'param_offload': False,
[36m(main_task pid=24556)[0m                                                  'wrap_policy': {'min_num_params': 0}},
[36m(main_task pid=24556)[0m                                  'grad_clip': 1.0,
[36m(main_task pid=24556)[0m                                  'kl_loss_coef': 0.001,
[36m(main_task pid=24556)[0m                                  'kl_loss_type': 'low_var_kl',
[36m(main_task pid=24556)[0m                                  'optim': {'lr': 1e-06,
[36m(main_task pid=24556)[0m                                            'lr_warmup_steps_ratio': 0.0,
[36m(main_task pid=24556)[0m                                            'min_lr_ratio': None,
[36m(main_task pid=24556)[0m                                            'total_training_steps': -1,
[36m(main_task pid=24556)[0m                                            'warmup_style': 'constant'},
[36m(main_task pid=24556)[0m                                  'ppo_epochs': 1,
[36m(main_task pid=24556)[0m                                  'ppo_max_token_len_per_gpu': 8192,
[36m(main_task pid=24556)[0m                                  'ppo_micro_batch_size': None,
[36m(main_task pid=24556)[0m                                  'ppo_micro_batch_size_per_gpu': None,
[36m(main_task pid=24556)[0m                                  'ppo_mini_batch_size': 256,
[36m(main_task pid=24556)[0m                                  'shuffle': False,
[36m(main_task pid=24556)[0m                                  'strategy': 'fsdp',
[36m(main_task pid=24556)[0m                                  'ulysses_sequence_parallel_size': 1,
[36m(main_task pid=24556)[0m                                  'use_dynamic_bsz': True,
[36m(main_task pid=24556)[0m                                  'use_kl_loss': True},
[36m(main_task pid=24556)[0m                        'hybrid_engine': True,
[36m(main_task pid=24556)[0m                        'model': {'enable_gradient_checkpointing': True,
[36m(main_task pid=24556)[0m                                  'external_lib': None,
[36m(main_task pid=24556)[0m                                  'lora_alpha': 16,
[36m(main_task pid=24556)[0m                                  'lora_dropout': 0.0,
[36m(main_task pid=24556)[0m                                  'lora_rank': 64,
[36m(main_task pid=24556)[0m                                  'override_config': {},
[36m(main_task pid=24556)[0m                                  'path': '/root/autodl-tmp/models/Qwen/Qwen2.5-3B-Instruct',
[36m(main_task pid=24556)[0m                                  'use_lora': True,
[36m(main_task pid=24556)[0m                                  'use_remove_padding': True},
[36m(main_task pid=24556)[0m                        'ref': {'fsdp_config': {'param_offload': True,
[36m(main_task pid=24556)[0m                                                'wrap_policy': {'min_num_params': 0}},
[36m(main_task pid=24556)[0m                                'log_prob_max_token_len_per_gpu': 8192,
[36m(main_task pid=24556)[0m                                'log_prob_micro_batch_size': None,
[36m(main_task pid=24556)[0m                                'log_prob_micro_batch_size_per_gpu': None,
[36m(main_task pid=24556)[0m                                'log_prob_use_dynamic_bsz': True,
[36m(main_task pid=24556)[0m                                'ulysses_sequence_parallel_size': 1},
[36m(main_task pid=24556)[0m                        'rollout': {'disable_log_stats': True,
[36m(main_task pid=24556)[0m                                    'do_sample': True,
[36m(main_task pid=24556)[0m                                    'dtype': 'bfloat16',
[36m(main_task pid=24556)[0m                                    'enable_chunked_prefill': True,
[36m(main_task pid=24556)[0m                                    'enforce_eager': True,
[36m(main_task pid=24556)[0m                                    'free_cache_engine': True,
[36m(main_task pid=24556)[0m                                    'gpu_memory_utilization': 0.3,
[36m(main_task pid=24556)[0m                                    'ignore_eos': False,
[36m(main_task pid=24556)[0m                                    'load_format': 'dummy_dtensor',
[36m(main_task pid=24556)[0m                                    'log_prob_max_token_len_per_gpu': 8192,
[36m(main_task pid=24556)[0m                                    'log_prob_micro_batch_size': None,
[36m(main_task pid=24556)[0m                                    'log_prob_micro_batch_size_per_gpu': None,
[36m(main_task pid=24556)[0m                                    'log_prob_use_dynamic_bsz': True,
[36m(main_task pid=24556)[0m                                    'max_model_len': 2048,
[36m(main_task pid=24556)[0m                                    'max_num_batched_tokens': 2048,
[36m(main_task pid=24556)[0m                                    'max_num_seqs': 1024,
[36m(main_task pid=24556)[0m                                    'n': 1,
[36m(main_task pid=24556)[0m                                    'name': 'vllm',
[36m(main_task pid=24556)[0m                                    'prompt_length': 512,
[36m(main_task pid=24556)[0m                                    'response_length': 512,
[36m(main_task pid=24556)[0m                                    'temperature': 1.0,
[36m(main_task pid=24556)[0m                                    'tensor_model_parallel_size': 1,
[36m(main_task pid=24556)[0m                                    'top_k': -1,
[36m(main_task pid=24556)[0m                                    'top_p': 1,
[36m(main_task pid=24556)[0m                                    'use_fire_sampling': False}},
[36m(main_task pid=24556)[0m  'agent_grpo': {'n': 2},
[36m(main_task pid=24556)[0m  'algorithm': {'adv_estimator': 'drgrpo',
[36m(main_task pid=24556)[0m                'entropy_bonus_coef': 0.0,
[36m(main_task pid=24556)[0m                'gamma': 1.0,
[36m(main_task pid=24556)[0m                'kl_ctrl': {'kl_coef': 0.001, 'type': 'fixed'},
[36m(main_task pid=24556)[0m                'kl_penalty': 'kl',
[36m(main_task pid=24556)[0m                'lam': 1.0},
[36m(main_task pid=24556)[0m  'critic': {'cliprange_value': 0.5,
[36m(main_task pid=24556)[0m             'forward_max_token_len_per_gpu': 32768,
[36m(main_task pid=24556)[0m             'forward_micro_batch_size': None,
[36m(main_task pid=24556)[0m             'forward_micro_batch_size_per_gpu': None,
[36m(main_task pid=24556)[0m             'grad_clip': 1.0,
[36m(main_task pid=24556)[0m             'model': {'enable_gradient_checkpointing': True,
[36m(main_task pid=24556)[0m                       'external_lib': None,
[36m(main_task pid=24556)[0m                       'fsdp_config': {'fsdp_size': -1,
[36m(main_task pid=24556)[0m                                       'optimizer_offload': False,
[36m(main_task pid=24556)[0m                                       'param_offload': False,
[36m(main_task pid=24556)[0m                                       'wrap_policy': {'min_num_params': 0}},
[36m(main_task pid=24556)[0m                       'override_config': {},
[36m(main_task pid=24556)[0m                       'path': '/root/autodl-tmp/models/Qwen/Qwen2.5-3B-Instruct',
[36m(main_task pid=24556)[0m                       'tokenizer_path': '/root/autodl-tmp/models/Qwen/Qwen2.5-3B-Instruct',
[36m(main_task pid=24556)[0m                       'use_remove_padding': True},
[36m(main_task pid=24556)[0m             'optim': {'lr': 1e-05,
[36m(main_task pid=24556)[0m W0525 13:50:24.486000 24556 site-packages/torch/utils/cpp_extension.py:140] No CUDA runtime is found, using CUDA_HOME='/usr/local/cuda'
[36m(main_task pid=24556)[0m                       'lr_warmup_steps_ratio': 0.0,
[36m(main_task pid=24556)[0m                       'min_lr_ratio': None,
[36m(main_task pid=24556)[0m                       'total_training_steps': -1,
[36m(main_task pid=24556)[0m                       'warmup_style': 'constant'},
[36m(main_task pid=24556)[0m             'ppo_epochs': 1,
[36m(main_task pid=24556)[0m             'ppo_max_token_len_per_gpu': 32768,
[36m(main_task pid=24556)[0m             'ppo_micro_batch_size': None,
[36m(main_task pid=24556)[0m             'ppo_micro_batch_size_per_gpu': None,
[36m(main_task pid=24556)[0m             'ppo_mini_batch_size': 256,
[36m(main_task pid=24556)[0m             'shuffle': False,
[36m(main_task pid=24556)[0m             'strategy': 'fsdp',
[36m(main_task pid=24556)[0m             'ulysses_sequence_parallel_size': 1,
[36m(main_task pid=24556)[0m             'use_dynamic_bsz': True},
[36m(main_task pid=24556)[0m  'data': {'data_writing_file': './signal/data.json',
[36m(main_task pid=24556)[0m           'image_key': 'images',
[36m(main_task pid=24556)[0m           'max_prompt_length': 512,
[36m(main_task pid=24556)[0m           'max_response_length': 512,
[36m(main_task pid=24556)[0m           'n_gpus_per_node': 8,
[36m(main_task pid=24556)[0m           'num_workers': 0,
[36m(main_task pid=24556)[0m           'prompt_key': 'prompt',
[36m(main_task pid=24556)[0m           'query_signal': 1,
[36m(main_task pid=24556)[0m           'response_signal': 0,
[36m(main_task pid=24556)[0m           'return_raw_chat': False,
[36m(main_task pid=24556)[0m           'return_raw_input_ids': False,
[36m(main_task pid=24556)[0m           'shuffle': True,
[36m(main_task pid=24556)[0m           'signal_writing_file': './signal/signal.json',
[36m(main_task pid=24556)[0m           'tokenizer': None,
[36m(main_task pid=24556)[0m           'train_batch_size': 512,
[36m(main_task pid=24556)[0m           'train_files': '/root/DeepResearcher/data/train.parquet',
[36m(main_task pid=24556)[0m           'val_batch_size': None,
[36m(main_task pid=24556)[0m           'val_files': '~/data/rlhf/gsm8k/test.parquet'},
[36m(main_task pid=24556)[0m  'do_search': True,
[36m(main_task pid=24556)[0m  'max_turns': 6,
[36m(main_task pid=24556)[0m  'reward_model': {'curriculum_bonus_coef': 0.05,
[36m(main_task pid=24556)[0m                   'curriculum_end_turn': 5,
[36m(main_task pid=24556)[0m                   'curriculum_start_turn': 2,
[36m(main_task pid=24556)[0m                   'early_stop_penalty_coef': 0.05,
[36m(main_task pid=24556)[0m                   'enable': False,
[36m(main_task pid=24556)[0m                   'forward_max_token_len_per_gpu': 32768,
[36m(main_task pid=24556)[0m                   'max_length': None,
[36m(main_task pid=24556)[0m                   'micro_batch_size': None,
[36m(main_task pid=24556)[0m                   'micro_batch_size_per_gpu': None,
[36m(main_task pid=24556)[0m                   'model': {'external_lib': None,
[36m(main_task pid=24556)[0m                             'fsdp_config': {'fsdp_size': -1,
[36m(main_task pid=24556)[0m                                             'min_num_params': 0,
[36m(main_task pid=24556)[0m                                             'param_offload': False},
[36m(main_task pid=24556)[0m                             'input_tokenizer': '/root/autodl-tmp/models/Qwen/Qwen2.5-3B-Instruct',
[36m(main_task pid=24556)[0m                             'path': '~/models/FsfairX-LLaMA3-RM-v0.1',
[36m(main_task pid=24556)[0m                             'use_remove_padding': True},
[36m(main_task pid=24556)[0m                   'pbrs_gamma': 0.5,
[36m(main_task pid=24556)[0m                   'query_repetition_penalty_coef': 0.05,
[36m(main_task pid=24556)[0m                   'reward_manager': 'naive',
[36m(main_task pid=24556)[0m                   'strategy': 'fsdp',
[36m(main_task pid=24556)[0m                   'ulysses_sequence_parallel_size': 2,
[36m(main_task pid=24556)[0m                   'use_curriculum': False,
[36m(main_task pid=24556)[0m                   'use_dynamic_bsz': True,
[36m(main_task pid=24556)[0m                   'use_pbrs': False,
[36m(main_task pid=24556)[0m                   'use_query_monitoring': False},
[36m(main_task pid=24556)[0m  'search_engine': 'rag',
[36m(main_task pid=24556)[0m  'trainer': {'critic_warmup': 0,
[36m(main_task pid=24556)[0m              'default_hdfs_dir': None,
[36m(main_task pid=24556)[0m              'default_local_dir': './ckpts/verl_examples/exp03_lora_rank64_alpha16',
[36m(main_task pid=24556)[0m              'del_local_ckpt_after_load': False,
[36m(main_task pid=24556)[0m              'experiment_name': 'exp03_lora_rank64_alpha16',
[36m(main_task pid=24556)[0m              'logger': ['console', 'swanlab'],
[36m(main_task pid=24556)[0m              'n_gpus_per_node': 1,
[36m(main_task pid=24556)[0m              'nnodes': 1,
[36m(main_task pid=24556)[0m              'project_name': 'verl_examples',
[36m(main_task pid=24556)[0m              'remove_previous_ckpt_in_save': False,
[36m(main_task pid=24556)[0m              'resume_from_path': False,
[36m(main_task pid=24556)[0m              'resume_mode': 'auto',
[36m(main_task pid=24556)[0m              'save_freq': 500,
[36m(main_task pid=24556)[0m              'test_freq': 100,
[36m(main_task pid=24556)[0m              'total_epochs': 30,
[36m(main_task pid=24556)[0m              'total_training_steps': 3000,
[36m(main_task pid=24556)[0m              'val_before_train': False,
[36m(main_task pid=24556)[0m              'val_generations_to_log_to_wandb': 0}}
[36m(main_task pid=24556)[0m update signal file finish!
[36m(main_task pid=24556)[0m [validate_config] All configuration checks passed successfully!
[36m(main_task pid=24556)[0m original dataset len: 80000
[36m(main_task pid=24556)[0m filter dataset len: 80000
[36m(main_task pid=24556)[0m original dataset len: 3197
[36m(main_task pid=24556)[0m filter dataset len: 3197
[36m(main_task pid=24556)[0m Size of train dataloader: 156
[36m(main_task pid=24556)[0m Total training steps: 3000
[36m(WorkerDict pid=24684)[0m Model config after override: Qwen2Config {
[36m(WorkerDict pid=24684)[0m   "architectures": [
[36m(WorkerDict pid=24684)[0m     "Qwen2ForCausalLM"
[36m(WorkerDict pid=24684)[0m   ],
[36m(WorkerDict pid=24684)[0m   "attention_dropout": 0.0,
[36m(WorkerDict pid=24684)[0m   "bos_token_id": null,
[36m(WorkerDict pid=24684)[0m   "dtype": "bfloat16",
[36m(WorkerDict pid=24684)[0m   "eos_token_id": 151645,
[36m(WorkerDict pid=24684)[0m   "hidden_act": "silu",
[36m(WorkerDict pid=24684)[0m   "hidden_size": 2048,
[36m(WorkerDict pid=24684)[0m   "initializer_range": 0.02,
[36m(WorkerDict pid=24684)[0m   "intermediate_size": 11008,
[36m(WorkerDict pid=24684)[0m   "layer_types": [
[36m(WorkerDict pid=24684)[0m     "full_attention",
[36m(WorkerDict pid=24684)[0m     "full_attention",
[36m(WorkerDict pid=24684)[0m     "full_attention",
[36m(WorkerDict pid=24684)[0m     "full_attention",
[36m(WorkerDict pid=24684)[0m     "full_attention",
[36m(WorkerDict pid=24684)[0m     "full_attention",
[36m(WorkerDict pid=24684)[0m     "full_attention",
[36m(WorkerDict pid=24684)[0m     "full_attention",
[36m(WorkerDict pid=24684)[0m     "full_attention",
[36m(WorkerDict pid=24684)[0m     "full_attention",
[36m(WorkerDict pid=24684)[0m     "full_attention",
[36m(WorkerDict pid=24684)[0m     "full_attention",
[36m(WorkerDict pid=24684)[0m     "full_attention",
[36m(WorkerDict pid=24684)[0m     "full_attention",
[36m(WorkerDict pid=24684)[0m     "full_attention",
[36m(WorkerDict pid=24684)[0m     "full_attention",
[36m(WorkerDict pid=24684)[0m     "full_attention",
[36m(WorkerDict pid=24684)[0m     "full_attention",
[36m(WorkerDict pid=24684)[0m     "full_attention",
[36m(WorkerDict pid=24684)[0m     "full_attention",
[36m(WorkerDict pid=24684)[0m     "full_attention",
[36m(WorkerDict pid=24684)[0m Loading weights:   0%|          | 0/434 [00:00<?, ?it/s]Loading weights: 100%|██████████| 434/434 [00:00<00:00, 10689.45it/s]
[36m(WorkerDict pid=24684)[0m /root/miniconda3/lib/python3.12/site-packages/torch/distributed/c10d_logger.py:83: UserWarning: barrier(): using the device under current context. You can specify `device_id` in `init_process_group` to mute this warning.
[36m(WorkerDict pid=24684)[0m   return func(*args, **kwargs)
[36m(WorkerDict pid=24684)[0m [rank0]:[W525 13:50:45.693514968 ProcessGroupNCCL.cpp:5188] Guessing device ID based on global rank. This can cause a hang if rank to GPU mapping is heterogeneous. You can specify device_id in init_process_group()
[36m(WorkerDict pid=24684)[0m /root/miniconda3/lib/python3.12/site-packages/torch/distributed/fsdp/fully_sharded_data_parallel.py:478: UserWarning: FSDP is switching to use `NO_SHARD` instead of ShardingStrategy.FULL_SHARD since the world size is 1.
[36m(WorkerDict pid=24684)[0m   _init_core_state(
[36m(WorkerDict pid=24684)[0m Loading weights:   0%|          | 0/434 [00:00<?, ?it/s]
[36m(WorkerDict pid=24684)[0m Loading weights: 100%|██████████| 434/434 [00:00<00:00, 10384.90it/s]
[36m(WorkerDict pid=24684)[0m /root/miniconda3/lib/python3.12/site-packages/torch/distributed/c10d_logger.py:83: UserWarning: barrier(): using the device under current context. You can specify `device_id` in `init_process_group` to mute this warning.
[36m(WorkerDict pid=24684)[0m   return func(*args, **kwargs)
[36m(WorkerDict pid=24684)[0m /root/miniconda3/lib/python3.12/site-packages/torch/distributed/fsdp/fully_sharded_data_parallel.py:478: UserWarning: FSDP is switching to use `NO_SHARD` instead of ShardingStrategy.FULL_SHARD since the world size is 1.
[36m(WorkerDict pid=24684)[0m   _init_core_state(
[36m(WorkerDict pid=24684)[0m     "full_attention",
[36m(WorkerDict pid=24684)[0m     "full_attention",
[36m(WorkerDict pid=24684)[0m     "full_attention",
[36m(WorkerDict pid=24684)[0m     "full_attention",
[36m(WorkerDict pid=24684)[0m     "full_attention",
[36m(WorkerDict pid=24684)[0m     "full_attention",
[36m(WorkerDict pid=24684)[0m     "full_attention",
[36m(WorkerDict pid=24684)[0m     "full_attention",
[36m(WorkerDict pid=24684)[0m     "full_attention",
[36m(WorkerDict pid=24684)[0m     "full_attention",
[36m(WorkerDict pid=24684)[0m     "full_attention",
[36m(WorkerDict pid=24684)[0m     "full_attention",
[36m(WorkerDict pid=24684)[0m     "full_attention",
[36m(WorkerDict pid=24684)[0m     "full_attention",
[36m(WorkerDict pid=24684)[0m     "full_attention"
[36m(WorkerDict pid=24684)[0m   ],
[36m(WorkerDict pid=24684)[0m   "max_position_embeddings": 32768,
[36m(WorkerDict pid=24684)[0m   "max_window_layers": 70,
[36m(WorkerDict pid=24684)[0m   "model_type": "qwen2",
[36m(WorkerDict pid=24684)[0m   "num_attention_heads": 16,
[36m(WorkerDict pid=24684)[0m   "num_hidden_layers": 36,
[36m(WorkerDict pid=24684)[0m   "num_key_value_heads": 2,
[36m(WorkerDict pid=24684)[0m   "pad_token_id": 151643,
[36m(WorkerDict pid=24684)[0m   "rms_norm_eps": 1e-06,
[36m(WorkerDict pid=24684)[0m   "rope_parameters": {
[36m(WorkerDict pid=24684)[0m     "rope_theta": 1000000.0,
[36m(WorkerDict pid=24684)[0m     "rope_type": "default"
[36m(WorkerDict pid=24684)[0m   },
[36m(WorkerDict pid=24684)[0m   "sliding_window": null,
[36m(WorkerDict pid=24684)[0m   "tie_word_embeddings": true,
[36m(WorkerDict pid=24684)[0m   "transformers_version": "5.9.0",
[36m(WorkerDict pid=24684)[0m   "use_cache": true,
[36m(WorkerDict pid=24684)[0m   "use_sliding_window": false,
[36m(WorkerDict pid=24684)[0m   "vocab_size": 151936
[36m(WorkerDict pid=24684)[0m }
[36m(WorkerDict pid=24684)[0m 
[36m(WorkerDict pid=24684)[0m Qwen2ForCausalLM contains 3.09B parameters
[36m(WorkerDict pid=24684)[0m wrap_policy: functools.partial(<function _or_policy at 0x7eff34f53240>, policies=[functools.partial(<function transformer_auto_wrap_policy at 0x7eff34f53100>, transformer_layer_cls={<class 'transformers.models.qwen2.modeling_qwen2.Qwen2DecoderLayer'>})])
[36m(WorkerDict pid=24684)[0m Actor use_remove_padding=True
[36m(WorkerDict pid=24684)[0m Model config after override: Qwen2Config {
[36m(WorkerDict pid=24684)[0m   "architectures": [
[36m(WorkerDict pid=24684)[0m     "Qwen2ForCausalLM"
[36m(WorkerDict pid=24684)[0m   ],
[36m(WorkerDict pid=24684)[0m   "attention_dropout": 0.0,
[36m(WorkerDict pid=24684)[0m   "bos_token_id": null,
[36m(WorkerDict pid=24684)[0m   "dtype": "bfloat16",
[36m(WorkerDict pid=24684)[0m   "eos_token_id": 151645,
[36m(WorkerDict pid=24684)[0m   "hidden_act": "silu",
[36m(WorkerDict pid=24684)[0m   "hidden_size": 2048,
[36m(WorkerDict pid=24684)[0m   "initializer_range": 0.02,
[36m(WorkerDict pid=24684)[0m   "intermediate_size": 11008,
[36m(WorkerDict pid=24684)[0m   "layer_types": [
[36m(WorkerDict pid=24684)[0m     "full_attention",
[36m(WorkerDict pid=24684)[0m     "full_attention",
[36m(WorkerDict pid=24684)[0m     "full_attention",
[36m(WorkerDict pid=24684)[0m     "full_attention",
[36m(WorkerDict pid=24684)[0m     "full_attention",
[36m(WorkerDict pid=24684)[0m     "full_attention",
[36m(WorkerDict pid=24684)[0m     "full_attention",
[36m(WorkerDict pid=24684)[0m     "full_attention",
[36m(WorkerDict pid=24684)[0m     "full_attention",
[36m(WorkerDict pid=24684)[0m     "full_attention",
[36m(WorkerDict pid=24684)[0m     "full_attention",
[36m(WorkerDict pid=24684)[0m     "full_attention",
[36m(WorkerDict pid=24684)[0m     "full_attention",
[36m(WorkerDict pid=24684)[0m     "full_attention",
[36m(WorkerDict pid=24684)[0m     "full_attention",
[36m(WorkerDict pid=24684)[0m     "full_attention",
[36m(WorkerDict pid=24684)[0m     "full_attention",
[36m(WorkerDict pid=24684)[0m     "full_attention",
[36m(WorkerDict pid=24684)[0m     "full_attention",
[36m(WorkerDict pid=24684)[0m     "full_attention",
[36m(WorkerDict pid=24684)[0m     "full_attention",
[36m(WorkerDict pid=24684)[0m     "full_attention",
[36m(WorkerDict pid=24684)[0m     "full_attention",
[36m(WorkerDict pid=24684)[0m     "full_attention",
[36m(WorkerDict pid=24684)[0m     "full_attention",
[36m(WorkerDict pid=24684)[0m     "full_attention",
[36m(WorkerDict pid=24684)[0m     "full_attention",
[36m(WorkerDict pid=24684)[0m     "full_attention",
[36m(WorkerDict pid=24684)[0m     "full_attention",
[36m(WorkerDict pid=24684)[0m     "full_attention",
[36m(WorkerDict pid=24684)[0m     "full_attention",
[36m(WorkerDict pid=24684)[0m     "full_attention",
[36m(WorkerDict pid=24684)[0m     "full_attention",
[36m(WorkerDict pid=24684)[0m     "full_attention",
[36m(WorkerDict pid=24684)[0m     "full_attention",
[36m(WorkerDict pid=24684)[0m     "full_attention"
[36m(WorkerDict pid=24684)[0m   ],
[36m(WorkerDict pid=24684)[0m   "max_position_embeddings": 32768,
[36m(WorkerDict pid=24684)[0m   "max_window_layers": 70,
[36m(WorkerDict pid=24684)[0m   "model_type": "qwen2",
[36m(WorkerDict pid=24684)[0m   "num_attention_heads": 16,
[36m(WorkerDict pid=24684)[0m   "num_hidden_layers": 36,
[36m(WorkerDict pid=24684)[0m   "num_key_value_heads": 2,
[36m(WorkerDict pid=24684)[0m   "pad_token_id": 151643,
[36m(WorkerDict pid=24684)[0m   "rms_norm_eps": 1e-06,
[36m(WorkerDict pid=24684)[0m   "rope_parameters": {
[36m(WorkerDict pid=24684)[0m     "rope_theta": 1000000.0,
[36m(WorkerDict pid=24684)[0m     "rope_type": "default"
[36m(WorkerDict pid=24684)[0m   },
[36m(WorkerDict pid=24684)[0m   "sliding_window": null,
[36m(WorkerDict pid=24684)[0m   "tie_word_embeddings": true,
[36m(WorkerDict pid=24684)[0m   "transformers_version": "5.9.0",
[36m(WorkerDict pid=24684)[0m   "use_cache": true,
[36m(WorkerDict pid=24684)[0m   "use_sliding_window": false,
[36m(WorkerDict pid=24684)[0m   "vocab_size": 151936
[36m(WorkerDict pid=24684)[0m }
[36m(WorkerDict pid=24684)[0m 
[36m(WorkerDict pid=24684)[0m trainable params: 29,491,200 || all params: 3,115,429,888 || trainable%: 0.9466
[36m(WorkerDict pid=24684)[0m [LoRA] Injected LoRA adapters: rank=64, alpha=16
[36m(WorkerDict pid=24684)[0m PeftModelForCausalLM contains 3.12B parameters
[36m(WorkerDict pid=24684)[0m wrap_policy: functools.partial(<function _or_policy at 0x7eff34f53240>, policies=[functools.partial(<function lambda_auto_wrap_policy at 0x7eff34f52c00>, lambda_fn=<function get_fsdp_wrap_policy.<locals>.lambda_policy_fn at 0x7efc53326de0>), functools.partial(<function transformer_auto_wrap_policy at 0x7eff34f53100>, transformer_layer_cls={<class 'transformers.models.qwen2.modeling_qwen2.Qwen2DecoderLayer'>})])
[36m(WorkerDict pid=24684)[0m Total steps: 3000, num_warmup_steps: 0
[36m(WorkerDict pid=24684)[0m Actor use_remove_padding=True
[36m(WorkerDict pid=24684)[0m Before building vllm rollout, memory allocated (GB): 11.676271915435791, memory reserved (GB): 12.408203125
[36m(WorkerDict pid=24684)[0m INFO 05-25 13:50:52 [utils.py:240] non-default args: {'dtype': 'bfloat16', 'max_model_len': 1024, 'distributed_executor_backend': 'external_launcher', 'enable_prefix_caching': True, 'gpu_memory_utilization': 0.3, 'max_num_batched_tokens': 2048, 'disable_log_stats': True, 'enforce_eager': True, 'disable_custom_all_reduce': True, 'enable_chunked_prefill': True, 'enable_sleep_mode': True, 'model': '/root/autodl-tmp/models/Qwen/Qwen2.5-3B-Instruct'}
[36m(WorkerDict pid=24684)[0m INFO 05-25 13:50:52 [model.py:568] Resolved architecture: Qwen2ForCausalLM
[36m(WorkerDict pid=24684)[0m INFO 05-25 13:50:52 [model.py:1697] Using max model len 1024
[36m(WorkerDict pid=24684)[0m WARNING:2026-05-25 13:50:54,901:Failed to get device capability: SM 12.x requires CUDA >= 12.9.
[36m(WorkerDict pid=24684)[0m WARNING:2026-05-25 13:50:54,903:Failed to get device capability: SM 12.x requires CUDA >= 12.9.
[36m(WorkerDict pid=24684)[0m INFO 05-25 13:50:52 [arg_utils.py:1739] Using ray runtime env (env vars redacted): {'env_vars': {'NCCL_DEBUG': '***', 'RANK': '***', 'RAY_LOCAL_RANK': '***', 'RAY_LOCAL_WORLD_SIZE': '***', 'TOKENIZERS_PARALLELISM': '***', 'WG_BACKEND': '***', 'WG_PREFIX': '***', 'WORLD_SIZE': '***'}}
[36m(WorkerDict pid=24684)[0m INFO 05-25 13:50:52 [parallel.py:769] Using external launcher for distributed inference.
[36m(WorkerDict pid=24684)[0m INFO 05-25 13:50:52 [parallel.py:829] Disabling V1 multiprocessing for external launcher.
[36m(WorkerDict pid=24684)[0m INFO 05-25 13:50:52 [scheduler.py:239] Chunked prefill is enabled with max_num_batched_tokens=2048.
[36m(WorkerDict pid=24684)[0m INFO 05-25 13:50:52 [vllm.py:886] Asynchronous scheduling is enabled.
[36m(WorkerDict pid=24684)[0m WARNING 05-25 13:50:52 [vllm.py:942] Enforce eager set, disabling torch.compile and CUDAGraphs. This is equivalent to setting -cc.mode=none -cc.cudagraph_mode=none
[36m(WorkerDict pid=24684)[0m WARNING 05-25 13:50:52 [vllm.py:960] Inductor compilation was disabled by user settings, optimizations settings that are only active during inductor compilation will be ignored.
[36m(WorkerDict pid=24684)[0m INFO 05-25 13:50:52 [kernel.py:212] Final IR op priority after setting platform defaults: IrOpPriorityConfig(rms_norm=['vllm_c', 'native'], fused_add_rms_norm=['vllm_c', 'native'])
[36m(WorkerDict pid=24684)[0m INFO 05-25 13:50:52 [vllm.py:1135] Cudagraph is disabled under eager mode
[36m(WorkerDict pid=24684)[0m INFO 05-25 13:50:52 [compilation.py:303] Enabled custom fusions: norm_quant, act_quant
[36m(WorkerDict pid=24684)[0m INFO 05-25 13:50:54 [core.py:109] Initializing a V1 LLM engine (v0.21.0) with config: model='/root/autodl-tmp/models/Qwen/Qwen2.5-3B-Instruct', speculative_config=None, tokenizer='/root/autodl-tmp/models/Qwen/Qwen2.5-3B-Instruct', skip_tokenizer_init=False, tokenizer_mode=auto, revision=None, tokenizer_revision=None, trust_remote_code=False, dtype=torch.bfloat16, max_seq_len=1024, download_dir=None, load_format=auto, tensor_parallel_size=1, pipeline_parallel_size=1, data_parallel_size=1, decode_context_parallel_size=1, dcp_comm_backend=ag_rs, disable_custom_all_reduce=True, quantization=None, quantization_config=None, enforce_eager=True, enable_return_routed_experts=False, kv_cache_dtype=auto, device_config=cuda, structured_outputs_config=StructuredOutputsConfig(backend='auto', disable_any_whitespace=False, disable_additional_properties=False, reasoning_parser='', reasoning_parser_plugin='', enable_in_reasoning=False), observability_config=ObservabilityConfig(show_hidden_metrics_for_version=None, otlp_traces_endpoint=None, collect_detailed_traces=None, kv_cache_metrics=False, kv_cache_metrics_sample=0.01, cudagraph_metrics=False, enable_layerwise_nvtx_tracing=False, enable_mfu_metrics=False, enable_mm_processor_stats=False, enable_logging_iteration_details=False), seed=0, served_model_name=/root/autodl-tmp/models/Qwen/Qwen2.5-3B-Instruct, enable_prefix_caching=True, enable_chunked_prefill=True, pooler_config=None, compilation_config={'mode': <CompilationMode.NONE: 0>, 'debug_dump_path': None, 'cache_dir': '', 'compile_cache_save_format': 'binary', 'backend': 'inductor', 'custom_ops': ['all'], 'ir_enable_torch_wrap': False, 'splitting_ops': [], 'compile_mm_encoder': False, 'cudagraph_mm_encoder': False, 'encoder_cudagraph_token_budgets': [], 'encoder_cudagraph_max_vision_items_per_batch': 0, 'encoder_cudagraph_max_frames_per_batch': None, 'compile_sizes': [], 'compile_ranges_endpoints': [2048], 'inductor_compile_config': {'enable_auto_functionalized_v2': False, 'size_asserts': False, 'alignment_asserts': False, 'scalar_asserts': False, 'combo_kernels': True, 'benchmark_combo_kernel': True}, 'inductor_passes': {}, 'cudagraph_mode': <CUDAGraphMode.NONE: 0>, 'cudagraph_num_of_warmups': 0, 'cudagraph_capture_sizes': [], 'cudagraph_copy_inputs': False, 'cudagraph_specialize_lora': True, 'use_inductor_graph_partition': False, 'pass_config': {'fuse_norm_quant': True, 'fuse_act_quant': True, 'fuse_attn_quant': False, 'enable_sp': False, 'fuse_gemm_comms': False, 'fuse_allreduce_rms': False, 'fuse_act_padding': False}, 'max_cudagraph_capture_size': 0, 'dynamic_shapes_config': {'type': <DynamicShapesType.BACKED: 'backed'>, 'evaluate_guards': False, 'assume_32_bit_indexing': False}, 'local_cache_dir': None, 'fast_moe_cold_start': False, 'static_all_moe_layers': []}, kernel_config=KernelConfig(ir_op_priority=IrOpPriorityConfig(rms_norm=['vllm_c', 'native'], fused_add_rms_norm=['vllm_c', 'native']), enable_flashinfer_autotune=False, moe_backend='auto')
[36m(WorkerDict pid=24684)[0m INFO 05-25 13:50:54 [parallel_state.py:1723] rank 0 in world size 1 is assigned as DP rank 0, PP rank 0, PCP rank 0, TP rank 0, EP rank N/A, EPLB rank N/A
[36m(WorkerDict pid=24684)[0m INFO 05-25 13:50:55 [topk_topp_sampler.py:45] Using FlashInfer for top-p & top-k sampling.
[36m(WorkerDict pid=24684)[0m INFO 05-25 13:50:55 [gpu_model_runner.py:4857] Starting to load model /root/autodl-tmp/models/Qwen/Qwen2.5-3B-Instruct...
Error executing job with overrides: ['actor_rollout_ref.model.path=/root/autodl-tmp/models/Qwen/Qwen2.5-3B-Instruct', 'actor_rollout_ref.model.use_remove_padding=true', 'actor_rollout_ref.model.use_lora=true', 'actor_rollout_ref.model.lora_rank=64', 'actor_rollout_ref.model.lora_alpha=16', 'actor_rollout_ref.model.lora_dropout=0.0', '+actor_rollout_ref.actor.fsdp_config.model_dtype=bf16', 'actor_rollout_ref.actor.fsdp_config.param_offload=false', 'actor_rollout_ref.actor.fsdp_config.optimizer_offload=False', 'actor_rollout_ref.actor.ulysses_sequence_parallel_size=1', 'actor_rollout_ref.ref.fsdp_config.param_offload=true', 'actor_rollout_ref.ref.ulysses_sequence_parallel_size=1', 'actor_rollout_ref.rollout.tensor_model_parallel_size=1', 'actor_rollout_ref.rollout.gpu_memory_utilization=0.3', 'actor_rollout_ref.rollout.max_model_len=2048', 'actor_rollout_ref.rollout.max_num_batched_tokens=2048', 'critic.model.path=/root/autodl-tmp/models/Qwen/Qwen2.5-3B-Instruct', 'critic.ulysses_sequence_parallel_size=1', 'data.train_files=/root/DeepResearcher/data/train.parquet', 'data.max_prompt_length=512', 'data.max_response_length=512', 'data.train_batch_size=512', '+data.num_workers=0', 'algorithm.adv_estimator=drgrpo', 'algorithm.kl_penalty=kl', 'algorithm.kl_ctrl.type=fixed', 'algorithm.kl_ctrl.kl_coef=0.001', 'algorithm.gamma=1.0', 'algorithm.lam=1.0', 'trainer.total_training_steps=3000', 'trainer.experiment_name=exp03_lora_rank64_alpha16', "trainer.logger=['console','swanlab']", 'trainer.save_freq=500', 'trainer.test_freq=100', '+trainer.val_before_train=false', 'trainer.nnodes=1', 'trainer.n_gpus_per_node=1', 'max_turns=6', 'do_search=true', 'agent_grpo.n=2', 'search_engine=rag', 'reward_model.reward_manager=naive', 'reward_model.use_pbrs=false', 'reward_model.use_curriculum=false', 'reward_model.use_query_monitoring=false', 'algorithm.entropy_bonus_coef=0.0']
Traceback (most recent call last):
  File "/root/DeepResearcher/verl/trainer/main_ppo.py", line 168, in <module>
    main()
  File "/root/miniconda3/lib/python3.12/site-packages/hydra/main.py", line 94, in decorated_main
    _run_hydra(
  File "/root/miniconda3/lib/python3.12/site-packages/hydra/_internal/utils.py", line 394, in _run_hydra
    _run_app(
  File "/root/miniconda3/lib/python3.12/site-packages/hydra/_internal/utils.py", line 457, in _run_app
    run_and_report(
  File "/root/miniconda3/lib/python3.12/site-packages/hydra/_internal/utils.py", line 223, in run_and_report
    raise ex
  File "/root/miniconda3/lib/python3.12/site-packages/hydra/_internal/utils.py", line 220, in run_and_report
    return func()
           ^^^^^^
  File "/root/miniconda3/lib/python3.12/site-packages/hydra/_internal/utils.py", line 458, in <lambda>
    lambda: hydra.run(
            ^^^^^^^^^^
  File "/root/miniconda3/lib/python3.12/site-packages/hydra/_internal/hydra.py", line 132, in run
    _ = ret.return_value
        ^^^^^^^^^^^^^^^^
  File "/root/miniconda3/lib/python3.12/site-packages/hydra/core/utils.py", line 260, in return_value
    raise self._return_value
  File "/root/miniconda3/lib/python3.12/site-packages/hydra/core/utils.py", line 186, in run_job
    ret.return_value = task_function(task_cfg)
                       ^^^^^^^^^^^^^^^^^^^^^^^
  File "/root/DeepResearcher/verl/trainer/main_ppo.py", line 26, in main
    run_ppo(config)
  File "/root/DeepResearcher/verl/trainer/main_ppo.py", line 34, in run_ppo
    ray.get(main_task.remote(config, compute_score))
  File "/root/miniconda3/lib/python3.12/site-packages/ray/_private/auto_init_hook.py", line 22, in auto_init_wrapper
    return fn(*args, **kwargs)
           ^^^^^^^^^^^^^^^^^^^
  File "/root/miniconda3/lib/python3.12/site-packages/ray/_private/client_mode_hook.py", line 107, in wrapper
    return func(*args, **kwargs)
           ^^^^^^^^^^^^^^^^^^^^^
  File "/root/miniconda3/lib/python3.12/site-packages/ray/_private/worker.py", line 2980, in get
    values, debugger_breakpoint = worker.get_objects(
                                  ^^^^^^^^^^^^^^^^^^^
  File "/root/miniconda3/lib/python3.12/site-packages/ray/_private/worker.py", line 1023, in get_objects
    raise value.as_instanceof_cause()
ray.exceptions.RayTaskError(ModuleNotFoundError): [36mray::main_task()[39m (pid=24556, ip=172.17.0.6)
  File "/root/DeepResearcher/verl/trainer/main_ppo.py", line 163, in main_task
    trainer.init_workers()
  File "/root/DeepResearcher/verl/trainer/ppo/ray_trainer.py", line 905, in init_workers
    self.actor_rollout_wg.init_model()
  File "/root/DeepResearcher/verl/single_controller/ray/base.py", line 42, in func
    output = ray.get(output)
             ^^^^^^^^^^^^^^^
           ^^^^^^^^^^^^^^^^^^^
           ^^^^^^^^^^^^^^^^^^^^^
                                  ^^^^^^^^^^^^^^^^^^^
ray.exceptions.RayTaskError(ModuleNotFoundError): [36mray::WorkerDict.actor_rollout_init_model()[39m (pid=24684, ip=172.17.0.6, actor_id=738e0a0038644157b7ea773101000000, repr=<verl.single_controller.ray.base.WorkerDict object at 0x7efd051b2bd0>)
           ^^^^^^^^^^^^^^^^^^^^^^^^^^^^^^^^^^^^
           ^^^^^^^^^^^^^^^^^^^^^^^^^^^^^^^
  File "/root/DeepResearcher/verl/single_controller/ray/base.py", line 399, in func
    return getattr(self.worker_dict[key], name)(*args, **kwargs)
           ^^^^^^^^^^^^^^^^^^^^^^^^^^^^^^^^^^^^^^^^^^^^^^^^^^^^^
  File "/root/DeepResearcher/verl/single_controller/base/decorator.py", line 404, in inner
    return func(*args, **kwargs)
           ^^^^^^^^^^^^^^^^^^^^^
  File "/root/DeepResearcher/verl/workers/fsdp_workers.py", line 444, in init_model
    self.rollout, self.rollout_sharding_manager = self._build_rollout()
                                                  ^^^^^^^^^^^^^^^^^^^^^
  File "/root/DeepResearcher/verl/workers/fsdp_workers.py", line 357, in _build_rollout
    rollout = vLLMRollout(model_path=local_path,
              ^^^^^^^^^^^^^^^^^^^^^^^^^^^^^^^^^^
  File "/root/DeepResearcher/verl/workers/rollout/vllm_rollout/vllm_rollout_spmd.py", line 101, in __init__
    self.inference_engine = LLM(
                            ^^^^
  File "/root/miniconda3/lib/python3.12/site-packages/vllm/entrypoints/llm.py", line 381, in __init__
    self.llm_engine = LLMEngine.from_engine_args(
                      ^^^^^^^^^^^^^^^^^^^^^^^^^^^
  File "/root/miniconda3/lib/python3.12/site-packages/vllm/v1/engine/llm_engine.py", line 170, in from_engine_args
    return cls(
           ^^^^
  File "/root/miniconda3/lib/python3.12/site-packages/vllm/v1/engine/llm_engine.py", line 104, in __init__
    self.engine_core = EngineCoreClient.make_client(
                       ^^^^^^^^^^^^^^^^^^^^^^^^^^^^^
  File "/root/miniconda3/lib/python3.12/site-packages/vllm/v1/engine/core_client.py", line 103, in make_client
    return InprocClient(vllm_config, executor_class, log_stats)
           ^^^^^^^^^^^^^^^^^^^^^^^^^^^^^^^^^^^^^^^^^^^^^^^^^^^^
  File "/root/miniconda3/lib/python3.12/site-packages/vllm/v1/engine/core_client.py", line 285, in __init__
    self.engine_core = EngineCore(*args, **kwargs)
                       ^^^^^^^^^^^^^^^^^^^^^^^^^^^
  File "/root/miniconda3/lib/python3.12/site-packages/vllm/v1/engine/core.py", line 118, in __init__
    self.model_executor = executor_class(vllm_config)
                          ^^^^^^^^^^^^^^^^^^^^^^^^^^^
  File "/root/miniconda3/lib/python3.12/site-packages/vllm/tracing/otel.py", line 178, in sync_wrapper
    return func(*args, **kwargs)
           ^^^^^^^^^^^^^^^^^^^^^
  File "/root/miniconda3/lib/python3.12/site-packages/vllm/v1/executor/abstract.py", line 109, in __init__
    self._init_executor()
  File "/root/miniconda3/lib/python3.12/site-packages/vllm/v1/executor/uniproc_executor.py", line 172, in _init_executor
    super()._init_executor()
  File "/root/miniconda3/lib/python3.12/site-packages/vllm/v1/executor/uniproc_executor.py", line 65, in _init_executor
    self.driver_worker.load_model()
  File "/root/miniconda3/lib/python3.12/site-packages/vllm/v1/worker/gpu_worker.py", line 345, in load_model
    self.model_runner.load_model(load_dummy_weights=load_dummy_weights)
  File "/root/miniconda3/lib/python3.12/site-packages/vllm/tracing/otel.py", line 178, in sync_wrapper
    return func(*args, **kwargs)
           ^^^^^^^^^^^^^^^^^^^^^
  File "/root/miniconda3/lib/python3.12/site-packages/vllm/v1/worker/gpu_model_runner.py", line 4873, in load_model
    self.model = model_loader.load_model(
                 ^^^^^^^^^^^^^^^^^^^^^^^^
  File "/root/miniconda3/lib/python3.12/site-packages/vllm/tracing/otel.py", line 178, in sync_wrapper
    return func(*args, **kwargs)
           ^^^^^^^^^^^^^^^^^^^^^
  File "/root/miniconda3/lib/python3.12/site-packages/vllm/model_executor/model_loader/base_loader.py", line 55, in load_model
    model = initialize_model(
            ^^^^^^^^^^^^^^^^^
  File "/root/miniconda3/lib/python3.12/site-packages/vllm/tracing/otel.py", line 178, in sync_wrapper
    return func(*args, **kwargs)
           ^^^^^^^^^^^^^^^^^^^^^
  File "/root/miniconda3/lib/python3.12/site-packages/vllm/model_executor/model_loader/utils.py", line 61, in initialize_model
    model = model_class(vllm_config=vllm_config, prefix=prefix)
            ^^^^^^^^^^^^^^^^^^^^^^^^^^^^^^^^^^^^^^^^^^^^^^^^^^^
  File "/root/miniconda3/lib/python3.12/site-packages/vllm/model_executor/models/qwen2.py", line 517, in __init__
    self.model = Qwen2Model(
                 ^^^^^^^^^^^
  File "/root/miniconda3/lib/python3.12/site-packages/vllm/compilation/decorators.py", line 383, in __init__
    old_init(self, *args, **kwargs)
  File "/root/miniconda3/lib/python3.12/site-packages/vllm/model_executor/models/qwen2.py", line 367, in __init__
    self.start_layer, self.end_layer, self.layers = make_layers(
                                                    ^^^^^^^^^^^^
  File "/root/miniconda3/lib/python3.12/site-packages/vllm/model_executor/models/utils.py", line 646, in make_layers
    + get_offloader().wrap_modules(
      ^^^^^^^^^^^^^^^^^^^^^^^^^^^^^
  File "/root/miniconda3/lib/python3.12/site-packages/vllm/model_executor/offloader/base.py", line 104, in wrap_modules
    return list(modules_generator)
           ^^^^^^^^^^^^^^^^^^^^^^^
  File "/root/miniconda3/lib/python3.12/site-packages/vllm/model_executor/models/utils.py", line 647, in <genexpr>
    layer_fn(prefix=f"{prefix}.{idx}") for idx in range(start_layer, end_layer)
    ^^^^^^^^^^^^^^^^^^^^^^^^^^^^^^^^^^
  File "/root/miniconda3/lib/python3.12/site-packages/vllm/model_executor/models/qwen2.py", line 369, in <lambda>
    lambda prefix: decoder_layer_type(
                   ^^^^^^^^^^^^^^^^^^^
  File "/root/miniconda3/lib/python3.12/site-packages/vllm/model_executor/models/qwen2.py", line 266, in __init__
    self.self_attn = Qwen2Attention(
                     ^^^^^^^^^^^^^^^
  File "/root/miniconda3/lib/python3.12/site-packages/vllm/model_executor/models/qwen2.py", line 181, in __init__
    self.rotary_emb = get_rope(
                      ^^^^^^^^^
  File "/root/miniconda3/lib/python3.12/site-packages/vllm/model_executor/layers/rotary_embedding/__init__.py", line 136, in get_rope
    rotary_emb = RotaryEmbedding(
                 ^^^^^^^^^^^^^^^^
  File "/root/miniconda3/lib/python3.12/site-packages/vllm/model_executor/layers/rotary_embedding/base.py", line 129, in __init__
    super().__init__(
  File "/root/miniconda3/lib/python3.12/site-packages/vllm/model_executor/layers/rotary_embedding/base.py", line 65, in __init__
    self.apply_rotary_emb = ApplyRotaryEmb(
                            ^^^^^^^^^^^^^^^
  File "/root/miniconda3/lib/python3.12/site-packages/vllm/model_executor/layers/rotary_embedding/common.py", line 138, in __init__
    from flash_attn.ops.triton.rotary import apply_rotary
ModuleNotFoundError: No module named 'flash_attn.ops.triton.rotary'
2026-05-25 13:55:59,186	WARNING utils.py:461 -- Detecting docker specified CPUs. In previous versions of Ray, CPU detection in containers was incorrect. Please ensure that Ray has enough CPUs allocated. As a temporary workaround to revert to the prior behavior, set `RAY_USE_MULTIPROCESSING_CPU_COUNT=1` as an env var before starting Ray. Set the env var: `RAY_DISABLE_DOCKER_CPU_WARNING=1` to mute this warning.
2026-05-25 13:56:02,461	INFO worker.py:2012 -- Started a local Ray instance.
/root/miniconda3/lib/python3.12/site-packages/ray/_private/worker.py:2051: FutureWarning: Tip: In future versions of Ray, Ray will no longer override accelerator visible devices env var if num_gpus=0 or num_gpus=None (default). To enable this behavior and turn off this error message, set RAY_ACCEL_ENV_VAR_OVERRIDE_ON_ZERO=0
  warnings.warn(
[36m(main_task pid=27390)[0m {'actor_rollout_ref': {'actor': {'clip_ratio': 0.2,
[36m(main_task pid=27390)[0m                                  'entropy_coeff': 0.001,
[36m(main_task pid=27390)[0m                                  'fsdp_config': {'fsdp_size': -1,
[36m(main_task pid=27390)[0m                                                  'model_dtype': 'bf16',
[36m(main_task pid=27390)[0m                                                  'optimizer_offload': False,
[36m(main_task pid=27390)[0m                                                  'param_offload': False,
[36m(main_task pid=27390)[0m                                                  'wrap_policy': {'min_num_params': 0}},
[36m(main_task pid=27390)[0m                                  'grad_clip': 1.0,
[36m(main_task pid=27390)[0m                                  'kl_loss_coef': 0.001,
[36m(main_task pid=27390)[0m                                  'kl_loss_type': 'low_var_kl',
[36m(main_task pid=27390)[0m                                  'optim': {'lr': 1e-06,
[36m(main_task pid=27390)[0m                                            'lr_warmup_steps_ratio': 0.0,
[36m(main_task pid=27390)[0m                                            'min_lr_ratio': None,
[36m(main_task pid=27390)[0m                                            'total_training_steps': -1,
[36m(main_task pid=27390)[0m                                            'warmup_style': 'constant'},
[36m(main_task pid=27390)[0m                                  'ppo_epochs': 1,
[36m(main_task pid=27390)[0m                                  'ppo_max_token_len_per_gpu': 8192,
[36m(main_task pid=27390)[0m                                  'ppo_micro_batch_size': None,
[36m(main_task pid=27390)[0m                                  'ppo_micro_batch_size_per_gpu': None,
[36m(main_task pid=27390)[0m                                  'ppo_mini_batch_size': 256,
[36m(main_task pid=27390)[0m                                  'shuffle': False,
[36m(main_task pid=27390)[0m                                  'strategy': 'fsdp',
[36m(main_task pid=27390)[0m                                  'ulysses_sequence_parallel_size': 1,
[36m(main_task pid=27390)[0m                                  'use_dynamic_bsz': True,
[36m(main_task pid=27390)[0m                                  'use_kl_loss': True},
[36m(main_task pid=27390)[0m                        'hybrid_engine': True,
[36m(main_task pid=27390)[0m                        'model': {'enable_gradient_checkpointing': True,
[36m(main_task pid=27390)[0m                                  'external_lib': None,
[36m(main_task pid=27390)[0m                                  'lora_alpha': 16,
[36m(main_task pid=27390)[0m                                  'lora_dropout': 0.0,
[36m(main_task pid=27390)[0m                                  'lora_rank': 64,
[36m(main_task pid=27390)[0m                                  'override_config': {},
[36m(main_task pid=27390)[0m                                  'path': '/root/autodl-tmp/models/Qwen/Qwen2.5-3B-Instruct',
[36m(main_task pid=27390)[0m                                  'use_lora': True,
[36m(main_task pid=27390)[0m                                  'use_remove_padding': True},
[36m(main_task pid=27390)[0m                        'ref': {'fsdp_config': {'param_offload': True,
[36m(main_task pid=27390)[0m                                                'wrap_policy': {'min_num_params': 0}},
[36m(main_task pid=27390)[0m                                'log_prob_max_token_len_per_gpu': 8192,
[36m(main_task pid=27390)[0m                                'log_prob_micro_batch_size': None,
[36m(main_task pid=27390)[0m                                'log_prob_micro_batch_size_per_gpu': None,
[36m(main_task pid=27390)[0m                                'log_prob_use_dynamic_bsz': True,
[36m(main_task pid=27390)[0m                                'ulysses_sequence_parallel_size': 1},
[36m(main_task pid=27390)[0m                        'rollout': {'disable_log_stats': True,
[36m(main_task pid=27390)[0m                                    'do_sample': True,
[36m(main_task pid=27390)[0m                                    'dtype': 'bfloat16',
[36m(main_task pid=27390)[0m                                    'enable_chunked_prefill': True,
[36m(main_task pid=27390)[0m                                    'enforce_eager': True,
[36m(main_task pid=27390)[0m                                    'free_cache_engine': True,
[36m(main_task pid=27390)[0m                                    'gpu_memory_utilization': 0.3,
[36m(main_task pid=27390)[0m                                    'ignore_eos': False,
[36m(main_task pid=27390)[0m                                    'load_format': 'dummy_dtensor',
[36m(main_task pid=27390)[0m                                    'log_prob_max_token_len_per_gpu': 8192,
[36m(main_task pid=27390)[0m                                    'log_prob_micro_batch_size': None,
[36m(main_task pid=27390)[0m                                    'log_prob_micro_batch_size_per_gpu': None,
[36m(main_task pid=27390)[0m                                    'log_prob_use_dynamic_bsz': True,
[36m(main_task pid=27390)[0m                                    'max_model_len': 2048,
[36m(main_task pid=27390)[0m                                    'max_num_batched_tokens': 2048,
[36m(main_task pid=27390)[0m                                    'max_num_seqs': 1024,
[36m(main_task pid=27390)[0m                                    'n': 1,
[36m(main_task pid=27390)[0m                                    'name': 'vllm',
[36m(main_task pid=27390)[0m                                    'prompt_length': 512,
[36m(main_task pid=27390)[0m                                    'response_length': 512,
[36m(main_task pid=27390)[0m                                    'temperature': 1.0,
[36m(main_task pid=27390)[0m                                    'tensor_model_parallel_size': 1,
[36m(main_task pid=27390)[0m                                    'top_k': -1,
[36m(main_task pid=27390)[0m                                    'top_p': 1,
[36m(main_task pid=27390)[0m                                    'use_fire_sampling': False}},
[36m(main_task pid=27390)[0m  'agent_grpo': {'n': 2},
[36m(main_task pid=27390)[0m  'algorithm': {'adv_estimator': 'drgrpo',
[36m(main_task pid=27390)[0m                'entropy_bonus_coef': 0.0,
[36m(main_task pid=27390)[0m                'gamma': 1.0,
[36m(main_task pid=27390)[0m                'kl_ctrl': {'kl_coef': 0.001, 'type': 'fixed'},
[36m(main_task pid=27390)[0m                'kl_penalty': 'kl',
[36m(main_task pid=27390)[0m                'lam': 1.0},
[36m(main_task pid=27390)[0m  'critic': {'cliprange_value': 0.5,
[36m(main_task pid=27390)[0m             'forward_max_token_len_per_gpu': 32768,
[36m(main_task pid=27390)[0m             'forward_micro_batch_size': None,
[36m(main_task pid=27390)[0m             'forward_micro_batch_size_per_gpu': None,
[36m(main_task pid=27390)[0m             'grad_clip': 1.0,
[36m(main_task pid=27390)[0m             'model': {'enable_gradient_checkpointing': True,
[36m(main_task pid=27390)[0m                       'external_lib': None,
[36m(main_task pid=27390)[0m                       'fsdp_config': {'fsdp_size': -1,
[36m(main_task pid=27390)[0m                                       'optimizer_offload': False,
[36m(main_task pid=27390)[0m                                       'param_offload': False,
[36m(main_task pid=27390)[0m                                       'wrap_policy': {'min_num_params': 0}},
[36m(main_task pid=27390)[0m                       'override_config': {},
[36m(main_task pid=27390)[0m                       'path': '/root/autodl-tmp/models/Qwen/Qwen2.5-3B-Instruct',
[36m(main_task pid=27390)[0m                       'tokenizer_path': '/root/autodl-tmp/models/Qwen/Qwen2.5-3B-Instruct',
[36m(main_task pid=27390)[0m                       'use_remove_padding': True},
[36m(main_task pid=27390)[0m             'optim': {'lr': 1e-05,
[36m(main_task pid=27390)[0m W0525 13:56:11.107000 27390 site-packages/torch/utils/cpp_extension.py:140] No CUDA runtime is found, using CUDA_HOME='/usr/local/cuda'
2026-05-25 14:35:48,487	WARNING utils.py:461 -- Detecting docker specified CPUs. In previous versions of Ray, CPU detection in containers was incorrect. Please ensure that Ray has enough CPUs allocated. As a temporary workaround to revert to the prior behavior, set `RAY_USE_MULTIPROCESSING_CPU_COUNT=1` as an env var before starting Ray. Set the env var: `RAY_DISABLE_DOCKER_CPU_WARNING=1` to mute this warning.
2026-05-25 14:35:51,781	INFO worker.py:2012 -- Started a local Ray instance.
/root/miniconda3/lib/python3.12/site-packages/ray/_private/worker.py:2051: FutureWarning: Tip: In future versions of Ray, Ray will no longer override accelerator visible devices env var if num_gpus=0 or num_gpus=None (default). To enable this behavior and turn off this error message, set RAY_ACCEL_ENV_VAR_OVERRIDE_ON_ZERO=0
  warnings.warn(
[36m(main_task pid=37091)[0m {'actor_rollout_ref': {'actor': {'clip_ratio': 0.2,
[36m(main_task pid=37091)[0m                                  'entropy_coeff': 0.001,
[36m(main_task pid=37091)[0m                                  'fsdp_config': {'fsdp_size': -1,
[36m(main_task pid=37091)[0m                                                  'model_dtype': 'bf16',
[36m(main_task pid=37091)[0m                                                  'optimizer_offload': False,
[36m(main_task pid=37091)[0m                                                  'param_offload': False,
[36m(main_task pid=37091)[0m                                                  'wrap_policy': {'min_num_params': 0}},
[36m(main_task pid=37091)[0m                                  'grad_clip': 1.0,
[36m(main_task pid=37091)[0m                                  'kl_loss_coef': 0.001,
[36m(main_task pid=37091)[0m                                  'kl_loss_type': 'low_var_kl',
[36m(main_task pid=37091)[0m                                  'optim': {'lr': 1e-06,
[36m(main_task pid=37091)[0m                                            'lr_warmup_steps_ratio': 0.0,
[36m(main_task pid=37091)[0m                                            'min_lr_ratio': None,
[36m(main_task pid=37091)[0m                                            'total_training_steps': -1,
[36m(main_task pid=37091)[0m                                            'warmup_style': 'constant'},
[36m(main_task pid=37091)[0m                                  'ppo_epochs': 1,
[36m(main_task pid=37091)[0m                                  'ppo_max_token_len_per_gpu': 8192,
[36m(main_task pid=37091)[0m                                  'ppo_micro_batch_size': None,
[36m(main_task pid=37091)[0m                                  'ppo_micro_batch_size_per_gpu': None,
[36m(main_task pid=37091)[0m                                  'ppo_mini_batch_size': 256,
[36m(main_task pid=37091)[0m                                  'shuffle': False,
[36m(main_task pid=37091)[0m                                  'strategy': 'fsdp',
[36m(main_task pid=37091)[0m                                  'ulysses_sequence_parallel_size': 1,
[36m(main_task pid=37091)[0m                                  'use_dynamic_bsz': True,
[36m(main_task pid=37091)[0m                                  'use_kl_loss': True},
[36m(main_task pid=37091)[0m                        'hybrid_engine': True,
[36m(main_task pid=37091)[0m                        'model': {'enable_gradient_checkpointing': True,
[36m(main_task pid=37091)[0m                                  'external_lib': None,
[36m(main_task pid=37091)[0m                                  'lora_alpha': 16,
[36m(main_task pid=37091)[0m                                  'lora_dropout': 0.0,
[36m(main_task pid=37091)[0m                                  'lora_rank': 64,
[36m(main_task pid=37091)[0m                                  'override_config': {},
[36m(main_task pid=37091)[0m                                  'path': '/root/autodl-tmp/models/Qwen/Qwen2.5-3B-Instruct',
[36m(main_task pid=37091)[0m                                  'use_lora': True,
[36m(main_task pid=37091)[0m                                  'use_remove_padding': True},
[36m(main_task pid=37091)[0m                        'ref': {'fsdp_config': {'param_offload': True,
[36m(main_task pid=37091)[0m                                                'wrap_policy': {'min_num_params': 0}},
[36m(main_task pid=37091)[0m                                'log_prob_max_token_len_per_gpu': 8192,
[36m(main_task pid=37091)[0m                                'log_prob_micro_batch_size': None,
[36m(main_task pid=37091)[0m                                'log_prob_micro_batch_size_per_gpu': None,
[36m(main_task pid=37091)[0m                                'log_prob_use_dynamic_bsz': True,
[36m(main_task pid=37091)[0m                                'ulysses_sequence_parallel_size': 1},
[36m(main_task pid=37091)[0m                        'rollout': {'disable_log_stats': True,
[36m(main_task pid=37091)[0m                                    'do_sample': True,
[36m(main_task pid=37091)[0m                                    'dtype': 'bfloat16',
[36m(main_task pid=37091)[0m                                    'enable_chunked_prefill': True,
[36m(main_task pid=37091)[0m                                    'enforce_eager': True,
[36m(main_task pid=37091)[0m                                    'free_cache_engine': True,
[36m(main_task pid=37091)[0m                                    'gpu_memory_utilization': 0.3,
[36m(main_task pid=37091)[0m                                    'ignore_eos': False,
[36m(main_task pid=37091)[0m                                    'load_format': 'dummy_dtensor',
[36m(main_task pid=37091)[0m                                    'log_prob_max_token_len_per_gpu': 8192,
[36m(main_task pid=37091)[0m                                    'log_prob_micro_batch_size': None,
[36m(main_task pid=37091)[0m                                    'log_prob_micro_batch_size_per_gpu': None,
[36m(main_task pid=37091)[0m                                    'log_prob_use_dynamic_bsz': True,
[36m(main_task pid=37091)[0m                                    'max_model_len': 2048,
[36m(main_task pid=37091)[0m                                    'max_num_batched_tokens': 2048,
[36m(main_task pid=37091)[0m                                    'max_num_seqs': 1024,
[36m(main_task pid=37091)[0m                                    'n': 1,
[36m(main_task pid=37091)[0m                                    'name': 'vllm',
[36m(main_task pid=37091)[0m                                    'prompt_length': 512,
[36m(main_task pid=37091)[0m                                    'response_length': 512,
[36m(main_task pid=37091)[0m                                    'temperature': 1.0,
[36m(main_task pid=37091)[0m                                    'tensor_model_parallel_size': 1,
[36m(main_task pid=37091)[0m                                    'top_k': -1,
[36m(main_task pid=37091)[0m                                    'top_p': 1,
[36m(main_task pid=37091)[0m                                    'use_fire_sampling': False}},
[36m(main_task pid=37091)[0m  'agent_grpo': {'n': 2},
[36m(main_task pid=37091)[0m  'algorithm': {'adv_estimator': 'drgrpo',
[36m(main_task pid=37091)[0m                'entropy_bonus_coef': 0.0,
[36m(main_task pid=37091)[0m                'gamma': 1.0,
[36m(main_task pid=37091)[0m                'kl_ctrl': {'kl_coef': 0.001, 'type': 'fixed'},
[36m(main_task pid=37091)[0m                'kl_penalty': 'kl',
[36m(main_task pid=37091)[0m                'lam': 1.0},
[36m(main_task pid=37091)[0m  'critic': {'cliprange_value': 0.5,
[36m(main_task pid=37091)[0m             'forward_max_token_len_per_gpu': 32768,
[36m(main_task pid=37091)[0m             'forward_micro_batch_size': None,
[36m(main_task pid=37091)[0m             'forward_micro_batch_size_per_gpu': None,
[36m(main_task pid=37091)[0m             'grad_clip': 1.0,
[36m(main_task pid=37091)[0m             'model': {'enable_gradient_checkpointing': True,
[36m(main_task pid=37091)[0m                       'external_lib': None,
[36m(main_task pid=37091)[0m                       'fsdp_config': {'fsdp_size': -1,
[36m(main_task pid=37091)[0m                                       'optimizer_offload': False,
[36m(main_task pid=37091)[0m                                       'param_offload': False,
[36m(main_task pid=37091)[0m                                       'wrap_policy': {'min_num_params': 0}},
[36m(main_task pid=37091)[0m                       'override_config': {},
[36m(main_task pid=37091)[0m                       'path': '/root/autodl-tmp/models/Qwen/Qwen2.5-3B-Instruct',
[36m(main_task pid=37091)[0m                       'tokenizer_path': '/root/autodl-tmp/models/Qwen/Qwen2.5-3B-Instruct',
[36m(main_task pid=37091)[0m                       'use_remove_padding': True},
[36m(main_task pid=37091)[0m             'optim': {'lr': 1e-05,
[36m(main_task pid=37091)[0m W0525 14:36:00.552000 37091 site-packages/torch/utils/cpp_extension.py:140] No CUDA runtime is found, using CUDA_HOME='/usr/local/cuda'
[36m(main_task pid=37091)[0m                       'lr_warmup_steps_ratio': 0.0,
[36m(main_task pid=37091)[0m                       'min_lr_ratio': None,
[36m(main_task pid=37091)[0m                       'total_training_steps': -1,
[36m(main_task pid=37091)[0m                       'warmup_style': 'constant'},
[36m(main_task pid=37091)[0m             'ppo_epochs': 1,
[36m(main_task pid=37091)[0m             'ppo_max_token_len_per_gpu': 32768,
[36m(main_task pid=37091)[0m             'ppo_micro_batch_size': None,
[36m(main_task pid=37091)[0m             'ppo_micro_batch_size_per_gpu': None,
[36m(main_task pid=37091)[0m             'ppo_mini_batch_size': 256,
[36m(main_task pid=37091)[0m             'shuffle': False,
[36m(main_task pid=37091)[0m             'strategy': 'fsdp',
[36m(main_task pid=37091)[0m             'ulysses_sequence_parallel_size': 1,
[36m(main_task pid=37091)[0m             'use_dynamic_bsz': True},
[36m(main_task pid=37091)[0m  'data': {'data_writing_file': './signal/data.json',
[36m(main_task pid=37091)[0m           'image_key': 'images',
[36m(main_task pid=37091)[0m           'max_prompt_length': 512,
[36m(main_task pid=37091)[0m           'max_response_length': 512,
[36m(main_task pid=37091)[0m           'n_gpus_per_node': 8,
[36m(main_task pid=37091)[0m           'num_workers': 0,
[36m(main_task pid=37091)[0m           'prompt_key': 'prompt',
[36m(main_task pid=37091)[0m           'query_signal': 1,
[36m(main_task pid=37091)[0m           'response_signal': 0,
[36m(main_task pid=37091)[0m           'return_raw_chat': False,
[36m(main_task pid=37091)[0m           'return_raw_input_ids': False,
[36m(main_task pid=37091)[0m           'shuffle': True,
[36m(main_task pid=37091)[0m           'signal_writing_file': './signal/signal.json',
[36m(main_task pid=37091)[0m           'tokenizer': None,
[36m(main_task pid=37091)[0m           'train_batch_size': 512,
[36m(main_task pid=37091)[0m           'train_files': '/root/DeepResearcher/data/train.parquet',
[36m(main_task pid=37091)[0m           'val_batch_size': None,
[36m(main_task pid=37091)[0m           'val_files': '~/data/rlhf/gsm8k/test.parquet'},
[36m(main_task pid=37091)[0m  'do_search': True,
[36m(main_task pid=37091)[0m  'max_turns': 6,
[36m(main_task pid=37091)[0m  'reward_model': {'curriculum_bonus_coef': 0.05,
[36m(main_task pid=37091)[0m                   'curriculum_end_turn': 5,
[36m(main_task pid=37091)[0m                   'curriculum_start_turn': 2,
[36m(main_task pid=37091)[0m                   'early_stop_penalty_coef': 0.05,
[36m(main_task pid=37091)[0m                   'enable': False,
[36m(main_task pid=37091)[0m                   'forward_max_token_len_per_gpu': 32768,
[36m(main_task pid=37091)[0m                   'max_length': None,
[36m(main_task pid=37091)[0m                   'micro_batch_size': None,
[36m(main_task pid=37091)[0m                   'micro_batch_size_per_gpu': None,
[36m(main_task pid=37091)[0m                   'model': {'external_lib': None,
[36m(main_task pid=37091)[0m                             'fsdp_config': {'fsdp_size': -1,
[36m(main_task pid=37091)[0m                                             'min_num_params': 0,
[36m(main_task pid=37091)[0m                                             'param_offload': False},
[36m(main_task pid=37091)[0m                             'input_tokenizer': '/root/autodl-tmp/models/Qwen/Qwen2.5-3B-Instruct',
[36m(main_task pid=37091)[0m                             'path': '~/models/FsfairX-LLaMA3-RM-v0.1',
[36m(main_task pid=37091)[0m                             'use_remove_padding': True},
[36m(main_task pid=37091)[0m                   'pbrs_gamma': 0.5,
[36m(main_task pid=37091)[0m                   'query_repetition_penalty_coef': 0.05,
[36m(main_task pid=37091)[0m                   'reward_manager': 'naive',
[36m(main_task pid=37091)[0m                   'strategy': 'fsdp',
[36m(main_task pid=37091)[0m                   'ulysses_sequence_parallel_size': 2,
[36m(main_task pid=37091)[0m                   'use_curriculum': False,
[36m(main_task pid=37091)[0m                   'use_dynamic_bsz': True,
[36m(main_task pid=37091)[0m                   'use_pbrs': False,
[36m(main_task pid=37091)[0m                   'use_query_monitoring': False},
[36m(main_task pid=37091)[0m  'search_engine': 'searxng',
[36m(main_task pid=37091)[0m  'trainer': {'critic_warmup': 0,
[36m(main_task pid=37091)[0m              'default_hdfs_dir': None,
[36m(main_task pid=37091)[0m              'default_local_dir': './ckpts/verl_examples/exp03_lora_rank64_alpha16',
[36m(main_task pid=37091)[0m              'del_local_ckpt_after_load': False,
[36m(main_task pid=37091)[0m              'experiment_name': 'exp03_lora_rank64_alpha16',
[36m(main_task pid=37091)[0m              'logger': ['console', 'swanlab'],
[36m(main_task pid=37091)[0m              'n_gpus_per_node': 1,
[36m(main_task pid=37091)[0m              'nnodes': 1,
[36m(main_task pid=37091)[0m              'project_name': 'verl_examples',
[36m(main_task pid=37091)[0m              'remove_previous_ckpt_in_save': False,
[36m(main_task pid=37091)[0m              'resume_from_path': False,
[36m(main_task pid=37091)[0m              'resume_mode': 'auto',
[36m(main_task pid=37091)[0m              'save_freq': 500,
[36m(main_task pid=37091)[0m              'test_freq': 100,
[36m(main_task pid=37091)[0m              'total_epochs': 30,
[36m(main_task pid=37091)[0m              'total_training_steps': 30,
[36m(main_task pid=37091)[0m              'val_before_train': False,
[36m(main_task pid=37091)[0m              'val_generations_to_log_to_wandb': 0}}
[36m(main_task pid=37091)[0m update signal file finish!
[36m(main_task pid=37091)[0m [validate_config] All configuration checks passed successfully!
[36m(main_task pid=37091)[0m original dataset len: 80000
[36m(main_task pid=37091)[0m filter dataset len: 80000
[36m(main_task pid=37091)[0m original dataset len: 3197
[36m(main_task pid=37091)[0m filter dataset len: 3197
[36m(main_task pid=37091)[0m Size of train dataloader: 156
[36m(main_task pid=37091)[0m Total training steps: 30
[36m(WorkerDict pid=37221)[0m Model config after override: Qwen2Config {
[36m(WorkerDict pid=37221)[0m   "architectures": [
[36m(WorkerDict pid=37221)[0m     "Qwen2ForCausalLM"
[36m(WorkerDict pid=37221)[0m   ],
[36m(WorkerDict pid=37221)[0m   "attention_dropout": 0.0,
[36m(WorkerDict pid=37221)[0m   "bos_token_id": null,
[36m(WorkerDict pid=37221)[0m   "dtype": "bfloat16",
[36m(WorkerDict pid=37221)[0m   "eos_token_id": 151645,
[36m(WorkerDict pid=37221)[0m   "hidden_act": "silu",
[36m(WorkerDict pid=37221)[0m   "hidden_size": 2048,
[36m(WorkerDict pid=37221)[0m   "initializer_range": 0.02,
[36m(WorkerDict pid=37221)[0m   "intermediate_size": 11008,
[36m(WorkerDict pid=37221)[0m   "layer_types": [
[36m(WorkerDict pid=37221)[0m     "full_attention",
[36m(WorkerDict pid=37221)[0m     "full_attention",
[36m(WorkerDict pid=37221)[0m     "full_attention",
[36m(WorkerDict pid=37221)[0m     "full_attention",
[36m(WorkerDict pid=37221)[0m     "full_attention",
[36m(WorkerDict pid=37221)[0m     "full_attention",
[36m(WorkerDict pid=37221)[0m     "full_attention",
[36m(WorkerDict pid=37221)[0m     "full_attention",
[36m(WorkerDict pid=37221)[0m     "full_attention",
[36m(WorkerDict pid=37221)[0m     "full_attention",
[36m(WorkerDict pid=37221)[0m     "full_attention",
[36m(WorkerDict pid=37221)[0m     "full_attention",
[36m(WorkerDict pid=37221)[0m     "full_attention",
[36m(WorkerDict pid=37221)[0m     "full_attention",
[36m(WorkerDict pid=37221)[0m     "full_attention",
[36m(WorkerDict pid=37221)[0m     "full_attention",
[36m(WorkerDict pid=37221)[0m     "full_attention",
[36m(WorkerDict pid=37221)[0m     "full_attention",
[36m(WorkerDict pid=37221)[0m     "full_attention",
[36m(WorkerDict pid=37221)[0m     "full_attention",
[36m(WorkerDict pid=37221)[0m     "full_attention",
[36m(WorkerDict pid=37221)[0m Loading weights:   0%|          | 0/434 [00:00<?, ?it/s]
[36m(WorkerDict pid=37221)[0m Loading weights: 100%|██████████| 434/434 [00:00<00:00, 10419.02it/s]
[36m(WorkerDict pid=37221)[0m /root/miniconda3/lib/python3.12/site-packages/torch/distributed/c10d_logger.py:83: UserWarning: barrier(): using the device under current context. You can specify `device_id` in `init_process_group` to mute this warning.
[36m(WorkerDict pid=37221)[0m   return func(*args, **kwargs)
[36m(WorkerDict pid=37221)[0m [rank0]:[W525 14:36:21.888475446 ProcessGroupNCCL.cpp:5188] Guessing device ID based on global rank. This can cause a hang if rank to GPU mapping is heterogeneous. You can specify device_id in init_process_group()
[36m(WorkerDict pid=37221)[0m /root/miniconda3/lib/python3.12/site-packages/torch/distributed/fsdp/fully_sharded_data_parallel.py:478: UserWarning: FSDP is switching to use `NO_SHARD` instead of ShardingStrategy.FULL_SHARD since the world size is 1.
[36m(WorkerDict pid=37221)[0m   _init_core_state(
[36m(WorkerDict pid=37221)[0m Loading weights:   0%|          | 0/434 [00:00<?, ?it/s]
[36m(WorkerDict pid=37221)[0m Loading weights: 100%|██████████| 434/434 [00:00<00:00, 10637.91it/s]
[36m(WorkerDict pid=37221)[0m /root/miniconda3/lib/python3.12/site-packages/torch/distributed/c10d_logger.py:83: UserWarning: barrier(): using the device under current context. You can specify `device_id` in `init_process_group` to mute this warning.
[36m(WorkerDict pid=37221)[0m   return func(*args, **kwargs)
[36m(WorkerDict pid=37221)[0m /root/miniconda3/lib/python3.12/site-packages/torch/distributed/fsdp/fully_sharded_data_parallel.py:478: UserWarning: FSDP is switching to use `NO_SHARD` instead of ShardingStrategy.FULL_SHARD since the world size is 1.
[36m(WorkerDict pid=37221)[0m   _init_core_state(
[36m(WorkerDict pid=37221)[0m     "full_attention",
[36m(WorkerDict pid=37221)[0m     "full_attention",
[36m(WorkerDict pid=37221)[0m     "full_attention",
[36m(WorkerDict pid=37221)[0m     "full_attention",
[36m(WorkerDict pid=37221)[0m     "full_attention",
[36m(WorkerDict pid=37221)[0m     "full_attention",
[36m(WorkerDict pid=37221)[0m     "full_attention",
[36m(WorkerDict pid=37221)[0m     "full_attention",
[36m(WorkerDict pid=37221)[0m     "full_attention",
[36m(WorkerDict pid=37221)[0m     "full_attention",
[36m(WorkerDict pid=37221)[0m     "full_attention",
[36m(WorkerDict pid=37221)[0m     "full_attention",
[36m(WorkerDict pid=37221)[0m     "full_attention",
[36m(WorkerDict pid=37221)[0m     "full_attention",
[36m(WorkerDict pid=37221)[0m     "full_attention"
[36m(WorkerDict pid=37221)[0m   ],
[36m(WorkerDict pid=37221)[0m   "max_position_embeddings": 32768,
[36m(WorkerDict pid=37221)[0m   "max_window_layers": 70,
[36m(WorkerDict pid=37221)[0m   "model_type": "qwen2",
[36m(WorkerDict pid=37221)[0m   "num_attention_heads": 16,
[36m(WorkerDict pid=37221)[0m   "num_hidden_layers": 36,
[36m(WorkerDict pid=37221)[0m   "num_key_value_heads": 2,
[36m(WorkerDict pid=37221)[0m   "pad_token_id": 151643,
[36m(WorkerDict pid=37221)[0m   "rms_norm_eps": 1e-06,
[36m(WorkerDict pid=37221)[0m   "rope_parameters": {
[36m(WorkerDict pid=37221)[0m     "rope_theta": 1000000.0,
[36m(WorkerDict pid=37221)[0m     "rope_type": "default"
[36m(WorkerDict pid=37221)[0m   },
[36m(WorkerDict pid=37221)[0m   "sliding_window": null,
[36m(WorkerDict pid=37221)[0m   "tie_word_embeddings": true,
[36m(WorkerDict pid=37221)[0m   "transformers_version": "5.9.0",
[36m(WorkerDict pid=37221)[0m   "use_cache": true,
[36m(WorkerDict pid=37221)[0m   "use_sliding_window": false,
[36m(WorkerDict pid=37221)[0m   "vocab_size": 151936
[36m(WorkerDict pid=37221)[0m }
[36m(WorkerDict pid=37221)[0m 
[36m(WorkerDict pid=37221)[0m Qwen2ForCausalLM contains 3.09B parameters
[36m(WorkerDict pid=37221)[0m wrap_policy: functools.partial(<function _or_policy at 0x7fb4438771a0>, policies=[functools.partial(<function transformer_auto_wrap_policy at 0x7fb443877060>, transformer_layer_cls={<class 'transformers.models.qwen2.modeling_qwen2.Qwen2DecoderLayer'>})])
[36m(WorkerDict pid=37221)[0m Actor use_remove_padding=True
[36m(WorkerDict pid=37221)[0m Model config after override: Qwen2Config {
[36m(WorkerDict pid=37221)[0m   "architectures": [
[36m(WorkerDict pid=37221)[0m     "Qwen2ForCausalLM"
[36m(WorkerDict pid=37221)[0m   ],
[36m(WorkerDict pid=37221)[0m   "attention_dropout": 0.0,
[36m(WorkerDict pid=37221)[0m   "bos_token_id": null,
[36m(WorkerDict pid=37221)[0m   "dtype": "bfloat16",
[36m(WorkerDict pid=37221)[0m   "eos_token_id": 151645,
[36m(WorkerDict pid=37221)[0m   "hidden_act": "silu",
[36m(WorkerDict pid=37221)[0m   "hidden_size": 2048,
[36m(WorkerDict pid=37221)[0m   "initializer_range": 0.02,
[36m(WorkerDict pid=37221)[0m   "intermediate_size": 11008,
[36m(WorkerDict pid=37221)[0m   "layer_types": [
[36m(WorkerDict pid=37221)[0m     "full_attention",
[36m(WorkerDict pid=37221)[0m     "full_attention",
[36m(WorkerDict pid=37221)[0m     "full_attention",
[36m(WorkerDict pid=37221)[0m     "full_attention",
[36m(WorkerDict pid=37221)[0m     "full_attention",
[36m(WorkerDict pid=37221)[0m     "full_attention",
[36m(WorkerDict pid=37221)[0m     "full_attention",
[36m(WorkerDict pid=37221)[0m     "full_attention",
[36m(WorkerDict pid=37221)[0m     "full_attention",
[36m(WorkerDict pid=37221)[0m     "full_attention",
[36m(WorkerDict pid=37221)[0m     "full_attention",
[36m(WorkerDict pid=37221)[0m     "full_attention",
[36m(WorkerDict pid=37221)[0m     "full_attention",
[36m(WorkerDict pid=37221)[0m     "full_attention",
[36m(WorkerDict pid=37221)[0m     "full_attention",
[36m(WorkerDict pid=37221)[0m     "full_attention",
[36m(WorkerDict pid=37221)[0m     "full_attention",
[36m(WorkerDict pid=37221)[0m     "full_attention",
[36m(WorkerDict pid=37221)[0m     "full_attention",
[36m(WorkerDict pid=37221)[0m     "full_attention",
[36m(WorkerDict pid=37221)[0m     "full_attention",
[36m(WorkerDict pid=37221)[0m     "full_attention",
[36m(WorkerDict pid=37221)[0m     "full_attention",
[36m(WorkerDict pid=37221)[0m     "full_attention",
[36m(WorkerDict pid=37221)[0m     "full_attention",
[36m(WorkerDict pid=37221)[0m     "full_attention",
[36m(WorkerDict pid=37221)[0m     "full_attention",
[36m(WorkerDict pid=37221)[0m     "full_attention",
[36m(WorkerDict pid=37221)[0m     "full_attention",
[36m(WorkerDict pid=37221)[0m     "full_attention",
[36m(WorkerDict pid=37221)[0m     "full_attention",
[36m(WorkerDict pid=37221)[0m     "full_attention",
[36m(WorkerDict pid=37221)[0m     "full_attention",
[36m(WorkerDict pid=37221)[0m     "full_attention",
[36m(WorkerDict pid=37221)[0m     "full_attention",
[36m(WorkerDict pid=37221)[0m     "full_attention"
[36m(WorkerDict pid=37221)[0m   ],
[36m(WorkerDict pid=37221)[0m   "max_position_embeddings": 32768,
[36m(WorkerDict pid=37221)[0m   "max_window_layers": 70,
[36m(WorkerDict pid=37221)[0m   "model_type": "qwen2",
[36m(WorkerDict pid=37221)[0m   "num_attention_heads": 16,
[36m(WorkerDict pid=37221)[0m   "num_hidden_layers": 36,
[36m(WorkerDict pid=37221)[0m   "num_key_value_heads": 2,
[36m(WorkerDict pid=37221)[0m   "pad_token_id": 151643,
[36m(WorkerDict pid=37221)[0m   "rms_norm_eps": 1e-06,
[36m(WorkerDict pid=37221)[0m   "rope_parameters": {
[36m(WorkerDict pid=37221)[0m     "rope_theta": 1000000.0,
[36m(WorkerDict pid=37221)[0m     "rope_type": "default"
[36m(WorkerDict pid=37221)[0m   },
[36m(WorkerDict pid=37221)[0m   "sliding_window": null,
[36m(WorkerDict pid=37221)[0m   "tie_word_embeddings": true,
[36m(WorkerDict pid=37221)[0m   "transformers_version": "5.9.0",
[36m(WorkerDict pid=37221)[0m   "use_cache": true,
[36m(WorkerDict pid=37221)[0m   "use_sliding_window": false,
[36m(WorkerDict pid=37221)[0m   "vocab_size": 151936
[36m(WorkerDict pid=37221)[0m }
[36m(WorkerDict pid=37221)[0m 
[36m(WorkerDict pid=37221)[0m trainable params: 29,491,200 || all params: 3,115,429,888 || trainable%: 0.9466
[36m(WorkerDict pid=37221)[0m [LoRA] Injected LoRA adapters: rank=64, alpha=16
[36m(WorkerDict pid=37221)[0m PeftModelForCausalLM contains 3.12B parameters
[36m(WorkerDict pid=37221)[0m wrap_policy: functools.partial(<function _or_policy at 0x7fb4438771a0>, policies=[functools.partial(<function lambda_auto_wrap_policy at 0x7fb443876b60>, lambda_fn=<function get_fsdp_wrap_policy.<locals>.lambda_policy_fn at 0x7fb1b66f6ca0>), functools.partial(<function transformer_auto_wrap_policy at 0x7fb443877060>, transformer_layer_cls={<class 'transformers.models.qwen2.modeling_qwen2.Qwen2DecoderLayer'>})])
[36m(WorkerDict pid=37221)[0m Total steps: 30, num_warmup_steps: 0
[36m(WorkerDict pid=37221)[0m Actor use_remove_padding=True
[36m(WorkerDict pid=37221)[0m Before building vllm rollout, memory allocated (GB): 11.676271915435791, memory reserved (GB): 12.408203125
[36m(WorkerDict pid=37221)[0m INFO 05-25 14:36:29 [utils.py:240] non-default args: {'dtype': 'bfloat16', 'max_model_len': 1024, 'distributed_executor_backend': 'external_launcher', 'enable_prefix_caching': True, 'gpu_memory_utilization': 0.3, 'max_num_batched_tokens': 2048, 'disable_log_stats': True, 'enforce_eager': True, 'disable_custom_all_reduce': True, 'enable_chunked_prefill': True, 'enable_sleep_mode': True, 'model': '/root/autodl-tmp/models/Qwen/Qwen2.5-3B-Instruct'}
[36m(WorkerDict pid=37221)[0m INFO 05-25 14:36:29 [model.py:568] Resolved architecture: Qwen2ForCausalLM
[36m(WorkerDict pid=37221)[0m INFO 05-25 14:36:29 [model.py:1697] Using max model len 1024
[36m(WorkerDict pid=37221)[0m Loading safetensors checkpoint shards:   0% Completed | 0/2 [00:00<?, ?it/s]
[36m(WorkerDict pid=37221)[0m Loading safetensors checkpoint shards:  50% Completed | 1/2 [00:00<00:00,  1.38it/s]
[36m(WorkerDict pid=37221)[0m Loading safetensors checkpoint shards: 100% Completed | 2/2 [00:01<00:00,  1.79it/s]
[36m(WorkerDict pid=37221)[0m Loading safetensors checkpoint shards: 100% Completed | 2/2 [00:01<00:00,  1.71it/s]
[36m(WorkerDict pid=37221)[0m 
[36m(WorkerDict pid=37221)[0m INFO 05-25 14:36:29 [arg_utils.py:1739] Using ray runtime env (env vars redacted): {'env_vars': {'NCCL_DEBUG': '***', 'RANK': '***', 'RAY_LOCAL_RANK': '***', 'RAY_LOCAL_WORLD_SIZE': '***', 'TOKENIZERS_PARALLELISM': '***', 'WG_BACKEND': '***', 'WG_PREFIX': '***', 'WORLD_SIZE': '***'}}
[36m(WorkerDict pid=37221)[0m INFO 05-25 14:36:29 [parallel.py:769] Using external launcher for distributed inference.
[36m(WorkerDict pid=37221)[0m INFO 05-25 14:36:29 [parallel.py:829] Disabling V1 multiprocessing for external launcher.
[36m(WorkerDict pid=37221)[0m INFO 05-25 14:36:29 [scheduler.py:239] Chunked prefill is enabled with max_num_batched_tokens=2048.
[36m(WorkerDict pid=37221)[0m INFO 05-25 14:36:29 [vllm.py:886] Asynchronous scheduling is enabled.
[36m(WorkerDict pid=37221)[0m WARNING 05-25 14:36:29 [vllm.py:942] Enforce eager set, disabling torch.compile and CUDAGraphs. This is equivalent to setting -cc.mode=none -cc.cudagraph_mode=none
[36m(WorkerDict pid=37221)[0m WARNING 05-25 14:36:29 [vllm.py:960] Inductor compilation was disabled by user settings, optimizations settings that are only active during inductor compilation will be ignored.
[36m(WorkerDict pid=37221)[0m INFO 05-25 14:36:29 [kernel.py:212] Final IR op priority after setting platform defaults: IrOpPriorityConfig(rms_norm=['vllm_c', 'native'], fused_add_rms_norm=['vllm_c', 'native'])
[36m(WorkerDict pid=37221)[0m INFO 05-25 14:36:29 [vllm.py:1135] Cudagraph is disabled under eager mode
[36m(WorkerDict pid=37221)[0m INFO 05-25 14:36:29 [compilation.py:303] Enabled custom fusions: norm_quant, act_quant
[36m(WorkerDict pid=37221)[0m INFO 05-25 14:36:30 [core.py:109] Initializing a V1 LLM engine (v0.21.0) with config: model='/root/autodl-tmp/models/Qwen/Qwen2.5-3B-Instruct', speculative_config=None, tokenizer='/root/autodl-tmp/models/Qwen/Qwen2.5-3B-Instruct', skip_tokenizer_init=False, tokenizer_mode=auto, revision=None, tokenizer_revision=None, trust_remote_code=False, dtype=torch.bfloat16, max_seq_len=1024, download_dir=None, load_format=auto, tensor_parallel_size=1, pipeline_parallel_size=1, data_parallel_size=1, decode_context_parallel_size=1, dcp_comm_backend=ag_rs, disable_custom_all_reduce=True, quantization=None, quantization_config=None, enforce_eager=True, enable_return_routed_experts=False, kv_cache_dtype=auto, device_config=cuda, structured_outputs_config=StructuredOutputsConfig(backend='auto', disable_any_whitespace=False, disable_additional_properties=False, reasoning_parser='', reasoning_parser_plugin='', enable_in_reasoning=False), observability_config=ObservabilityConfig(show_hidden_metrics_for_version=None, otlp_traces_endpoint=None, collect_detailed_traces=None, kv_cache_metrics=False, kv_cache_metrics_sample=0.01, cudagraph_metrics=False, enable_layerwise_nvtx_tracing=False, enable_mfu_metrics=False, enable_mm_processor_stats=False, enable_logging_iteration_details=False), seed=0, served_model_name=/root/autodl-tmp/models/Qwen/Qwen2.5-3B-Instruct, enable_prefix_caching=True, enable_chunked_prefill=True, pooler_config=None, compilation_config={'mode': <CompilationMode.NONE: 0>, 'debug_dump_path': None, 'cache_dir': '', 'compile_cache_save_format': 'binary', 'backend': 'inductor', 'custom_ops': ['all'], 'ir_enable_torch_wrap': False, 'splitting_ops': [], 'compile_mm_encoder': False, 'cudagraph_mm_encoder': False, 'encoder_cudagraph_token_budgets': [], 'encoder_cudagraph_max_vision_items_per_batch': 0, 'encoder_cudagraph_max_frames_per_batch': None, 'compile_sizes': [], 'compile_ranges_endpoints': [2048], 'inductor_compile_config': {'enable_auto_functionalized_v2': False, 'size_asserts': False, 'alignment_asserts': False, 'scalar_asserts': False, 'combo_kernels': True, 'benchmark_combo_kernel': True}, 'inductor_passes': {}, 'cudagraph_mode': <CUDAGraphMode.NONE: 0>, 'cudagraph_num_of_warmups': 0, 'cudagraph_capture_sizes': [], 'cudagraph_copy_inputs': False, 'cudagraph_specialize_lora': True, 'use_inductor_graph_partition': False, 'pass_config': {'fuse_norm_quant': True, 'fuse_act_quant': True, 'fuse_attn_quant': False, 'enable_sp': False, 'fuse_gemm_comms': False, 'fuse_allreduce_rms': False, 'fuse_act_padding': False}, 'max_cudagraph_capture_size': 0, 'dynamic_shapes_config': {'type': <DynamicShapesType.BACKED: 'backed'>, 'evaluate_guards': False, 'assume_32_bit_indexing': False}, 'local_cache_dir': None, 'fast_moe_cold_start': False, 'static_all_moe_layers': []}, kernel_config=KernelConfig(ir_op_priority=IrOpPriorityConfig(rms_norm=['vllm_c', 'native'], fused_add_rms_norm=['vllm_c', 'native']), enable_flashinfer_autotune=False, moe_backend='auto')
[36m(WorkerDict pid=37221)[0m INFO 05-25 14:36:30 [parallel_state.py:1723] rank 0 in world size 1 is assigned as DP rank 0, PP rank 0, PCP rank 0, TP rank 0, EP rank N/A, EPLB rank N/A
[36m(WorkerDict pid=37221)[0m INFO 05-25 14:36:31 [topk_topp_sampler.py:45] Using FlashInfer for top-p & top-k sampling.
[36m(WorkerDict pid=37221)[0m INFO 05-25 14:36:31 [gpu_model_runner.py:4857] Starting to load model /root/autodl-tmp/models/Qwen/Qwen2.5-3B-Instruct...
[36m(WorkerDict pid=37221)[0m INFO 05-25 14:36:31 [cuda.py:372] Using FLASH_ATTN attention backend out of potential backends: ['FLASH_ATTN', 'FLASHINFER', 'TRITON_ATTN', 'FLEX_ATTENTION'].
[36m(WorkerDict pid=37221)[0m INFO 05-25 14:36:31 [flash_attn.py:641] Using FlashAttention version 2
[36m(WorkerDict pid=37221)[0m INFO 05-25 14:36:31 [weight_utils.py:938] Filesystem type for checkpoints: XFS. Checkpoint size: 5.75 GiB. Available RAM: 965.59 GiB.
[36m(WorkerDict pid=37221)[0m INFO 05-25 14:36:31 [weight_utils.py:961] Auto-prefetch is disabled because the filesystem (XFS) is not a recognized network FS (NFS/Lustre). If you want to force prefetching, start vLLM with --safetensors-load-strategy=prefetch.
[36m(WorkerDict pid=37221)[0m INFO 05-25 14:36:33 [default_loader.py:397] Loading weights took 1.19 seconds
[36m(WorkerDict pid=37221)[0m INFO 05-25 14:36:33 [gpu_model_runner.py:4959] Model loading took 5.79 GiB memory and 1.367380 seconds
[36m(WorkerDict pid=37221)[0m INFO 05-25 14:37:37 [gpu_worker.py:462] Available KV cache memory: 20.52 GiB
[36m(WorkerDict pid=37221)[0m INFO 05-25 14:37:37 [kv_cache_utils.py:1710] GPU KV cache size: 597,632 tokens
[36m(WorkerDict pid=37221)[0m INFO 05-25 14:37:37 [kv_cache_utils.py:1711] Maximum concurrency for 1,024 tokens per request: 583.62x
[36m(WorkerDict pid=37221)[0m INFO 05-25 14:37:37 [kernel_warmup.py:44] Skipping FlashInfer autotune because it is disabled.
[36m(WorkerDict pid=37221)[0m INFO 05-25 14:37:38 [jit_monitor.py:54] Kernel JIT monitor activated — Triton JIT compilations during inference will be logged as warnings.
[36m(WorkerDict pid=37221)[0m INFO 05-25 14:37:38 [core.py:306] init engine (profile, create kv cache, warmup model) took 64.33 s
Error executing job with overrides: ['actor_rollout_ref.model.path=/root/autodl-tmp/models/Qwen/Qwen2.5-3B-Instruct', 'actor_rollout_ref.model.use_remove_padding=true', 'actor_rollout_ref.model.use_lora=true', 'actor_rollout_ref.model.lora_rank=64', 'actor_rollout_ref.model.lora_alpha=16', 'actor_rollout_ref.model.lora_dropout=0.0', '+actor_rollout_ref.actor.fsdp_config.model_dtype=bf16', 'actor_rollout_ref.actor.fsdp_config.param_offload=false', 'actor_rollout_ref.actor.fsdp_config.optimizer_offload=False', 'actor_rollout_ref.actor.ulysses_sequence_parallel_size=1', 'actor_rollout_ref.ref.fsdp_config.param_offload=true', 'actor_rollout_ref.ref.ulysses_sequence_parallel_size=1', 'actor_rollout_ref.rollout.tensor_model_parallel_size=1', 'actor_rollout_ref.rollout.gpu_memory_utilization=0.3', 'actor_rollout_ref.rollout.max_model_len=2048', 'actor_rollout_ref.rollout.max_num_batched_tokens=2048', 'critic.model.path=/root/autodl-tmp/models/Qwen/Qwen2.5-3B-Instruct', 'critic.ulysses_sequence_parallel_size=1', 'data.train_files=/root/DeepResearcher/data/train.parquet', 'data.max_prompt_length=512', 'data.max_response_length=512', 'data.train_batch_size=512', '+data.num_workers=0', 'algorithm.adv_estimator=drgrpo', 'algorithm.kl_penalty=kl', 'algorithm.kl_ctrl.type=fixed', 'algorithm.kl_ctrl.kl_coef=0.001', 'algorithm.gamma=1.0', 'algorithm.lam=1.0', 'trainer.total_training_steps=30', 'trainer.experiment_name=exp03_lora_rank64_alpha16', "trainer.logger=['console','swanlab']", 'trainer.save_freq=500', 'trainer.test_freq=100', '+trainer.val_before_train=false', 'trainer.nnodes=1', 'trainer.n_gpus_per_node=1', 'max_turns=6', 'do_search=true', 'agent_grpo.n=2', 'search_engine=searxng', 'reward_model.reward_manager=naive', 'reward_model.use_pbrs=false', 'reward_model.use_curriculum=false', 'reward_model.use_query_monitoring=false', 'algorithm.entropy_bonus_coef=0.0']
Traceback (most recent call last):
  File "/root/DeepResearcher/verl/trainer/main_ppo.py", line 168, in <module>
    main()
  File "/root/miniconda3/lib/python3.12/site-packages/hydra/main.py", line 94, in decorated_main
    _run_hydra(
  File "/root/miniconda3/lib/python3.12/site-packages/hydra/_internal/utils.py", line 394, in _run_hydra
    _run_app(
  File "/root/miniconda3/lib/python3.12/site-packages/hydra/_internal/utils.py", line 457, in _run_app
    run_and_report(
  File "/root/miniconda3/lib/python3.12/site-packages/hydra/_internal/utils.py", line 223, in run_and_report
    raise ex
  File "/root/miniconda3/lib/python3.12/site-packages/hydra/_internal/utils.py", line 220, in run_and_report
    return func()
           ^^^^^^
  File "/root/miniconda3/lib/python3.12/site-packages/hydra/_internal/utils.py", line 458, in <lambda>
    lambda: hydra.run(
            ^^^^^^^^^^
  File "/root/miniconda3/lib/python3.12/site-packages/hydra/_internal/hydra.py", line 132, in run
    _ = ret.return_value
        ^^^^^^^^^^^^^^^^
  File "/root/miniconda3/lib/python3.12/site-packages/hydra/core/utils.py", line 260, in return_value
    raise self._return_value
  File "/root/miniconda3/lib/python3.12/site-packages/hydra/core/utils.py", line 186, in run_job
    ret.return_value = task_function(task_cfg)
                       ^^^^^^^^^^^^^^^^^^^^^^^
  File "/root/DeepResearcher/verl/trainer/main_ppo.py", line 26, in main
    run_ppo(config)
  File "/root/DeepResearcher/verl/trainer/main_ppo.py", line 34, in run_ppo
    ray.get(main_task.remote(config, compute_score))
  File "/root/miniconda3/lib/python3.12/site-packages/ray/_private/auto_init_hook.py", line 22, in auto_init_wrapper
    return fn(*args, **kwargs)
           ^^^^^^^^^^^^^^^^^^^
  File "/root/miniconda3/lib/python3.12/site-packages/ray/_private/client_mode_hook.py", line 107, in wrapper
    return func(*args, **kwargs)
           ^^^^^^^^^^^^^^^^^^^^^
  File "/root/miniconda3/lib/python3.12/site-packages/ray/_private/worker.py", line 2980, in get
    values, debugger_breakpoint = worker.get_objects(
                                  ^^^^^^^^^^^^^^^^^^^
  File "/root/miniconda3/lib/python3.12/site-packages/ray/_private/worker.py", line 1023, in get_objects
    raise value.as_instanceof_cause()
ray.exceptions.RayTaskError(AttributeError): [36mray::main_task()[39m (pid=37091, ip=172.17.0.6)
  File "/root/DeepResearcher/verl/trainer/main_ppo.py", line 163, in main_task
    trainer.init_workers()
  File "/root/DeepResearcher/verl/trainer/ppo/ray_trainer.py", line 905, in init_workers
    self.actor_rollout_wg.init_model()
  File "/root/DeepResearcher/verl/single_controller/ray/base.py", line 42, in func
    output = ray.get(output)
             ^^^^^^^^^^^^^^^
           ^^^^^^^^^^^^^^^^^^^
           ^^^^^^^^^^^^^^^^^^^^^
                                  ^^^^^^^^^^^^^^^^^^^
ray.exceptions.RayTaskError(AttributeError): [36mray::WorkerDict.actor_rollout_init_model()[39m (pid=37221, ip=172.17.0.6, actor_id=9f6d748466569fca93cc9f6901000000, repr=<verl.single_controller.ray.base.WorkerDict object at 0x7fb20daafd10>)
           ^^^^^^^^^^^^^^^^^^^^^^^^^^^^^^^^^^^^
           ^^^^^^^^^^^^^^^^^^^^^^^^^^^^^^^
  File "/root/DeepResearcher/verl/single_controller/ray/base.py", line 399, in func
    return getattr(self.worker_dict[key], name)(*args, **kwargs)
           ^^^^^^^^^^^^^^^^^^^^^^^^^^^^^^^^^^^^^^^^^^^^^^^^^^^^^
  File "/root/DeepResearcher/verl/single_controller/base/decorator.py", line 404, in inner
    return func(*args, **kwargs)
           ^^^^^^^^^^^^^^^^^^^^^
  File "/root/DeepResearcher/verl/workers/fsdp_workers.py", line 444, in init_model
    self.rollout, self.rollout_sharding_manager = self._build_rollout()
                                                  ^^^^^^^^^^^^^^^^^^^^^
  File "/root/DeepResearcher/verl/workers/fsdp_workers.py", line 357, in _build_rollout
    rollout = vLLMRollout(model_path=local_path,
              ^^^^^^^^^^^^^^^^^^^^^^^^^^^^^^^^^^
  File "/root/DeepResearcher/verl/workers/rollout/vllm_rollout/vllm_rollout_spmd.py", line 118, in __init__
    self.inference_engine.set_tokenizer(tokenizer)
    ^^^^^^^^^^^^^^^^^^^^^^^^^^^^^^^^^^^
AttributeError: 'LLM' object has no attribute 'set_tokenizer'. Did you mean: 'get_tokenizer'?
2026-05-25 14:39:09,780	WARNING utils.py:461 -- Detecting docker specified CPUs. In previous versions of Ray, CPU detection in containers was incorrect. Please ensure that Ray has enough CPUs allocated. As a temporary workaround to revert to the prior behavior, set `RAY_USE_MULTIPROCESSING_CPU_COUNT=1` as an env var before starting Ray. Set the env var: `RAY_DISABLE_DOCKER_CPU_WARNING=1` to mute this warning.
2026-05-25 14:39:12,061	INFO worker.py:2012 -- Started a local Ray instance.
/root/miniconda3/lib/python3.12/site-packages/ray/_private/worker.py:2051: FutureWarning: Tip: In future versions of Ray, Ray will no longer override accelerator visible devices env var if num_gpus=0 or num_gpus=None (default). To enable this behavior and turn off this error message, set RAY_ACCEL_ENV_VAR_OVERRIDE_ON_ZERO=0
  warnings.warn(
[36m(main_task pid=40105)[0m {'actor_rollout_ref': {'actor': {'clip_ratio': 0.2,
[36m(main_task pid=40105)[0m                                  'entropy_coeff': 0.001,
[36m(main_task pid=40105)[0m                                  'fsdp_config': {'fsdp_size': -1,
[36m(main_task pid=40105)[0m                                                  'model_dtype': 'bf16',
[36m(main_task pid=40105)[0m                                                  'optimizer_offload': False,
[36m(main_task pid=40105)[0m                                                  'param_offload': False,
[36m(main_task pid=40105)[0m                                                  'wrap_policy': {'min_num_params': 0}},
[36m(main_task pid=40105)[0m                                  'grad_clip': 1.0,
[36m(main_task pid=40105)[0m                                  'kl_loss_coef': 0.001,
[36m(main_task pid=40105)[0m                                  'kl_loss_type': 'low_var_kl',
[36m(main_task pid=40105)[0m                                  'optim': {'lr': 1e-06,
[36m(main_task pid=40105)[0m                                            'lr_warmup_steps_ratio': 0.0,
[36m(main_task pid=40105)[0m                                            'min_lr_ratio': None,
[36m(main_task pid=40105)[0m                                            'total_training_steps': -1,
[36m(main_task pid=40105)[0m                                            'warmup_style': 'constant'},
[36m(main_task pid=40105)[0m                                  'ppo_epochs': 1,
[36m(main_task pid=40105)[0m                                  'ppo_max_token_len_per_gpu': 8192,
[36m(main_task pid=40105)[0m                                  'ppo_micro_batch_size': None,
[36m(main_task pid=40105)[0m                                  'ppo_micro_batch_size_per_gpu': None,
[36m(main_task pid=40105)[0m                                  'ppo_mini_batch_size': 256,
[36m(main_task pid=40105)[0m                                  'shuffle': False,
[36m(main_task pid=40105)[0m                                  'strategy': 'fsdp',
[36m(main_task pid=40105)[0m                                  'ulysses_sequence_parallel_size': 1,
[36m(main_task pid=40105)[0m                                  'use_dynamic_bsz': True,
[36m(main_task pid=40105)[0m                                  'use_kl_loss': True},
[36m(main_task pid=40105)[0m                        'hybrid_engine': True,
[36m(main_task pid=40105)[0m                        'model': {'enable_gradient_checkpointing': True,
[36m(main_task pid=40105)[0m                                  'external_lib': None,
[36m(main_task pid=40105)[0m                                  'lora_alpha': 16,
[36m(main_task pid=40105)[0m                                  'lora_dropout': 0.0,
[36m(main_task pid=40105)[0m                                  'lora_rank': 64,
[36m(main_task pid=40105)[0m                                  'override_config': {},
[36m(main_task pid=40105)[0m                                  'path': '/root/autodl-tmp/models/Qwen/Qwen2.5-3B-Instruct',
[36m(main_task pid=40105)[0m                                  'use_lora': True,
[36m(main_task pid=40105)[0m                                  'use_remove_padding': True},
[36m(main_task pid=40105)[0m                        'ref': {'fsdp_config': {'param_offload': True,
[36m(main_task pid=40105)[0m                                                'wrap_policy': {'min_num_params': 0}},
[36m(main_task pid=40105)[0m                                'log_prob_max_token_len_per_gpu': 8192,
[36m(main_task pid=40105)[0m                                'log_prob_micro_batch_size': None,
[36m(main_task pid=40105)[0m                                'log_prob_micro_batch_size_per_gpu': None,
[36m(main_task pid=40105)[0m                                'log_prob_use_dynamic_bsz': True,
[36m(main_task pid=40105)[0m                                'ulysses_sequence_parallel_size': 1},
[36m(main_task pid=40105)[0m                        'rollout': {'disable_log_stats': True,
[36m(main_task pid=40105)[0m                                    'do_sample': True,
[36m(main_task pid=40105)[0m                                    'dtype': 'bfloat16',
[36m(main_task pid=40105)[0m                                    'enable_chunked_prefill': True,
[36m(main_task pid=40105)[0m                                    'enforce_eager': True,
[36m(main_task pid=40105)[0m                                    'free_cache_engine': True,
[36m(main_task pid=40105)[0m                                    'gpu_memory_utilization': 0.3,
[36m(main_task pid=40105)[0m                                    'ignore_eos': False,
[36m(main_task pid=40105)[0m                                    'load_format': 'dummy_dtensor',
[36m(main_task pid=40105)[0m                                    'log_prob_max_token_len_per_gpu': 8192,
[36m(main_task pid=40105)[0m                                    'log_prob_micro_batch_size': None,
[36m(main_task pid=40105)[0m                                    'log_prob_micro_batch_size_per_gpu': None,
[36m(main_task pid=40105)[0m                                    'log_prob_use_dynamic_bsz': True,
[36m(main_task pid=40105)[0m                                    'max_model_len': 2048,
[36m(main_task pid=40105)[0m                                    'max_num_batched_tokens': 2048,
[36m(main_task pid=40105)[0m                                    'max_num_seqs': 1024,
[36m(main_task pid=40105)[0m                                    'n': 1,
[36m(main_task pid=40105)[0m                                    'name': 'vllm',
[36m(main_task pid=40105)[0m                                    'prompt_length': 512,
[36m(main_task pid=40105)[0m                                    'response_length': 512,
[36m(main_task pid=40105)[0m                                    'temperature': 1.0,
[36m(main_task pid=40105)[0m                                    'tensor_model_parallel_size': 1,
[36m(main_task pid=40105)[0m                                    'top_k': -1,
[36m(main_task pid=40105)[0m                                    'top_p': 1,
[36m(main_task pid=40105)[0m                                    'use_fire_sampling': False}},
[36m(main_task pid=40105)[0m  'agent_grpo': {'n': 2},
[36m(main_task pid=40105)[0m  'algorithm': {'adv_estimator': 'drgrpo',
[36m(main_task pid=40105)[0m                'entropy_bonus_coef': 0.0,
[36m(main_task pid=40105)[0m                'gamma': 1.0,
[36m(main_task pid=40105)[0m                'kl_ctrl': {'kl_coef': 0.001, 'type': 'fixed'},
[36m(main_task pid=40105)[0m                'kl_penalty': 'kl',
[36m(main_task pid=40105)[0m                'lam': 1.0},
[36m(main_task pid=40105)[0m  'critic': {'cliprange_value': 0.5,
[36m(main_task pid=40105)[0m             'forward_max_token_len_per_gpu': 32768,
[36m(main_task pid=40105)[0m             'forward_micro_batch_size': None,
[36m(main_task pid=40105)[0m             'forward_micro_batch_size_per_gpu': None,
[36m(main_task pid=40105)[0m             'grad_clip': 1.0,
[36m(main_task pid=40105)[0m             'model': {'enable_gradient_checkpointing': True,
[36m(main_task pid=40105)[0m                       'external_lib': None,
[36m(main_task pid=40105)[0m                       'fsdp_config': {'fsdp_size': -1,
[36m(main_task pid=40105)[0m                                       'optimizer_offload': False,
[36m(main_task pid=40105)[0m                                       'param_offload': False,
[36m(main_task pid=40105)[0m                                       'wrap_policy': {'min_num_params': 0}},
[36m(main_task pid=40105)[0m                       'override_config': {},
[36m(main_task pid=40105)[0m                       'path': '/root/autodl-tmp/models/Qwen/Qwen2.5-3B-Instruct',
[36m(main_task pid=40105)[0m                       'tokenizer_path': '/root/autodl-tmp/models/Qwen/Qwen2.5-3B-Instruct',
[36m(main_task pid=40105)[0m                       'use_remove_padding': True},
[36m(main_task pid=40105)[0m             'optim': {'lr': 1e-05,
[36m(main_task pid=40105)[0m W0525 14:39:20.711000 40105 site-packages/torch/utils/cpp_extension.py:140] No CUDA runtime is found, using CUDA_HOME='/usr/local/cuda'
[36m(main_task pid=40105)[0m                       'lr_warmup_steps_ratio': 0.0,
[36m(main_task pid=40105)[0m                       'min_lr_ratio': None,
[36m(main_task pid=40105)[0m                       'total_training_steps': -1,
[36m(main_task pid=40105)[0m                       'warmup_style': 'constant'},
[36m(main_task pid=40105)[0m             'ppo_epochs': 1,
[36m(main_task pid=40105)[0m             'ppo_max_token_len_per_gpu': 32768,
[36m(main_task pid=40105)[0m             'ppo_micro_batch_size': None,
[36m(main_task pid=40105)[0m             'ppo_micro_batch_size_per_gpu': None,
[36m(main_task pid=40105)[0m             'ppo_mini_batch_size': 256,
[36m(main_task pid=40105)[0m             'shuffle': False,
[36m(main_task pid=40105)[0m             'strategy': 'fsdp',
[36m(main_task pid=40105)[0m             'ulysses_sequence_parallel_size': 1,
[36m(main_task pid=40105)[0m             'use_dynamic_bsz': True},
[36m(main_task pid=40105)[0m  'data': {'data_writing_file': './signal/data.json',
[36m(main_task pid=40105)[0m           'image_key': 'images',
[36m(main_task pid=40105)[0m           'max_prompt_length': 512,
[36m(main_task pid=40105)[0m           'max_response_length': 512,
[36m(main_task pid=40105)[0m           'n_gpus_per_node': 8,
[36m(main_task pid=40105)[0m           'num_workers': 0,
[36m(main_task pid=40105)[0m           'prompt_key': 'prompt',
[36m(main_task pid=40105)[0m           'query_signal': 1,
[36m(main_task pid=40105)[0m           'response_signal': 0,
[36m(main_task pid=40105)[0m           'return_raw_chat': False,
[36m(main_task pid=40105)[0m           'return_raw_input_ids': False,
[36m(main_task pid=40105)[0m           'shuffle': True,
[36m(main_task pid=40105)[0m           'signal_writing_file': './signal/signal.json',
[36m(main_task pid=40105)[0m           'tokenizer': None,
[36m(main_task pid=40105)[0m           'train_batch_size': 512,
[36m(main_task pid=40105)[0m           'train_files': '/root/DeepResearcher/data/train.parquet',
[36m(main_task pid=40105)[0m           'val_batch_size': None,
[36m(main_task pid=40105)[0m           'val_files': '~/data/rlhf/gsm8k/test.parquet'},
[36m(main_task pid=40105)[0m  'do_search': True,
[36m(main_task pid=40105)[0m  'max_turns': 6,
[36m(main_task pid=40105)[0m  'reward_model': {'curriculum_bonus_coef': 0.05,
[36m(main_task pid=40105)[0m                   'curriculum_end_turn': 5,
[36m(main_task pid=40105)[0m                   'curriculum_start_turn': 2,
[36m(main_task pid=40105)[0m                   'early_stop_penalty_coef': 0.05,
[36m(main_task pid=40105)[0m                   'enable': False,
[36m(main_task pid=40105)[0m                   'forward_max_token_len_per_gpu': 32768,
[36m(main_task pid=40105)[0m                   'max_length': None,
[36m(main_task pid=40105)[0m                   'micro_batch_size': None,
[36m(main_task pid=40105)[0m                   'micro_batch_size_per_gpu': None,
[36m(main_task pid=40105)[0m                   'model': {'external_lib': None,
[36m(main_task pid=40105)[0m                             'fsdp_config': {'fsdp_size': -1,
[36m(main_task pid=40105)[0m                                             'min_num_params': 0,
[36m(main_task pid=40105)[0m                                             'param_offload': False},
[36m(main_task pid=40105)[0m                             'input_tokenizer': '/root/autodl-tmp/models/Qwen/Qwen2.5-3B-Instruct',
[36m(main_task pid=40105)[0m                             'path': '~/models/FsfairX-LLaMA3-RM-v0.1',
[36m(main_task pid=40105)[0m                             'use_remove_padding': True},
[36m(main_task pid=40105)[0m                   'pbrs_gamma': 0.5,
[36m(main_task pid=40105)[0m                   'query_repetition_penalty_coef': 0.05,
[36m(main_task pid=40105)[0m                   'reward_manager': 'naive',
[36m(main_task pid=40105)[0m                   'strategy': 'fsdp',
[36m(main_task pid=40105)[0m                   'ulysses_sequence_parallel_size': 2,
[36m(main_task pid=40105)[0m                   'use_curriculum': False,
[36m(main_task pid=40105)[0m                   'use_dynamic_bsz': True,
[36m(main_task pid=40105)[0m                   'use_pbrs': False,
[36m(main_task pid=40105)[0m                   'use_query_monitoring': False},
[36m(main_task pid=40105)[0m  'search_engine': 'searxng',
[36m(main_task pid=40105)[0m  'trainer': {'critic_warmup': 0,
[36m(main_task pid=40105)[0m              'default_hdfs_dir': None,
[36m(main_task pid=40105)[0m              'default_local_dir': './ckpts/verl_examples/exp03_lora_rank64_alpha16',
[36m(main_task pid=40105)[0m              'del_local_ckpt_after_load': False,
[36m(main_task pid=40105)[0m              'experiment_name': 'exp03_lora_rank64_alpha16',
[36m(main_task pid=40105)[0m              'logger': ['console', 'swanlab'],
[36m(main_task pid=40105)[0m              'n_gpus_per_node': 1,
[36m(main_task pid=40105)[0m              'nnodes': 1,
[36m(main_task pid=40105)[0m              'project_name': 'verl_examples',
[36m(main_task pid=40105)[0m              'remove_previous_ckpt_in_save': False,
[36m(main_task pid=40105)[0m              'resume_from_path': False,
[36m(main_task pid=40105)[0m              'resume_mode': 'auto',
[36m(main_task pid=40105)[0m              'save_freq': 500,
[36m(main_task pid=40105)[0m              'test_freq': 100,
[36m(main_task pid=40105)[0m              'total_epochs': 30,
[36m(main_task pid=40105)[0m              'total_training_steps': 30,
[36m(main_task pid=40105)[0m              'val_before_train': False,
[36m(main_task pid=40105)[0m              'val_generations_to_log_to_wandb': 0}}
[36m(main_task pid=40105)[0m update signal file finish!
[36m(main_task pid=40105)[0m [validate_config] All configuration checks passed successfully!
[36m(main_task pid=40105)[0m original dataset len: 80000
[36m(main_task pid=40105)[0m filter dataset len: 80000
[36m(main_task pid=40105)[0m original dataset len: 3197
[36m(main_task pid=40105)[0m filter dataset len: 3197
[36m(main_task pid=40105)[0m Size of train dataloader: 156
[36m(main_task pid=40105)[0m Total training steps: 30
[36m(WorkerDict pid=40249)[0m Model config after override: Qwen2Config {
[36m(WorkerDict pid=40249)[0m   "architectures": [
[36m(WorkerDict pid=40249)[0m     "Qwen2ForCausalLM"
[36m(WorkerDict pid=40249)[0m   ],
[36m(WorkerDict pid=40249)[0m   "attention_dropout": 0.0,
[36m(WorkerDict pid=40249)[0m   "bos_token_id": null,
[36m(WorkerDict pid=40249)[0m   "dtype": "bfloat16",
[36m(WorkerDict pid=40249)[0m   "eos_token_id": 151645,
[36m(WorkerDict pid=40249)[0m   "hidden_act": "silu",
[36m(WorkerDict pid=40249)[0m   "hidden_size": 2048,
[36m(WorkerDict pid=40249)[0m   "initializer_range": 0.02,
[36m(WorkerDict pid=40249)[0m   "intermediate_size": 11008,
[36m(WorkerDict pid=40249)[0m   "layer_types": [
[36m(WorkerDict pid=40249)[0m     "full_attention",
[36m(WorkerDict pid=40249)[0m     "full_attention",
[36m(WorkerDict pid=40249)[0m     "full_attention",
[36m(WorkerDict pid=40249)[0m     "full_attention",
[36m(WorkerDict pid=40249)[0m     "full_attention",
[36m(WorkerDict pid=40249)[0m     "full_attention",
[36m(WorkerDict pid=40249)[0m     "full_attention",
[36m(WorkerDict pid=40249)[0m     "full_attention",
[36m(WorkerDict pid=40249)[0m     "full_attention",
[36m(WorkerDict pid=40249)[0m     "full_attention",
[36m(WorkerDict pid=40249)[0m     "full_attention",
[36m(WorkerDict pid=40249)[0m     "full_attention",
[36m(WorkerDict pid=40249)[0m     "full_attention",
[36m(WorkerDict pid=40249)[0m     "full_attention",
[36m(WorkerDict pid=40249)[0m     "full_attention",
[36m(WorkerDict pid=40249)[0m     "full_attention",
[36m(WorkerDict pid=40249)[0m     "full_attention",
[36m(WorkerDict pid=40249)[0m     "full_attention",
[36m(WorkerDict pid=40249)[0m     "full_attention",
[36m(WorkerDict pid=40249)[0m     "full_attention",
[36m(WorkerDict pid=40249)[0m     "full_attention",
[36m(WorkerDict pid=40249)[0m Loading weights:   0%|          | 0/434 [00:00<?, ?it/s]Loading weights: 100%|██████████| 434/434 [00:00<00:00, 11513.41it/s]
[36m(WorkerDict pid=40249)[0m /root/miniconda3/lib/python3.12/site-packages/torch/distributed/c10d_logger.py:83: UserWarning: barrier(): using the device under current context. You can specify `device_id` in `init_process_group` to mute this warning.
[36m(WorkerDict pid=40249)[0m   return func(*args, **kwargs)
[36m(WorkerDict pid=40249)[0m [rank0]:[W525 14:39:41.985723034 ProcessGroupNCCL.cpp:5188] Guessing device ID based on global rank. This can cause a hang if rank to GPU mapping is heterogeneous. You can specify device_id in init_process_group()
[36m(WorkerDict pid=40249)[0m /root/miniconda3/lib/python3.12/site-packages/torch/distributed/fsdp/fully_sharded_data_parallel.py:478: UserWarning: FSDP is switching to use `NO_SHARD` instead of ShardingStrategy.FULL_SHARD since the world size is 1.
[36m(WorkerDict pid=40249)[0m   _init_core_state(
[36m(WorkerDict pid=40249)[0m Loading weights:   0%|          | 0/434 [00:00<?, ?it/s]Loading weights: 100%|██████████| 434/434 [00:00<00:00, 10656.91it/s]
[36m(WorkerDict pid=40249)[0m /root/miniconda3/lib/python3.12/site-packages/torch/distributed/c10d_logger.py:83: UserWarning: barrier(): using the device under current context. You can specify `device_id` in `init_process_group` to mute this warning.
[36m(WorkerDict pid=40249)[0m   return func(*args, **kwargs)
[36m(WorkerDict pid=40249)[0m /root/miniconda3/lib/python3.12/site-packages/torch/distributed/fsdp/fully_sharded_data_parallel.py:478: UserWarning: FSDP is switching to use `NO_SHARD` instead of ShardingStrategy.FULL_SHARD since the world size is 1.
[36m(WorkerDict pid=40249)[0m   _init_core_state(
[36m(WorkerDict pid=40249)[0m     "full_attention",
[36m(WorkerDict pid=40249)[0m     "full_attention",
[36m(WorkerDict pid=40249)[0m     "full_attention",
[36m(WorkerDict pid=40249)[0m     "full_attention",
[36m(WorkerDict pid=40249)[0m     "full_attention",
[36m(WorkerDict pid=40249)[0m     "full_attention",
[36m(WorkerDict pid=40249)[0m     "full_attention",
[36m(WorkerDict pid=40249)[0m     "full_attention",
[36m(WorkerDict pid=40249)[0m     "full_attention",
[36m(WorkerDict pid=40249)[0m     "full_attention",
[36m(WorkerDict pid=40249)[0m     "full_attention",
[36m(WorkerDict pid=40249)[0m     "full_attention",
[36m(WorkerDict pid=40249)[0m     "full_attention",
[36m(WorkerDict pid=40249)[0m     "full_attention",
[36m(WorkerDict pid=40249)[0m     "full_attention"
[36m(WorkerDict pid=40249)[0m   ],
[36m(WorkerDict pid=40249)[0m   "max_position_embeddings": 32768,
[36m(WorkerDict pid=40249)[0m   "max_window_layers": 70,
[36m(WorkerDict pid=40249)[0m   "model_type": "qwen2",
[36m(WorkerDict pid=40249)[0m   "num_attention_heads": 16,
[36m(WorkerDict pid=40249)[0m   "num_hidden_layers": 36,
[36m(WorkerDict pid=40249)[0m   "num_key_value_heads": 2,
[36m(WorkerDict pid=40249)[0m   "pad_token_id": 151643,
[36m(WorkerDict pid=40249)[0m   "rms_norm_eps": 1e-06,
[36m(WorkerDict pid=40249)[0m   "rope_parameters": {
[36m(WorkerDict pid=40249)[0m     "rope_theta": 1000000.0,
[36m(WorkerDict pid=40249)[0m     "rope_type": "default"
[36m(WorkerDict pid=40249)[0m   },
[36m(WorkerDict pid=40249)[0m   "sliding_window": null,
[36m(WorkerDict pid=40249)[0m   "tie_word_embeddings": true,
[36m(WorkerDict pid=40249)[0m   "transformers_version": "5.9.0",
[36m(WorkerDict pid=40249)[0m   "use_cache": true,
[36m(WorkerDict pid=40249)[0m   "use_sliding_window": false,
[36m(WorkerDict pid=40249)[0m   "vocab_size": 151936
[36m(WorkerDict pid=40249)[0m }
[36m(WorkerDict pid=40249)[0m 
[36m(WorkerDict pid=40249)[0m Qwen2ForCausalLM contains 3.09B parameters
[36m(WorkerDict pid=40249)[0m wrap_policy: functools.partial(<function _or_policy at 0x7f415856b1a0>, policies=[functools.partial(<function transformer_auto_wrap_policy at 0x7f415856b060>, transformer_layer_cls={<class 'transformers.models.qwen2.modeling_qwen2.Qwen2DecoderLayer'>})])
[36m(WorkerDict pid=40249)[0m Actor use_remove_padding=True
[36m(WorkerDict pid=40249)[0m Model config after override: Qwen2Config {
[36m(WorkerDict pid=40249)[0m   "architectures": [
[36m(WorkerDict pid=40249)[0m     "Qwen2ForCausalLM"
[36m(WorkerDict pid=40249)[0m   ],
[36m(WorkerDict pid=40249)[0m   "attention_dropout": 0.0,
[36m(WorkerDict pid=40249)[0m   "bos_token_id": null,
[36m(WorkerDict pid=40249)[0m   "dtype": "bfloat16",
[36m(WorkerDict pid=40249)[0m   "eos_token_id": 151645,
[36m(WorkerDict pid=40249)[0m   "hidden_act": "silu",
[36m(WorkerDict pid=40249)[0m   "hidden_size": 2048,
[36m(WorkerDict pid=40249)[0m   "initializer_range": 0.02,
[36m(WorkerDict pid=40249)[0m   "intermediate_size": 11008,
[36m(WorkerDict pid=40249)[0m   "layer_types": [
[36m(WorkerDict pid=40249)[0m     "full_attention",
[36m(WorkerDict pid=40249)[0m     "full_attention",
[36m(WorkerDict pid=40249)[0m     "full_attention",
[36m(WorkerDict pid=40249)[0m     "full_attention",
[36m(WorkerDict pid=40249)[0m     "full_attention",
[36m(WorkerDict pid=40249)[0m     "full_attention",
[36m(WorkerDict pid=40249)[0m     "full_attention",
[36m(WorkerDict pid=40249)[0m     "full_attention",
[36m(WorkerDict pid=40249)[0m     "full_attention",
[36m(WorkerDict pid=40249)[0m     "full_attention",
[36m(WorkerDict pid=40249)[0m     "full_attention",
[36m(WorkerDict pid=40249)[0m     "full_attention",
[36m(WorkerDict pid=40249)[0m     "full_attention",
[36m(WorkerDict pid=40249)[0m     "full_attention",
[36m(WorkerDict pid=40249)[0m     "full_attention",
[36m(WorkerDict pid=40249)[0m     "full_attention",
[36m(WorkerDict pid=40249)[0m     "full_attention",
[36m(WorkerDict pid=40249)[0m     "full_attention",
[36m(WorkerDict pid=40249)[0m     "full_attention",
[36m(WorkerDict pid=40249)[0m     "full_attention",
[36m(WorkerDict pid=40249)[0m     "full_attention",
[36m(WorkerDict pid=40249)[0m     "full_attention",
[36m(WorkerDict pid=40249)[0m     "full_attention",
[36m(WorkerDict pid=40249)[0m     "full_attention",
[36m(WorkerDict pid=40249)[0m     "full_attention",
[36m(WorkerDict pid=40249)[0m     "full_attention",
[36m(WorkerDict pid=40249)[0m     "full_attention",
[36m(WorkerDict pid=40249)[0m     "full_attention",
[36m(WorkerDict pid=40249)[0m     "full_attention",
[36m(WorkerDict pid=40249)[0m     "full_attention",
[36m(WorkerDict pid=40249)[0m     "full_attention",
[36m(WorkerDict pid=40249)[0m     "full_attention",
[36m(WorkerDict pid=40249)[0m     "full_attention",
[36m(WorkerDict pid=40249)[0m     "full_attention",
[36m(WorkerDict pid=40249)[0m     "full_attention",
[36m(WorkerDict pid=40249)[0m     "full_attention"
[36m(WorkerDict pid=40249)[0m   ],
[36m(WorkerDict pid=40249)[0m   "max_position_embeddings": 32768,
[36m(WorkerDict pid=40249)[0m   "max_window_layers": 70,
[36m(WorkerDict pid=40249)[0m   "model_type": "qwen2",
[36m(WorkerDict pid=40249)[0m   "num_attention_heads": 16,
[36m(WorkerDict pid=40249)[0m   "num_hidden_layers": 36,
[36m(WorkerDict pid=40249)[0m   "num_key_value_heads": 2,
[36m(WorkerDict pid=40249)[0m   "pad_token_id": 151643,
[36m(WorkerDict pid=40249)[0m   "rms_norm_eps": 1e-06,
[36m(WorkerDict pid=40249)[0m   "rope_parameters": {
[36m(WorkerDict pid=40249)[0m     "rope_theta": 1000000.0,
[36m(WorkerDict pid=40249)[0m     "rope_type": "default"
[36m(WorkerDict pid=40249)[0m   },
[36m(WorkerDict pid=40249)[0m   "sliding_window": null,
[36m(WorkerDict pid=40249)[0m   "tie_word_embeddings": true,
[36m(WorkerDict pid=40249)[0m   "transformers_version": "5.9.0",
[36m(WorkerDict pid=40249)[0m   "use_cache": true,
[36m(WorkerDict pid=40249)[0m   "use_sliding_window": false,
[36m(WorkerDict pid=40249)[0m   "vocab_size": 151936
[36m(WorkerDict pid=40249)[0m }
[36m(WorkerDict pid=40249)[0m 
[36m(WorkerDict pid=40249)[0m trainable params: 29,491,200 || all params: 3,115,429,888 || trainable%: 0.9466
[36m(WorkerDict pid=40249)[0m [LoRA] Injected LoRA adapters: rank=64, alpha=16
[36m(WorkerDict pid=40249)[0m PeftModelForCausalLM contains 3.12B parameters
[36m(WorkerDict pid=40249)[0m wrap_policy: functools.partial(<function _or_policy at 0x7f415856b1a0>, policies=[functools.partial(<function lambda_auto_wrap_policy at 0x7f415856ab60>, lambda_fn=<function get_fsdp_wrap_policy.<locals>.lambda_policy_fn at 0x7f3e7b45eca0>), functools.partial(<function transformer_auto_wrap_policy at 0x7f415856b060>, transformer_layer_cls={<class 'transformers.models.qwen2.modeling_qwen2.Qwen2DecoderLayer'>})])
[36m(WorkerDict pid=40249)[0m Total steps: 30, num_warmup_steps: 0
[36m(WorkerDict pid=40249)[0m Actor use_remove_padding=True
[36m(WorkerDict pid=40249)[0m Before building vllm rollout, memory allocated (GB): 11.676271915435791, memory reserved (GB): 12.408203125
[36m(WorkerDict pid=40249)[0m INFO 05-25 14:39:49 [utils.py:240] non-default args: {'dtype': 'bfloat16', 'max_model_len': 1024, 'distributed_executor_backend': 'external_launcher', 'enable_prefix_caching': True, 'gpu_memory_utilization': 0.3, 'max_num_batched_tokens': 2048, 'disable_log_stats': True, 'enforce_eager': True, 'disable_custom_all_reduce': True, 'enable_chunked_prefill': True, 'enable_sleep_mode': True, 'model': '/root/autodl-tmp/models/Qwen/Qwen2.5-3B-Instruct'}
[36m(WorkerDict pid=40249)[0m INFO 05-25 14:39:49 [model.py:568] Resolved architecture: Qwen2ForCausalLM
[36m(WorkerDict pid=40249)[0m INFO 05-25 14:39:49 [model.py:1697] Using max model len 1024
[36m(WorkerDict pid=40249)[0m Loading safetensors checkpoint shards:   0% Completed | 0/2 [00:00<?, ?it/s]
[36m(WorkerDict pid=40249)[0m Loading safetensors checkpoint shards:  50% Completed | 1/2 [00:00<00:00,  1.44it/s]
[36m(WorkerDict pid=40249)[0m Loading safetensors checkpoint shards: 100% Completed | 2/2 [00:01<00:00,  1.85it/s]
[36m(WorkerDict pid=40249)[0m Loading safetensors checkpoint shards: 100% Completed | 2/2 [00:01<00:00,  1.78it/s]
[36m(WorkerDict pid=40249)[0m 
[36m(WorkerDict pid=40249)[0m /root/DeepResearcher/verl/workers/sharding_manager/fsdp_vllm.py:52: FutureWarning: FSDP.state_dict_type() and FSDP.set_state_dict_type() are being deprecated. Please use APIs, get_state_dict() and set_state_dict(), which can support different parallelisms, FSDP1, FSDP2, DDP. API doc: https://pytorch.org/docs/stable/distributed.checkpoint.html#torch.distributed.checkpoint.state_dict.get_state_dict .Tutorial: https://pytorch.org/tutorials/recipes/distributed_checkpoint_recipe.html .
[36m(WorkerDict pid=40249)[0m   FSDP.set_state_dict_type(self.module,
[36m(WorkerDict pid=40249)[0m INFO 05-25 14:39:49 [arg_utils.py:1739] Using ray runtime env (env vars redacted): {'env_vars': {'NCCL_DEBUG': '***', 'RANK': '***', 'RAY_LOCAL_RANK': '***', 'RAY_LOCAL_WORLD_SIZE': '***', 'TOKENIZERS_PARALLELISM': '***', 'WG_BACKEND': '***', 'WG_PREFIX': '***', 'WORLD_SIZE': '***'}}
[36m(WorkerDict pid=40249)[0m INFO 05-25 14:39:49 [parallel.py:769] Using external launcher for distributed inference.
[36m(WorkerDict pid=40249)[0m INFO 05-25 14:39:49 [parallel.py:829] Disabling V1 multiprocessing for external launcher.
[36m(WorkerDict pid=40249)[0m INFO 05-25 14:39:49 [scheduler.py:239] Chunked prefill is enabled with max_num_batched_tokens=2048.
[36m(WorkerDict pid=40249)[0m INFO 05-25 14:39:49 [vllm.py:886] Asynchronous scheduling is enabled.
[36m(WorkerDict pid=40249)[0m WARNING 05-25 14:39:49 [vllm.py:942] Enforce eager set, disabling torch.compile and CUDAGraphs. This is equivalent to setting -cc.mode=none -cc.cudagraph_mode=none
[36m(WorkerDict pid=40249)[0m WARNING 05-25 14:39:49 [vllm.py:960] Inductor compilation was disabled by user settings, optimizations settings that are only active during inductor compilation will be ignored.
[36m(WorkerDict pid=40249)[0m INFO 05-25 14:39:49 [kernel.py:212] Final IR op priority after setting platform defaults: IrOpPriorityConfig(rms_norm=['vllm_c', 'native'], fused_add_rms_norm=['vllm_c', 'native'])
[36m(WorkerDict pid=40249)[0m INFO 05-25 14:39:49 [vllm.py:1135] Cudagraph is disabled under eager mode
[36m(WorkerDict pid=40249)[0m INFO 05-25 14:39:49 [compilation.py:303] Enabled custom fusions: norm_quant, act_quant
[36m(WorkerDict pid=40249)[0m INFO 05-25 14:39:50 [core.py:109] Initializing a V1 LLM engine (v0.21.0) with config: model='/root/autodl-tmp/models/Qwen/Qwen2.5-3B-Instruct', speculative_config=None, tokenizer='/root/autodl-tmp/models/Qwen/Qwen2.5-3B-Instruct', skip_tokenizer_init=False, tokenizer_mode=auto, revision=None, tokenizer_revision=None, trust_remote_code=False, dtype=torch.bfloat16, max_seq_len=1024, download_dir=None, load_format=auto, tensor_parallel_size=1, pipeline_parallel_size=1, data_parallel_size=1, decode_context_parallel_size=1, dcp_comm_backend=ag_rs, disable_custom_all_reduce=True, quantization=None, quantization_config=None, enforce_eager=True, enable_return_routed_experts=False, kv_cache_dtype=auto, device_config=cuda, structured_outputs_config=StructuredOutputsConfig(backend='auto', disable_any_whitespace=False, disable_additional_properties=False, reasoning_parser='', reasoning_parser_plugin='', enable_in_reasoning=False), observability_config=ObservabilityConfig(show_hidden_metrics_for_version=None, otlp_traces_endpoint=None, collect_detailed_traces=None, kv_cache_metrics=False, kv_cache_metrics_sample=0.01, cudagraph_metrics=False, enable_layerwise_nvtx_tracing=False, enable_mfu_metrics=False, enable_mm_processor_stats=False, enable_logging_iteration_details=False), seed=0, served_model_name=/root/autodl-tmp/models/Qwen/Qwen2.5-3B-Instruct, enable_prefix_caching=True, enable_chunked_prefill=True, pooler_config=None, compilation_config={'mode': <CompilationMode.NONE: 0>, 'debug_dump_path': None, 'cache_dir': '', 'compile_cache_save_format': 'binary', 'backend': 'inductor', 'custom_ops': ['all'], 'ir_enable_torch_wrap': False, 'splitting_ops': [], 'compile_mm_encoder': False, 'cudagraph_mm_encoder': False, 'encoder_cudagraph_token_budgets': [], 'encoder_cudagraph_max_vision_items_per_batch': 0, 'encoder_cudagraph_max_frames_per_batch': None, 'compile_sizes': [], 'compile_ranges_endpoints': [2048], 'inductor_compile_config': {'enable_auto_functionalized_v2': False, 'size_asserts': False, 'alignment_asserts': False, 'scalar_asserts': False, 'combo_kernels': True, 'benchmark_combo_kernel': True}, 'inductor_passes': {}, 'cudagraph_mode': <CUDAGraphMode.NONE: 0>, 'cudagraph_num_of_warmups': 0, 'cudagraph_capture_sizes': [], 'cudagraph_copy_inputs': False, 'cudagraph_specialize_lora': True, 'use_inductor_graph_partition': False, 'pass_config': {'fuse_norm_quant': True, 'fuse_act_quant': True, 'fuse_attn_quant': False, 'enable_sp': False, 'fuse_gemm_comms': False, 'fuse_allreduce_rms': False, 'fuse_act_padding': False}, 'max_cudagraph_capture_size': 0, 'dynamic_shapes_config': {'type': <DynamicShapesType.BACKED: 'backed'>, 'evaluate_guards': False, 'assume_32_bit_indexing': False}, 'local_cache_dir': None, 'fast_moe_cold_start': False, 'static_all_moe_layers': []}, kernel_config=KernelConfig(ir_op_priority=IrOpPriorityConfig(rms_norm=['vllm_c', 'native'], fused_add_rms_norm=['vllm_c', 'native']), enable_flashinfer_autotune=False, moe_backend='auto')
[36m(WorkerDict pid=40249)[0m INFO 05-25 14:39:50 [parallel_state.py:1723] rank 0 in world size 1 is assigned as DP rank 0, PP rank 0, PCP rank 0, TP rank 0, EP rank N/A, EPLB rank N/A
[36m(WorkerDict pid=40249)[0m INFO 05-25 14:39:51 [topk_topp_sampler.py:45] Using FlashInfer for top-p & top-k sampling.
[36m(WorkerDict pid=40249)[0m INFO 05-25 14:39:51 [gpu_model_runner.py:4857] Starting to load model /root/autodl-tmp/models/Qwen/Qwen2.5-3B-Instruct...
[36m(WorkerDict pid=40249)[0m INFO 05-25 14:39:51 [cuda.py:372] Using FLASH_ATTN attention backend out of potential backends: ['FLASH_ATTN', 'FLASHINFER', 'TRITON_ATTN', 'FLEX_ATTENTION'].
[36m(WorkerDict pid=40249)[0m INFO 05-25 14:39:51 [flash_attn.py:641] Using FlashAttention version 2
[36m(WorkerDict pid=40249)[0m INFO 05-25 14:39:51 [weight_utils.py:938] Filesystem type for checkpoints: XFS. Checkpoint size: 5.75 GiB. Available RAM: 965.64 GiB.
[36m(WorkerDict pid=40249)[0m INFO 05-25 14:39:51 [weight_utils.py:961] Auto-prefetch is disabled because the filesystem (XFS) is not a recognized network FS (NFS/Lustre). If you want to force prefetching, start vLLM with --safetensors-load-strategy=prefetch.
[36m(WorkerDict pid=40249)[0m INFO 05-25 14:39:52 [default_loader.py:397] Loading weights took 1.15 seconds
[36m(WorkerDict pid=40249)[0m INFO 05-25 14:39:53 [gpu_model_runner.py:4959] Model loading took 5.79 GiB memory and 1.327885 seconds
[36m(WorkerDict pid=40249)[0m INFO 05-25 14:39:54 [gpu_worker.py:462] Available KV cache memory: 20.52 GiB
[36m(WorkerDict pid=40249)[0m INFO 05-25 14:39:54 [kv_cache_utils.py:1710] GPU KV cache size: 597,632 tokens
[36m(WorkerDict pid=40249)[0m INFO 05-25 14:39:54 [kv_cache_utils.py:1711] Maximum concurrency for 1,024 tokens per request: 583.62x
[36m(WorkerDict pid=40249)[0m INFO 05-25 14:39:54 [kernel_warmup.py:44] Skipping FlashInfer autotune because it is disabled.
[36m(WorkerDict pid=40249)[0m INFO 05-25 14:39:54 [jit_monitor.py:54] Kernel JIT monitor activated — Triton JIT compilations during inference will be logged as warnings.
[36m(WorkerDict pid=40249)[0m INFO 05-25 14:39:54 [core.py:306] init engine (profile, create kv cache, warmup model) took 1.45 s
[36m(WorkerDict pid=40249)[0m INFO 05-25 14:39:55 [block_pool.py:471] Successfully reset prefix cache
[36m(WorkerDict pid=40249)[0m INFO 05-25 14:39:58 [cumem.py:209] CuMemAllocator: sleep freed 26.41 GiB memory in total, of which 5.88 GiB is backed up in CPU and the rest 20.53 GiB is discarded directly.
[36m(WorkerDict pid=40249)[0m INFO 05-25 14:39:58 [gpu_worker.py:178] Sleep mode freed 28.13 GiB memory, 13.52 GiB memory is still in use.
[36m(WorkerDict pid=40249)[0m INFO 05-25 14:39:58 [abstract.py:331] It took 3.183989 seconds to fall asleep.
[36m(WorkerDict pid=40249)[0m kwargs: {'n': 1, 'logprobs': 0, 'max_tokens': 512, 'detokenize': False, 'temperature': 1.0, 'top_k': -1, 'top_p': 1, 'ignore_eos': False}
[36m(WorkerDict pid=40249)[0m After building vllm rollout, memory allocated (GB): 38.12354898452759, memory reserved (GB): 38.73046875
[36m(WorkerDict pid=40249)[0m After building sharding manager, memory allocated (GB): 38.12354898452759, memory reserved (GB): 38.73046875
[36m(main_task pid=40105)[0m swanlab: Tracking run with swanlab version 0.7.19
[36m(main_task pid=40105)[0m swanlab: Run data will be saved locally in 
[36m(main_task pid=40105)[0m /root/DeepResearcher/swanlog/run-20260525_144000-3bwqf3h9x9024x5vcwnl3
[36m(main_task pid=40105)[0m swanlab: 👋 Hi Fyrgo,welcome to swanlab!
[36m(main_task pid=40105)[0m swanlab: Syncing run exp03_lora_rank64_alpha16 to the cloud
[36m(main_task pid=40105)[0m swanlab: 🏠 View project at https://swanlab.cn/@Fyrgo/verl_examples
[36m(main_task pid=40105)[0m swanlab: 🚀 View run at 
[36m(main_task pid=40105)[0m https://swanlab.cn/@Fyrgo/verl_examples/runs/3bwqf3h9x9024x5vcwnl3
[36m(main_task pid=40105)[0m Using LocalLogger is deprecated. The constructor API will change 
[36m(main_task pid=40105)[0m Checkpoint tracker file does not exist: %s /root/DeepResearcher/./ckpts/verl_examples/exp03_lora_rank64_alpha16/latest_checkpointed_iteration.txt
[36m(main_task pid=40105)[0m Training from scratch
[36m(main_task pid=40105)[0m node 0 in fit function!
[36m(main_task pid=40105)[0m swanlab: 🏠 View project at https://swanlab.cn/@Fyrgo/verl_examples
[36m(main_task pid=40105)[0m swanlab: 🚀 View run at 
[36m(main_task pid=40105)[0m https://swanlab.cn/@Fyrgo/verl_examples/runs/3bwqf3h9x9024x5vcwnl3
Error executing job with overrides: ['actor_rollout_ref.model.path=/root/autodl-tmp/models/Qwen/Qwen2.5-3B-Instruct', 'actor_rollout_ref.model.use_remove_padding=true', 'actor_rollout_ref.model.use_lora=true', 'actor_rollout_ref.model.lora_rank=64', 'actor_rollout_ref.model.lora_alpha=16', 'actor_rollout_ref.model.lora_dropout=0.0', '+actor_rollout_ref.actor.fsdp_config.model_dtype=bf16', 'actor_rollout_ref.actor.fsdp_config.param_offload=false', 'actor_rollout_ref.actor.fsdp_config.optimizer_offload=False', 'actor_rollout_ref.actor.ulysses_sequence_parallel_size=1', 'actor_rollout_ref.ref.fsdp_config.param_offload=true', 'actor_rollout_ref.ref.ulysses_sequence_parallel_size=1', 'actor_rollout_ref.rollout.tensor_model_parallel_size=1', 'actor_rollout_ref.rollout.gpu_memory_utilization=0.3', 'actor_rollout_ref.rollout.max_model_len=2048', 'actor_rollout_ref.rollout.max_num_batched_tokens=2048', 'critic.model.path=/root/autodl-tmp/models/Qwen/Qwen2.5-3B-Instruct', 'critic.ulysses_sequence_parallel_size=1', 'data.train_files=/root/DeepResearcher/data/train.parquet', 'data.max_prompt_length=512', 'data.max_response_length=512', 'data.train_batch_size=512', '+data.num_workers=0', 'algorithm.adv_estimator=drgrpo', 'algorithm.kl_penalty=kl', 'algorithm.kl_ctrl.type=fixed', 'algorithm.kl_ctrl.kl_coef=0.001', 'algorithm.gamma=1.0', 'algorithm.lam=1.0', 'trainer.total_training_steps=30', 'trainer.experiment_name=exp03_lora_rank64_alpha16', "trainer.logger=['console','swanlab']", 'trainer.save_freq=500', 'trainer.test_freq=100', '+trainer.val_before_train=false', 'trainer.nnodes=1', 'trainer.n_gpus_per_node=1', 'max_turns=6', 'do_search=true', 'agent_grpo.n=2', 'search_engine=searxng', 'reward_model.reward_manager=naive', 'reward_model.use_pbrs=false', 'reward_model.use_curriculum=false', 'reward_model.use_query_monitoring=false', 'algorithm.entropy_bonus_coef=0.0']
Traceback (most recent call last):
  File "/root/DeepResearcher/verl/trainer/main_ppo.py", line 168, in <module>
    main()
  File "/root/miniconda3/lib/python3.12/site-packages/hydra/main.py", line 94, in decorated_main
    _run_hydra(
  File "/root/miniconda3/lib/python3.12/site-packages/hydra/_internal/utils.py", line 394, in _run_hydra
    _run_app(
  File "/root/miniconda3/lib/python3.12/site-packages/hydra/_internal/utils.py", line 457, in _run_app
    run_and_report(
  File "/root/miniconda3/lib/python3.12/site-packages/hydra/_internal/utils.py", line 223, in run_and_report
    raise ex
  File "/root/miniconda3/lib/python3.12/site-packages/hydra/_internal/utils.py", line 220, in run_and_report
    return func()
           ^^^^^^
  File "/root/miniconda3/lib/python3.12/site-packages/hydra/_internal/utils.py", line 458, in <lambda>
    lambda: hydra.run(
            ^^^^^^^^^^
  File "/root/miniconda3/lib/python3.12/site-packages/hydra/_internal/hydra.py", line 132, in run
    _ = ret.return_value
        ^^^^^^^^^^^^^^^^
  File "/root/miniconda3/lib/python3.12/site-packages/hydra/core/utils.py", line 260, in return_value
    raise self._return_value
  File "/root/miniconda3/lib/python3.12/site-packages/hydra/core/utils.py", line 186, in run_job
    ret.return_value = task_function(task_cfg)
                       ^^^^^^^^^^^^^^^^^^^^^^^
  File "/root/DeepResearcher/verl/trainer/main_ppo.py", line 26, in main
    run_ppo(config)
  File "/root/DeepResearcher/verl/trainer/main_ppo.py", line 34, in run_ppo
    ray.get(main_task.remote(config, compute_score))
  File "/root/miniconda3/lib/python3.12/site-packages/ray/_private/auto_init_hook.py", line 22, in auto_init_wrapper
    return fn(*args, **kwargs)
           ^^^^^^^^^^^^^^^^^^^
  File "/root/miniconda3/lib/python3.12/site-packages/ray/_private/client_mode_hook.py", line 107, in wrapper
    return func(*args, **kwargs)
           ^^^^^^^^^^^^^^^^^^^^^
  File "/root/miniconda3/lib/python3.12/site-packages/ray/_private/worker.py", line 2980, in get
    values, debugger_breakpoint = worker.get_objects(
                                  ^^^^^^^^^^^^^^^^^^^
  File "/root/miniconda3/lib/python3.12/site-packages/ray/_private/worker.py", line 1023, in get_objects
    raise value.as_instanceof_cause()
ray.exceptions.RayTaskError(AssertionError): [36mray::main_task()[39m (pid=40105, ip=172.17.0.6)
  File "/root/DeepResearcher/verl/trainer/main_ppo.py", line 164, in main_task
    trainer.fit()
  File "/root/DeepResearcher/verl/trainer/ppo/ray_trainer.py", line 1069, in fit
    generation_manager = LLMGenerationManager(
                         ^^^^^^^^^^^^^^^^^^^^^
  File "/root/DeepResearcher/scrl/llm_agent/generation.py", line 204, in __init__
    assert False
           ^^^^^
AssertionError
2026-05-25 14:41:56,009	WARNING utils.py:461 -- Detecting docker specified CPUs. In previous versions of Ray, CPU detection in containers was incorrect. Please ensure that Ray has enough CPUs allocated. As a temporary workaround to revert to the prior behavior, set `RAY_USE_MULTIPROCESSING_CPU_COUNT=1` as an env var before starting Ray. Set the env var: `RAY_DISABLE_DOCKER_CPU_WARNING=1` to mute this warning.
2026-05-25 14:41:59,285	INFO worker.py:2012 -- Started a local Ray instance.
/root/miniconda3/lib/python3.12/site-packages/ray/_private/worker.py:2051: FutureWarning: Tip: In future versions of Ray, Ray will no longer override accelerator visible devices env var if num_gpus=0 or num_gpus=None (default). To enable this behavior and turn off this error message, set RAY_ACCEL_ENV_VAR_OVERRIDE_ON_ZERO=0
  warnings.warn(
[36m(main_task pid=42627)[0m {'actor_rollout_ref': {'actor': {'clip_ratio': 0.2,
[36m(main_task pid=42627)[0m                                  'entropy_coeff': 0.001,
[36m(main_task pid=42627)[0m                                  'fsdp_config': {'fsdp_size': -1,
[36m(main_task pid=42627)[0m                                                  'model_dtype': 'bf16',
[36m(main_task pid=42627)[0m                                                  'optimizer_offload': False,
[36m(main_task pid=42627)[0m                                                  'param_offload': False,
[36m(main_task pid=42627)[0m                                                  'wrap_policy': {'min_num_params': 0}},
[36m(main_task pid=42627)[0m                                  'grad_clip': 1.0,
[36m(main_task pid=42627)[0m                                  'kl_loss_coef': 0.001,
[36m(main_task pid=42627)[0m                                  'kl_loss_type': 'low_var_kl',
[36m(main_task pid=42627)[0m                                  'optim': {'lr': 1e-06,
[36m(main_task pid=42627)[0m                                            'lr_warmup_steps_ratio': 0.0,
[36m(main_task pid=42627)[0m                                            'min_lr_ratio': None,
[36m(main_task pid=42627)[0m                                            'total_training_steps': -1,
[36m(main_task pid=42627)[0m                                            'warmup_style': 'constant'},
[36m(main_task pid=42627)[0m                                  'ppo_epochs': 1,
[36m(main_task pid=42627)[0m                                  'ppo_max_token_len_per_gpu': 8192,
[36m(main_task pid=42627)[0m                                  'ppo_micro_batch_size': None,
[36m(main_task pid=42627)[0m                                  'ppo_micro_batch_size_per_gpu': None,
[36m(main_task pid=42627)[0m                                  'ppo_mini_batch_size': 256,
[36m(main_task pid=42627)[0m                                  'shuffle': False,
[36m(main_task pid=42627)[0m                                  'strategy': 'fsdp',
[36m(main_task pid=42627)[0m                                  'ulysses_sequence_parallel_size': 1,
[36m(main_task pid=42627)[0m                                  'use_dynamic_bsz': True,
[36m(main_task pid=42627)[0m                                  'use_kl_loss': True},
[36m(main_task pid=42627)[0m                        'hybrid_engine': True,
[36m(main_task pid=42627)[0m                        'model': {'enable_gradient_checkpointing': True,
[36m(main_task pid=42627)[0m                                  'external_lib': None,
[36m(main_task pid=42627)[0m                                  'lora_alpha': 16,
[36m(main_task pid=42627)[0m                                  'lora_dropout': 0.0,
[36m(main_task pid=42627)[0m                                  'lora_rank': 64,
[36m(main_task pid=42627)[0m                                  'override_config': {},
[36m(main_task pid=42627)[0m                                  'path': '/root/autodl-tmp/models/Qwen/Qwen2.5-3B-Instruct',
[36m(main_task pid=42627)[0m                                  'use_lora': True,
[36m(main_task pid=42627)[0m                                  'use_remove_padding': True},
[36m(main_task pid=42627)[0m                        'ref': {'fsdp_config': {'param_offload': True,
[36m(main_task pid=42627)[0m                                                'wrap_policy': {'min_num_params': 0}},
[36m(main_task pid=42627)[0m                                'log_prob_max_token_len_per_gpu': 8192,
[36m(main_task pid=42627)[0m                                'log_prob_micro_batch_size': None,
[36m(main_task pid=42627)[0m                                'log_prob_micro_batch_size_per_gpu': None,
[36m(main_task pid=42627)[0m                                'log_prob_use_dynamic_bsz': True,
[36m(main_task pid=42627)[0m                                'ulysses_sequence_parallel_size': 1},
[36m(main_task pid=42627)[0m                        'rollout': {'disable_log_stats': True,
[36m(main_task pid=42627)[0m                                    'do_sample': True,
[36m(main_task pid=42627)[0m                                    'dtype': 'bfloat16',
[36m(main_task pid=42627)[0m                                    'enable_chunked_prefill': True,
[36m(main_task pid=42627)[0m                                    'enforce_eager': True,
[36m(main_task pid=42627)[0m                                    'free_cache_engine': True,
[36m(main_task pid=42627)[0m                                    'gpu_memory_utilization': 0.3,
[36m(main_task pid=42627)[0m                                    'ignore_eos': False,
[36m(main_task pid=42627)[0m                                    'load_format': 'dummy_dtensor',
[36m(main_task pid=42627)[0m                                    'log_prob_max_token_len_per_gpu': 8192,
[36m(main_task pid=42627)[0m                                    'log_prob_micro_batch_size': None,
[36m(main_task pid=42627)[0m                                    'log_prob_micro_batch_size_per_gpu': None,
[36m(main_task pid=42627)[0m                                    'log_prob_use_dynamic_bsz': True,
[36m(main_task pid=42627)[0m                                    'max_model_len': 2048,
[36m(main_task pid=42627)[0m                                    'max_num_batched_tokens': 2048,
[36m(main_task pid=42627)[0m                                    'max_num_seqs': 1024,
[36m(main_task pid=42627)[0m                                    'n': 1,
[36m(main_task pid=42627)[0m                                    'name': 'vllm',
[36m(main_task pid=42627)[0m                                    'prompt_length': 512,
[36m(main_task pid=42627)[0m                                    'response_length': 512,
[36m(main_task pid=42627)[0m                                    'temperature': 1.0,
[36m(main_task pid=42627)[0m                                    'tensor_model_parallel_size': 1,
[36m(main_task pid=42627)[0m                                    'top_k': -1,
[36m(main_task pid=42627)[0m                                    'top_p': 1,
[36m(main_task pid=42627)[0m                                    'use_fire_sampling': False}},
[36m(main_task pid=42627)[0m  'agent_grpo': {'n': 2},
[36m(main_task pid=42627)[0m  'algorithm': {'adv_estimator': 'drgrpo',
[36m(main_task pid=42627)[0m                'entropy_bonus_coef': 0.0,
[36m(main_task pid=42627)[0m                'gamma': 1.0,
[36m(main_task pid=42627)[0m                'kl_ctrl': {'kl_coef': 0.001, 'type': 'fixed'},
[36m(main_task pid=42627)[0m                'kl_penalty': 'kl',
[36m(main_task pid=42627)[0m                'lam': 1.0},
[36m(main_task pid=42627)[0m  'critic': {'cliprange_value': 0.5,
[36m(main_task pid=42627)[0m             'forward_max_token_len_per_gpu': 32768,
[36m(main_task pid=42627)[0m             'forward_micro_batch_size': None,
[36m(main_task pid=42627)[0m             'forward_micro_batch_size_per_gpu': None,
[36m(main_task pid=42627)[0m             'grad_clip': 1.0,
[36m(main_task pid=42627)[0m             'model': {'enable_gradient_checkpointing': True,
[36m(main_task pid=42627)[0m                       'external_lib': None,
[36m(main_task pid=42627)[0m                       'fsdp_config': {'fsdp_size': -1,
[36m(main_task pid=42627)[0m                                       'optimizer_offload': False,
[36m(main_task pid=42627)[0m                                       'param_offload': False,
[36m(main_task pid=42627)[0m                                       'wrap_policy': {'min_num_params': 0}},
[36m(main_task pid=42627)[0m                       'override_config': {},
[36m(main_task pid=42627)[0m                       'path': '/root/autodl-tmp/models/Qwen/Qwen2.5-3B-Instruct',
[36m(main_task pid=42627)[0m                       'tokenizer_path': '/root/autodl-tmp/models/Qwen/Qwen2.5-3B-Instruct',
[36m(main_task pid=42627)[0m                       'use_remove_padding': True},
[36m(main_task pid=42627)[0m             'optim': {'lr': 1e-05,
[36m(main_task pid=42627)[0m W0525 14:42:07.953000 42627 site-packages/torch/utils/cpp_extension.py:140] No CUDA runtime is found, using CUDA_HOME='/usr/local/cuda'
[36m(main_task pid=42627)[0m                       'lr_warmup_steps_ratio': 0.0,
[36m(main_task pid=42627)[0m                       'min_lr_ratio': None,
[36m(main_task pid=42627)[0m                       'total_training_steps': -1,
[36m(main_task pid=42627)[0m                       'warmup_style': 'constant'},
[36m(main_task pid=42627)[0m             'ppo_epochs': 1,
[36m(main_task pid=42627)[0m             'ppo_max_token_len_per_gpu': 32768,
[36m(main_task pid=42627)[0m             'ppo_micro_batch_size': None,
[36m(main_task pid=42627)[0m             'ppo_micro_batch_size_per_gpu': None,
[36m(main_task pid=42627)[0m             'ppo_mini_batch_size': 256,
[36m(main_task pid=42627)[0m             'shuffle': False,
[36m(main_task pid=42627)[0m             'strategy': 'fsdp',
[36m(main_task pid=42627)[0m             'ulysses_sequence_parallel_size': 1,
[36m(main_task pid=42627)[0m             'use_dynamic_bsz': True},
[36m(main_task pid=42627)[0m  'data': {'data_writing_file': './signal/data.json',
[36m(main_task pid=42627)[0m           'image_key': 'images',
[36m(main_task pid=42627)[0m           'max_prompt_length': 512,
[36m(main_task pid=42627)[0m           'max_response_length': 512,
[36m(main_task pid=42627)[0m           'n_gpus_per_node': 8,
[36m(main_task pid=42627)[0m           'num_workers': 0,
[36m(main_task pid=42627)[0m           'prompt_key': 'prompt',
[36m(main_task pid=42627)[0m           'query_signal': 1,
[36m(main_task pid=42627)[0m           'response_signal': 0,
[36m(main_task pid=42627)[0m           'return_raw_chat': False,
[36m(main_task pid=42627)[0m           'return_raw_input_ids': False,
[36m(main_task pid=42627)[0m           'shuffle': True,
[36m(main_task pid=42627)[0m           'signal_writing_file': './signal/signal.json',
[36m(main_task pid=42627)[0m           'tokenizer': None,
[36m(main_task pid=42627)[0m           'train_batch_size': 512,
[36m(main_task pid=42627)[0m           'train_files': '/root/DeepResearcher/data/train.parquet',
[36m(main_task pid=42627)[0m           'val_batch_size': None,
[36m(main_task pid=42627)[0m           'val_files': '~/data/rlhf/gsm8k/test.parquet'},
[36m(main_task pid=42627)[0m  'do_search': True,
[36m(main_task pid=42627)[0m  'max_turns': 6,
[36m(main_task pid=42627)[0m  'reward_model': {'curriculum_bonus_coef': 0.05,
[36m(main_task pid=42627)[0m                   'curriculum_end_turn': 5,
[36m(main_task pid=42627)[0m                   'curriculum_start_turn': 2,
[36m(main_task pid=42627)[0m                   'early_stop_penalty_coef': 0.05,
[36m(main_task pid=42627)[0m                   'enable': False,
[36m(main_task pid=42627)[0m                   'forward_max_token_len_per_gpu': 32768,
[36m(main_task pid=42627)[0m                   'max_length': None,
[36m(main_task pid=42627)[0m                   'micro_batch_size': None,
[36m(main_task pid=42627)[0m                   'micro_batch_size_per_gpu': None,
[36m(main_task pid=42627)[0m                   'model': {'external_lib': None,
[36m(main_task pid=42627)[0m                             'fsdp_config': {'fsdp_size': -1,
[36m(main_task pid=42627)[0m                                             'min_num_params': 0,
[36m(main_task pid=42627)[0m                                             'param_offload': False},
[36m(main_task pid=42627)[0m                             'input_tokenizer': '/root/autodl-tmp/models/Qwen/Qwen2.5-3B-Instruct',
[36m(main_task pid=42627)[0m                             'path': '~/models/FsfairX-LLaMA3-RM-v0.1',
[36m(main_task pid=42627)[0m                             'use_remove_padding': True},
[36m(main_task pid=42627)[0m                   'pbrs_gamma': 0.5,
[36m(main_task pid=42627)[0m                   'query_repetition_penalty_coef': 0.05,
[36m(main_task pid=42627)[0m                   'reward_manager': 'naive',
[36m(main_task pid=42627)[0m                   'strategy': 'fsdp',
[36m(main_task pid=42627)[0m                   'ulysses_sequence_parallel_size': 2,
[36m(main_task pid=42627)[0m                   'use_curriculum': False,
[36m(main_task pid=42627)[0m                   'use_dynamic_bsz': True,
[36m(main_task pid=42627)[0m                   'use_pbrs': False,
[36m(main_task pid=42627)[0m                   'use_query_monitoring': False},
[36m(main_task pid=42627)[0m  'search_engine': 'searxng',
[36m(main_task pid=42627)[0m  'trainer': {'critic_warmup': 0,
[36m(main_task pid=42627)[0m              'default_hdfs_dir': None,
[36m(main_task pid=42627)[0m              'default_local_dir': './ckpts/verl_examples/exp03_lora_rank64_alpha16',
[36m(main_task pid=42627)[0m              'del_local_ckpt_after_load': False,
[36m(main_task pid=42627)[0m              'experiment_name': 'exp03_lora_rank64_alpha16',
[36m(main_task pid=42627)[0m              'logger': ['console', 'swanlab'],
[36m(main_task pid=42627)[0m              'n_gpus_per_node': 1,
[36m(main_task pid=42627)[0m              'nnodes': 1,
[36m(main_task pid=42627)[0m              'project_name': 'verl_examples',
[36m(main_task pid=42627)[0m              'remove_previous_ckpt_in_save': False,
[36m(main_task pid=42627)[0m              'resume_from_path': False,
[36m(main_task pid=42627)[0m              'resume_mode': 'auto',
[36m(main_task pid=42627)[0m              'save_freq': 500,
[36m(main_task pid=42627)[0m              'test_freq': 100,
[36m(main_task pid=42627)[0m              'total_epochs': 30,
[36m(main_task pid=42627)[0m              'total_training_steps': 30,
[36m(main_task pid=42627)[0m              'val_before_train': False,
[36m(main_task pid=42627)[0m              'val_generations_to_log_to_wandb': 0}}
[36m(main_task pid=42627)[0m update signal file finish!
[36m(main_task pid=42627)[0m [validate_config] All configuration checks passed successfully!
[36m(main_task pid=42627)[0m original dataset len: 80000
[36m(main_task pid=42627)[0m filter dataset len: 80000
[36m(main_task pid=42627)[0m original dataset len: 3197
[36m(main_task pid=42627)[0m filter dataset len: 3197
[36m(main_task pid=42627)[0m Size of train dataloader: 156
[36m(main_task pid=42627)[0m Total training steps: 30
[36m(WorkerDict pid=42753)[0m Model config after override: Qwen2Config {
[36m(WorkerDict pid=42753)[0m   "architectures": [
[36m(WorkerDict pid=42753)[0m     "Qwen2ForCausalLM"
[36m(WorkerDict pid=42753)[0m   ],
[36m(WorkerDict pid=42753)[0m   "attention_dropout": 0.0,
[36m(WorkerDict pid=42753)[0m   "bos_token_id": null,
[36m(WorkerDict pid=42753)[0m   "dtype": "bfloat16",
[36m(WorkerDict pid=42753)[0m   "eos_token_id": 151645,
[36m(WorkerDict pid=42753)[0m   "hidden_act": "silu",
[36m(WorkerDict pid=42753)[0m   "hidden_size": 2048,
[36m(WorkerDict pid=42753)[0m   "initializer_range": 0.02,
[36m(WorkerDict pid=42753)[0m   "intermediate_size": 11008,
[36m(WorkerDict pid=42753)[0m   "layer_types": [
[36m(WorkerDict pid=42753)[0m     "full_attention",
[36m(WorkerDict pid=42753)[0m     "full_attention",
[36m(WorkerDict pid=42753)[0m     "full_attention",
[36m(WorkerDict pid=42753)[0m     "full_attention",
[36m(WorkerDict pid=42753)[0m     "full_attention",
[36m(WorkerDict pid=42753)[0m     "full_attention",
[36m(WorkerDict pid=42753)[0m     "full_attention",
[36m(WorkerDict pid=42753)[0m     "full_attention",
[36m(WorkerDict pid=42753)[0m     "full_attention",
[36m(WorkerDict pid=42753)[0m     "full_attention",
[36m(WorkerDict pid=42753)[0m     "full_attention",
[36m(WorkerDict pid=42753)[0m     "full_attention",
[36m(WorkerDict pid=42753)[0m     "full_attention",
[36m(WorkerDict pid=42753)[0m     "full_attention",
[36m(WorkerDict pid=42753)[0m     "full_attention",
[36m(WorkerDict pid=42753)[0m     "full_attention",
[36m(WorkerDict pid=42753)[0m     "full_attention",
[36m(WorkerDict pid=42753)[0m     "full_attention",
[36m(WorkerDict pid=42753)[0m     "full_attention",
[36m(WorkerDict pid=42753)[0m     "full_attention",
[36m(WorkerDict pid=42753)[0m     "full_attention",
[36m(WorkerDict pid=42753)[0m Loading weights:   0%|          | 0/434 [00:00<?, ?it/s]
[36m(WorkerDict pid=42753)[0m Loading weights: 100%|██████████| 434/434 [00:00<00:00, 8610.17it/s]
[36m(WorkerDict pid=42753)[0m /root/miniconda3/lib/python3.12/site-packages/torch/distributed/c10d_logger.py:83: UserWarning: barrier(): using the device under current context. You can specify `device_id` in `init_process_group` to mute this warning.
[36m(WorkerDict pid=42753)[0m   return func(*args, **kwargs)
[36m(WorkerDict pid=42753)[0m [rank0]:[W525 14:42:29.122248840 ProcessGroupNCCL.cpp:5188] Guessing device ID based on global rank. This can cause a hang if rank to GPU mapping is heterogeneous. You can specify device_id in init_process_group()
[36m(WorkerDict pid=42753)[0m /root/miniconda3/lib/python3.12/site-packages/torch/distributed/fsdp/fully_sharded_data_parallel.py:478: UserWarning: FSDP is switching to use `NO_SHARD` instead of ShardingStrategy.FULL_SHARD since the world size is 1.
[36m(WorkerDict pid=42753)[0m   _init_core_state(
[36m(WorkerDict pid=42753)[0m Loading weights:   0%|          | 0/434 [00:00<?, ?it/s]Loading weights: 100%|██████████| 434/434 [00:00<00:00, 10740.92it/s]
[36m(WorkerDict pid=42753)[0m /root/miniconda3/lib/python3.12/site-packages/torch/distributed/c10d_logger.py:83: UserWarning: barrier(): using the device under current context. You can specify `device_id` in `init_process_group` to mute this warning.
[36m(WorkerDict pid=42753)[0m   return func(*args, **kwargs)
[36m(WorkerDict pid=42753)[0m /root/miniconda3/lib/python3.12/site-packages/torch/distributed/fsdp/fully_sharded_data_parallel.py:478: UserWarning: FSDP is switching to use `NO_SHARD` instead of ShardingStrategy.FULL_SHARD since the world size is 1.
[36m(WorkerDict pid=42753)[0m   _init_core_state(
[36m(WorkerDict pid=42753)[0m     "full_attention",
[36m(WorkerDict pid=42753)[0m     "full_attention",
[36m(WorkerDict pid=42753)[0m     "full_attention",
[36m(WorkerDict pid=42753)[0m     "full_attention",
[36m(WorkerDict pid=42753)[0m     "full_attention",
[36m(WorkerDict pid=42753)[0m     "full_attention",
[36m(WorkerDict pid=42753)[0m     "full_attention",
[36m(WorkerDict pid=42753)[0m     "full_attention",
[36m(WorkerDict pid=42753)[0m     "full_attention",
[36m(WorkerDict pid=42753)[0m     "full_attention",
[36m(WorkerDict pid=42753)[0m     "full_attention",
[36m(WorkerDict pid=42753)[0m     "full_attention",
[36m(WorkerDict pid=42753)[0m     "full_attention",
[36m(WorkerDict pid=42753)[0m     "full_attention",
[36m(WorkerDict pid=42753)[0m     "full_attention"
[36m(WorkerDict pid=42753)[0m   ],
[36m(WorkerDict pid=42753)[0m   "max_position_embeddings": 32768,
[36m(WorkerDict pid=42753)[0m   "max_window_layers": 70,
[36m(WorkerDict pid=42753)[0m   "model_type": "qwen2",
[36m(WorkerDict pid=42753)[0m   "num_attention_heads": 16,
[36m(WorkerDict pid=42753)[0m   "num_hidden_layers": 36,
[36m(WorkerDict pid=42753)[0m   "num_key_value_heads": 2,
[36m(WorkerDict pid=42753)[0m   "pad_token_id": 151643,
[36m(WorkerDict pid=42753)[0m   "rms_norm_eps": 1e-06,
[36m(WorkerDict pid=42753)[0m   "rope_parameters": {
[36m(WorkerDict pid=42753)[0m     "rope_theta": 1000000.0,
[36m(WorkerDict pid=42753)[0m     "rope_type": "default"
[36m(WorkerDict pid=42753)[0m   },
[36m(WorkerDict pid=42753)[0m   "sliding_window": null,
[36m(WorkerDict pid=42753)[0m   "tie_word_embeddings": true,
[36m(WorkerDict pid=42753)[0m   "transformers_version": "5.9.0",
[36m(WorkerDict pid=42753)[0m   "use_cache": true,
[36m(WorkerDict pid=42753)[0m   "use_sliding_window": false,
[36m(WorkerDict pid=42753)[0m   "vocab_size": 151936
[36m(WorkerDict pid=42753)[0m }
[36m(WorkerDict pid=42753)[0m 
[36m(WorkerDict pid=42753)[0m Qwen2ForCausalLM contains 3.09B parameters
[36m(WorkerDict pid=42753)[0m wrap_policy: functools.partial(<function _or_policy at 0x7fdbad32f1a0>, policies=[functools.partial(<function transformer_auto_wrap_policy at 0x7fdbad32f060>, transformer_layer_cls={<class 'transformers.models.qwen2.modeling_qwen2.Qwen2DecoderLayer'>})])
[36m(WorkerDict pid=42753)[0m Actor use_remove_padding=True
[36m(WorkerDict pid=42753)[0m Model config after override: Qwen2Config {
[36m(WorkerDict pid=42753)[0m   "architectures": [
[36m(WorkerDict pid=42753)[0m     "Qwen2ForCausalLM"
[36m(WorkerDict pid=42753)[0m   ],
[36m(WorkerDict pid=42753)[0m   "attention_dropout": 0.0,
[36m(WorkerDict pid=42753)[0m   "bos_token_id": null,
[36m(WorkerDict pid=42753)[0m   "dtype": "bfloat16",
[36m(WorkerDict pid=42753)[0m   "eos_token_id": 151645,
[36m(WorkerDict pid=42753)[0m   "hidden_act": "silu",
[36m(WorkerDict pid=42753)[0m   "hidden_size": 2048,
[36m(WorkerDict pid=42753)[0m   "initializer_range": 0.02,
[36m(WorkerDict pid=42753)[0m   "intermediate_size": 11008,
[36m(WorkerDict pid=42753)[0m   "layer_types": [
[36m(WorkerDict pid=42753)[0m     "full_attention",
[36m(WorkerDict pid=42753)[0m     "full_attention",
[36m(WorkerDict pid=42753)[0m     "full_attention",
[36m(WorkerDict pid=42753)[0m     "full_attention",
[36m(WorkerDict pid=42753)[0m     "full_attention",
[36m(WorkerDict pid=42753)[0m     "full_attention",
[36m(WorkerDict pid=42753)[0m     "full_attention",
[36m(WorkerDict pid=42753)[0m     "full_attention",
[36m(WorkerDict pid=42753)[0m     "full_attention",
[36m(WorkerDict pid=42753)[0m     "full_attention",
[36m(WorkerDict pid=42753)[0m     "full_attention",
[36m(WorkerDict pid=42753)[0m     "full_attention",
[36m(WorkerDict pid=42753)[0m     "full_attention",
[36m(WorkerDict pid=42753)[0m     "full_attention",
[36m(WorkerDict pid=42753)[0m     "full_attention",
[36m(WorkerDict pid=42753)[0m     "full_attention",
[36m(WorkerDict pid=42753)[0m     "full_attention",
[36m(WorkerDict pid=42753)[0m     "full_attention",
[36m(WorkerDict pid=42753)[0m     "full_attention",
[36m(WorkerDict pid=42753)[0m     "full_attention",
[36m(WorkerDict pid=42753)[0m     "full_attention",
[36m(WorkerDict pid=42753)[0m     "full_attention",
[36m(WorkerDict pid=42753)[0m     "full_attention",
[36m(WorkerDict pid=42753)[0m     "full_attention",
[36m(WorkerDict pid=42753)[0m     "full_attention",
[36m(WorkerDict pid=42753)[0m     "full_attention",
[36m(WorkerDict pid=42753)[0m     "full_attention",
[36m(WorkerDict pid=42753)[0m     "full_attention",
[36m(WorkerDict pid=42753)[0m     "full_attention",
[36m(WorkerDict pid=42753)[0m     "full_attention",
[36m(WorkerDict pid=42753)[0m     "full_attention",
[36m(WorkerDict pid=42753)[0m     "full_attention",
[36m(WorkerDict pid=42753)[0m     "full_attention",
[36m(WorkerDict pid=42753)[0m     "full_attention",
[36m(WorkerDict pid=42753)[0m     "full_attention",
[36m(WorkerDict pid=42753)[0m     "full_attention"
[36m(WorkerDict pid=42753)[0m   ],
[36m(WorkerDict pid=42753)[0m   "max_position_embeddings": 32768,
[36m(WorkerDict pid=42753)[0m   "max_window_layers": 70,
[36m(WorkerDict pid=42753)[0m   "model_type": "qwen2",
[36m(WorkerDict pid=42753)[0m   "num_attention_heads": 16,
[36m(WorkerDict pid=42753)[0m   "num_hidden_layers": 36,
[36m(WorkerDict pid=42753)[0m   "num_key_value_heads": 2,
[36m(WorkerDict pid=42753)[0m   "pad_token_id": 151643,
[36m(WorkerDict pid=42753)[0m   "rms_norm_eps": 1e-06,
[36m(WorkerDict pid=42753)[0m   "rope_parameters": {
[36m(WorkerDict pid=42753)[0m     "rope_theta": 1000000.0,
[36m(WorkerDict pid=42753)[0m     "rope_type": "default"
[36m(WorkerDict pid=42753)[0m   },
[36m(WorkerDict pid=42753)[0m   "sliding_window": null,
[36m(WorkerDict pid=42753)[0m   "tie_word_embeddings": true,
[36m(WorkerDict pid=42753)[0m   "transformers_version": "5.9.0",
[36m(WorkerDict pid=42753)[0m   "use_cache": true,
[36m(WorkerDict pid=42753)[0m   "use_sliding_window": false,
[36m(WorkerDict pid=42753)[0m   "vocab_size": 151936
[36m(WorkerDict pid=42753)[0m }
[36m(WorkerDict pid=42753)[0m 
[36m(WorkerDict pid=42753)[0m trainable params: 29,491,200 || all params: 3,115,429,888 || trainable%: 0.9466
[36m(WorkerDict pid=42753)[0m [LoRA] Injected LoRA adapters: rank=64, alpha=16
[36m(WorkerDict pid=42753)[0m PeftModelForCausalLM contains 3.12B parameters
[36m(WorkerDict pid=42753)[0m wrap_policy: functools.partial(<function _or_policy at 0x7fdbad32f1a0>, policies=[functools.partial(<function lambda_auto_wrap_policy at 0x7fdbad32eb60>, lambda_fn=<function get_fsdp_wrap_policy.<locals>.lambda_policy_fn at 0x7fd9201f2ca0>), functools.partial(<function transformer_auto_wrap_policy at 0x7fdbad32f060>, transformer_layer_cls={<class 'transformers.models.qwen2.modeling_qwen2.Qwen2DecoderLayer'>})])
[36m(WorkerDict pid=42753)[0m Total steps: 30, num_warmup_steps: 0
[36m(WorkerDict pid=42753)[0m Actor use_remove_padding=True
[36m(WorkerDict pid=42753)[0m Before building vllm rollout, memory allocated (GB): 11.676271915435791, memory reserved (GB): 12.408203125
[36m(WorkerDict pid=42753)[0m INFO 05-25 14:42:36 [utils.py:240] non-default args: {'dtype': 'bfloat16', 'max_model_len': 1024, 'distributed_executor_backend': 'external_launcher', 'enable_prefix_caching': True, 'gpu_memory_utilization': 0.3, 'max_num_batched_tokens': 2048, 'disable_log_stats': True, 'enforce_eager': True, 'disable_custom_all_reduce': True, 'enable_chunked_prefill': True, 'enable_sleep_mode': True, 'model': '/root/autodl-tmp/models/Qwen/Qwen2.5-3B-Instruct'}
[36m(WorkerDict pid=42753)[0m INFO 05-25 14:42:36 [model.py:568] Resolved architecture: Qwen2ForCausalLM
[36m(WorkerDict pid=42753)[0m INFO 05-25 14:42:36 [model.py:1697] Using max model len 1024
[36m(WorkerDict pid=42753)[0m Loading safetensors checkpoint shards:   0% Completed | 0/2 [00:00<?, ?it/s]
[36m(WorkerDict pid=42753)[0m Loading safetensors checkpoint shards:  50% Completed | 1/2 [00:00<00:00,  1.46it/s]
[36m(WorkerDict pid=42753)[0m Loading safetensors checkpoint shards: 100% Completed | 2/2 [00:01<00:00,  1.88it/s]
[36m(WorkerDict pid=42753)[0m Loading safetensors checkpoint shards: 100% Completed | 2/2 [00:01<00:00,  1.80it/s]
[36m(WorkerDict pid=42753)[0m 
[36m(WorkerDict pid=42753)[0m /root/DeepResearcher/verl/workers/sharding_manager/fsdp_vllm.py:52: FutureWarning: FSDP.state_dict_type() and FSDP.set_state_dict_type() are being deprecated. Please use APIs, get_state_dict() and set_state_dict(), which can support different parallelisms, FSDP1, FSDP2, DDP. API doc: https://pytorch.org/docs/stable/distributed.checkpoint.html#torch.distributed.checkpoint.state_dict.get_state_dict .Tutorial: https://pytorch.org/tutorials/recipes/distributed_checkpoint_recipe.html .
[36m(WorkerDict pid=42753)[0m   FSDP.set_state_dict_type(self.module,
[36m(WorkerDict pid=42753)[0m INFO 05-25 14:42:36 [arg_utils.py:1739] Using ray runtime env (env vars redacted): {'env_vars': {'NCCL_DEBUG': '***', 'RANK': '***', 'RAY_LOCAL_RANK': '***', 'RAY_LOCAL_WORLD_SIZE': '***', 'TOKENIZERS_PARALLELISM': '***', 'WG_BACKEND': '***', 'WG_PREFIX': '***', 'WORLD_SIZE': '***'}}
[36m(WorkerDict pid=42753)[0m INFO 05-25 14:42:36 [parallel.py:769] Using external launcher for distributed inference.
[36m(WorkerDict pid=42753)[0m INFO 05-25 14:42:36 [parallel.py:829] Disabling V1 multiprocessing for external launcher.
[36m(WorkerDict pid=42753)[0m INFO 05-25 14:42:36 [scheduler.py:239] Chunked prefill is enabled with max_num_batched_tokens=2048.
[36m(WorkerDict pid=42753)[0m INFO 05-25 14:42:36 [vllm.py:886] Asynchronous scheduling is enabled.
[36m(WorkerDict pid=42753)[0m WARNING 05-25 14:42:36 [vllm.py:942] Enforce eager set, disabling torch.compile and CUDAGraphs. This is equivalent to setting -cc.mode=none -cc.cudagraph_mode=none
[36m(WorkerDict pid=42753)[0m WARNING 05-25 14:42:36 [vllm.py:960] Inductor compilation was disabled by user settings, optimizations settings that are only active during inductor compilation will be ignored.
[36m(WorkerDict pid=42753)[0m INFO 05-25 14:42:36 [kernel.py:212] Final IR op priority after setting platform defaults: IrOpPriorityConfig(rms_norm=['vllm_c', 'native'], fused_add_rms_norm=['vllm_c', 'native'])
[36m(WorkerDict pid=42753)[0m INFO 05-25 14:42:36 [vllm.py:1135] Cudagraph is disabled under eager mode
[36m(WorkerDict pid=42753)[0m INFO 05-25 14:42:36 [compilation.py:303] Enabled custom fusions: norm_quant, act_quant
[36m(WorkerDict pid=42753)[0m INFO 05-25 14:42:37 [core.py:109] Initializing a V1 LLM engine (v0.21.0) with config: model='/root/autodl-tmp/models/Qwen/Qwen2.5-3B-Instruct', speculative_config=None, tokenizer='/root/autodl-tmp/models/Qwen/Qwen2.5-3B-Instruct', skip_tokenizer_init=False, tokenizer_mode=auto, revision=None, tokenizer_revision=None, trust_remote_code=False, dtype=torch.bfloat16, max_seq_len=1024, download_dir=None, load_format=auto, tensor_parallel_size=1, pipeline_parallel_size=1, data_parallel_size=1, decode_context_parallel_size=1, dcp_comm_backend=ag_rs, disable_custom_all_reduce=True, quantization=None, quantization_config=None, enforce_eager=True, enable_return_routed_experts=False, kv_cache_dtype=auto, device_config=cuda, structured_outputs_config=StructuredOutputsConfig(backend='auto', disable_any_whitespace=False, disable_additional_properties=False, reasoning_parser='', reasoning_parser_plugin='', enable_in_reasoning=False), observability_config=ObservabilityConfig(show_hidden_metrics_for_version=None, otlp_traces_endpoint=None, collect_detailed_traces=None, kv_cache_metrics=False, kv_cache_metrics_sample=0.01, cudagraph_metrics=False, enable_layerwise_nvtx_tracing=False, enable_mfu_metrics=False, enable_mm_processor_stats=False, enable_logging_iteration_details=False), seed=0, served_model_name=/root/autodl-tmp/models/Qwen/Qwen2.5-3B-Instruct, enable_prefix_caching=True, enable_chunked_prefill=True, pooler_config=None, compilation_config={'mode': <CompilationMode.NONE: 0>, 'debug_dump_path': None, 'cache_dir': '', 'compile_cache_save_format': 'binary', 'backend': 'inductor', 'custom_ops': ['all'], 'ir_enable_torch_wrap': False, 'splitting_ops': [], 'compile_mm_encoder': False, 'cudagraph_mm_encoder': False, 'encoder_cudagraph_token_budgets': [], 'encoder_cudagraph_max_vision_items_per_batch': 0, 'encoder_cudagraph_max_frames_per_batch': None, 'compile_sizes': [], 'compile_ranges_endpoints': [2048], 'inductor_compile_config': {'enable_auto_functionalized_v2': False, 'size_asserts': False, 'alignment_asserts': False, 'scalar_asserts': False, 'combo_kernels': True, 'benchmark_combo_kernel': True}, 'inductor_passes': {}, 'cudagraph_mode': <CUDAGraphMode.NONE: 0>, 'cudagraph_num_of_warmups': 0, 'cudagraph_capture_sizes': [], 'cudagraph_copy_inputs': False, 'cudagraph_specialize_lora': True, 'use_inductor_graph_partition': False, 'pass_config': {'fuse_norm_quant': True, 'fuse_act_quant': True, 'fuse_attn_quant': False, 'enable_sp': False, 'fuse_gemm_comms': False, 'fuse_allreduce_rms': False, 'fuse_act_padding': False}, 'max_cudagraph_capture_size': 0, 'dynamic_shapes_config': {'type': <DynamicShapesType.BACKED: 'backed'>, 'evaluate_guards': False, 'assume_32_bit_indexing': False}, 'local_cache_dir': None, 'fast_moe_cold_start': False, 'static_all_moe_layers': []}, kernel_config=KernelConfig(ir_op_priority=IrOpPriorityConfig(rms_norm=['vllm_c', 'native'], fused_add_rms_norm=['vllm_c', 'native']), enable_flashinfer_autotune=False, moe_backend='auto')
[36m(WorkerDict pid=42753)[0m INFO 05-25 14:42:37 [parallel_state.py:1723] rank 0 in world size 1 is assigned as DP rank 0, PP rank 0, PCP rank 0, TP rank 0, EP rank N/A, EPLB rank N/A
[36m(WorkerDict pid=42753)[0m INFO 05-25 14:42:38 [topk_topp_sampler.py:45] Using FlashInfer for top-p & top-k sampling.
[36m(WorkerDict pid=42753)[0m INFO 05-25 14:42:38 [gpu_model_runner.py:4857] Starting to load model /root/autodl-tmp/models/Qwen/Qwen2.5-3B-Instruct...
[36m(WorkerDict pid=42753)[0m INFO 05-25 14:42:38 [cuda.py:372] Using FLASH_ATTN attention backend out of potential backends: ['FLASH_ATTN', 'FLASHINFER', 'TRITON_ATTN', 'FLEX_ATTENTION'].
[36m(WorkerDict pid=42753)[0m INFO 05-25 14:42:38 [flash_attn.py:641] Using FlashAttention version 2
[36m(WorkerDict pid=42753)[0m INFO 05-25 14:42:38 [weight_utils.py:938] Filesystem type for checkpoints: XFS. Checkpoint size: 5.75 GiB. Available RAM: 965.65 GiB.
[36m(WorkerDict pid=42753)[0m INFO 05-25 14:42:38 [weight_utils.py:961] Auto-prefetch is disabled because the filesystem (XFS) is not a recognized network FS (NFS/Lustre). If you want to force prefetching, start vLLM with --safetensors-load-strategy=prefetch.
[36m(WorkerDict pid=42753)[0m INFO 05-25 14:42:39 [default_loader.py:397] Loading weights took 1.14 seconds
[36m(WorkerDict pid=42753)[0m INFO 05-25 14:42:40 [gpu_model_runner.py:4959] Model loading took 5.79 GiB memory and 1.304018 seconds
[36m(WorkerDict pid=42753)[0m INFO 05-25 14:42:41 [gpu_worker.py:462] Available KV cache memory: 20.52 GiB
[36m(WorkerDict pid=42753)[0m INFO 05-25 14:42:41 [kv_cache_utils.py:1710] GPU KV cache size: 597,632 tokens
[36m(WorkerDict pid=42753)[0m INFO 05-25 14:42:41 [kv_cache_utils.py:1711] Maximum concurrency for 1,024 tokens per request: 583.62x
[36m(WorkerDict pid=42753)[0m INFO 05-25 14:42:41 [kernel_warmup.py:44] Skipping FlashInfer autotune because it is disabled.
[36m(WorkerDict pid=42753)[0m INFO 05-25 14:42:41 [jit_monitor.py:54] Kernel JIT monitor activated — Triton JIT compilations during inference will be logged as warnings.
[36m(WorkerDict pid=42753)[0m INFO 05-25 14:42:41 [core.py:306] init engine (profile, create kv cache, warmup model) took 1.44 s
[36m(WorkerDict pid=42753)[0m INFO 05-25 14:42:42 [block_pool.py:471] Successfully reset prefix cache
[36m(WorkerDict pid=42753)[0m INFO 05-25 14:42:45 [cumem.py:209] CuMemAllocator: sleep freed 26.41 GiB memory in total, of which 5.88 GiB is backed up in CPU and the rest 20.53 GiB is discarded directly.
[36m(WorkerDict pid=42753)[0m INFO 05-25 14:42:45 [gpu_worker.py:178] Sleep mode freed 28.13 GiB memory, 13.52 GiB memory is still in use.
[36m(WorkerDict pid=42753)[0m INFO 05-25 14:42:45 [abstract.py:331] It took 3.096123 seconds to fall asleep.
[36m(WorkerDict pid=42753)[0m kwargs: {'n': 1, 'logprobs': 0, 'max_tokens': 512, 'detokenize': False, 'temperature': 1.0, 'top_k': -1, 'top_p': 1, 'ignore_eos': False}
[36m(WorkerDict pid=42753)[0m After building vllm rollout, memory allocated (GB): 38.12354898452759, memory reserved (GB): 38.73046875
[36m(WorkerDict pid=42753)[0m After building sharding manager, memory allocated (GB): 38.12354898452759, memory reserved (GB): 38.73046875
[36m(main_task pid=42627)[0m swanlab: Tracking run with swanlab version 0.7.19
[36m(main_task pid=42627)[0m swanlab: Run data will be saved locally in 
[36m(main_task pid=42627)[0m /root/DeepResearcher/swanlog/run-20260525_144247-9al2b16tx74s65ktg71m5
[36m(WorkerDict pid=42753)[0m /root/miniconda3/lib/python3.12/site-packages/torch/utils/_contextlib.py:124: UserWarning: When using ``NO_SHARD`` for ``ShardingStrategy``, full_state_dict will be returned.
[36m(WorkerDict pid=42753)[0m   return func(*args, **kwargs)
[36m(main_task pid=42627)[0m swanlab: 👋 Hi Fyrgo,welcome to swanlab!
[36m(main_task pid=42627)[0m swanlab: Syncing run exp03_lora_rank64_alpha16 to the cloud
[36m(main_task pid=42627)[0m swanlab: 🏠 View project at https://swanlab.cn/@Fyrgo/verl_examples
[36m(main_task pid=42627)[0m swanlab: 🚀 View run at 
[36m(main_task pid=42627)[0m https://swanlab.cn/@Fyrgo/verl_examples/runs/9al2b16tx74s65ktg71m5
[36m(main_task pid=42627)[0m Using LocalLogger is deprecated. The constructor API will change 
[36m(main_task pid=42627)[0m Checkpoint tracker file does not exist: %s /root/DeepResearcher/./ckpts/verl_examples/exp03_lora_rank64_alpha16/latest_checkpointed_iteration.txt
[36m(main_task pid=42627)[0m Training from scratch
[36m(main_task pid=42627)[0m node 0 in fit function!
[36m(main_task pid=42627)[0m node 0 gains 512 datas!
[36m(main_task pid=42627)[0m Directory not exist, create at ./outputs/verl_examples/exp03_lora_rank64_alpha16/rollout
[36m(main_task pid=42627)[0m node 0 step 0 start!
[36m(main_task pid=42627)[0m rollout_step_1_round_0.json 写入完成
[36m(main_task pid=42627)[0m node 0, turn 0 rollings_active is 1024 datas
[36m(main_task pid=42627)[0m swanlab: 🏠 View project at https://swanlab.cn/@Fyrgo/verl_examples
[36m(main_task pid=42627)[0m swanlab: 🚀 View run at 
[36m(main_task pid=42627)[0m https://swanlab.cn/@Fyrgo/verl_examples/runs/9al2b16tx74s65ktg71m5
[36m(WorkerDict pid=42753)[0m INFO 05-25 14:42:48 [abstract.py:349] It took 0.186394 seconds to wake up tags {'weights', 'kv_cache'}.
Error executing job with overrides: ['actor_rollout_ref.model.path=/root/autodl-tmp/models/Qwen/Qwen2.5-3B-Instruct', 'actor_rollout_ref.model.use_remove_padding=true', 'actor_rollout_ref.model.use_lora=true', 'actor_rollout_ref.model.lora_rank=64', 'actor_rollout_ref.model.lora_alpha=16', 'actor_rollout_ref.model.lora_dropout=0.0', '+actor_rollout_ref.actor.fsdp_config.model_dtype=bf16', 'actor_rollout_ref.actor.fsdp_config.param_offload=false', 'actor_rollout_ref.actor.fsdp_config.optimizer_offload=False', 'actor_rollout_ref.actor.ulysses_sequence_parallel_size=1', 'actor_rollout_ref.ref.fsdp_config.param_offload=true', 'actor_rollout_ref.ref.ulysses_sequence_parallel_size=1', 'actor_rollout_ref.rollout.tensor_model_parallel_size=1', 'actor_rollout_ref.rollout.gpu_memory_utilization=0.3', 'actor_rollout_ref.rollout.max_model_len=2048', 'actor_rollout_ref.rollout.max_num_batched_tokens=2048', 'critic.model.path=/root/autodl-tmp/models/Qwen/Qwen2.5-3B-Instruct', 'critic.ulysses_sequence_parallel_size=1', 'data.train_files=/root/DeepResearcher/data/train.parquet', 'data.max_prompt_length=512', 'data.max_response_length=512', 'data.train_batch_size=512', '+data.num_workers=0', 'algorithm.adv_estimator=drgrpo', 'algorithm.kl_penalty=kl', 'algorithm.kl_ctrl.type=fixed', 'algorithm.kl_ctrl.kl_coef=0.001', 'algorithm.gamma=1.0', 'algorithm.lam=1.0', 'trainer.total_training_steps=30', 'trainer.experiment_name=exp03_lora_rank64_alpha16', "trainer.logger=['console','swanlab']", 'trainer.save_freq=500', 'trainer.test_freq=100', '+trainer.val_before_train=false', 'trainer.nnodes=1', 'trainer.n_gpus_per_node=1', 'max_turns=6', 'do_search=true', 'agent_grpo.n=2', 'search_engine=searxng', 'reward_model.reward_manager=naive', 'reward_model.use_pbrs=false', 'reward_model.use_curriculum=false', 'reward_model.use_query_monitoring=false', 'algorithm.entropy_bonus_coef=0.0']
Traceback (most recent call last):
  File "/root/DeepResearcher/verl/trainer/main_ppo.py", line 168, in <module>
    main()
  File "/root/miniconda3/lib/python3.12/site-packages/hydra/main.py", line 94, in decorated_main
    _run_hydra(
  File "/root/miniconda3/lib/python3.12/site-packages/hydra/_internal/utils.py", line 394, in _run_hydra
    _run_app(
  File "/root/miniconda3/lib/python3.12/site-packages/hydra/_internal/utils.py", line 457, in _run_app
    run_and_report(
  File "/root/miniconda3/lib/python3.12/site-packages/hydra/_internal/utils.py", line 223, in run_and_report
    raise ex
  File "/root/miniconda3/lib/python3.12/site-packages/hydra/_internal/utils.py", line 220, in run_and_report
    return func()
           ^^^^^^
  File "/root/miniconda3/lib/python3.12/site-packages/hydra/_internal/utils.py", line 458, in <lambda>
    lambda: hydra.run(
            ^^^^^^^^^^
  File "/root/miniconda3/lib/python3.12/site-packages/hydra/_internal/hydra.py", line 132, in run
    _ = ret.return_value
        ^^^^^^^^^^^^^^^^
  File "/root/miniconda3/lib/python3.12/site-packages/hydra/core/utils.py", line 260, in return_value
    raise self._return_value
  File "/root/miniconda3/lib/python3.12/site-packages/hydra/core/utils.py", line 186, in run_job
    ret.return_value = task_function(task_cfg)
                       ^^^^^^^^^^^^^^^^^^^^^^^
  File "/root/DeepResearcher/verl/trainer/main_ppo.py", line 26, in main
    run_ppo(config)
  File "/root/DeepResearcher/verl/trainer/main_ppo.py", line 34, in run_ppo
    ray.get(main_task.remote(config, compute_score))
  File "/root/miniconda3/lib/python3.12/site-packages/ray/_private/auto_init_hook.py", line 22, in auto_init_wrapper
    return fn(*args, **kwargs)
           ^^^^^^^^^^^^^^^^^^^
  File "/root/miniconda3/lib/python3.12/site-packages/ray/_private/client_mode_hook.py", line 107, in wrapper
    return func(*args, **kwargs)
           ^^^^^^^^^^^^^^^^^^^^^
  File "/root/miniconda3/lib/python3.12/site-packages/ray/_private/worker.py", line 2980, in get
    values, debugger_breakpoint = worker.get_objects(
                                  ^^^^^^^^^^^^^^^^^^^
  File "/root/miniconda3/lib/python3.12/site-packages/ray/_private/worker.py", line 1023, in get_objects
    raise value.as_instanceof_cause()
ray.exceptions.RayTaskError(NotImplementedError): [36mray::main_task()[39m (pid=42627, ip=172.17.0.6)
  File "/root/DeepResearcher/verl/trainer/main_ppo.py", line 164, in main_task
    trainer.fit()
  File "/root/DeepResearcher/verl/trainer/ppo/ray_trainer.py", line 1122, in fit
    gen_str_list, gen_batch_output = generation_manager.run_llm_loop(
                                     ^^^^^^^^^^^^^^^^^^^^^^^^^^^^^^^^
  File "/root/DeepResearcher/scrl/llm_agent/generation.py", line 463, in run_llm_loop
    gen_output = self._generate_with_gpu_padding(rollings_active)
                 ^^^^^^^^^^^^^^^^^^^^^^^^^^^^^^^^^^^^^^^^^^^^^^^^
  File "/root/DeepResearcher/scrl/llm_agent/generation.py", line 307, in _generate_with_gpu_padding
    return self.actor_rollout_wg.generate_sequences(active_batch)
           ^^^^^^^^^^^^^^^^^^^^^^^^^^^^^^^^^^^^^^^^^^^^^^^^^^^^^^
  File "/root/DeepResearcher/verl/single_controller/ray/base.py", line 42, in func
    output = ray.get(output)
             ^^^^^^^^^^^^^^^
           ^^^^^^^^^^^^^^^^^^^
           ^^^^^^^^^^^^^^^^^^^^^
                                  ^^^^^^^^^^^^^^^^^^^
ray.exceptions.RayTaskError(NotImplementedError): [36mray::WorkerDict.actor_rollout_generate_sequences()[39m (pid=42753, ip=172.17.0.6, actor_id=2472c9a5cde311532ca8949f01000000, repr=<verl.single_controller.ray.base.WorkerDict object at 0x7fd9796a4290>)
           ^^^^^^^^^^^^^^^^^^^^^^^^^^^^^^^^^^^^
           ^^^^^^^^^^^^^^^^^^^^^^^^^^^^^^^
  File "/root/DeepResearcher/verl/single_controller/ray/base.py", line 399, in func
    return getattr(self.worker_dict[key], name)(*args, **kwargs)
           ^^^^^^^^^^^^^^^^^^^^^^^^^^^^^^^^^^^^^^^^^^^^^^^^^^^^^
  File "/root/DeepResearcher/verl/single_controller/base/decorator.py", line 404, in inner
    return func(*args, **kwargs)
           ^^^^^^^^^^^^^^^^^^^^^
  File "/root/DeepResearcher/verl/workers/fsdp_workers.py", line 538, in generate_sequences
    with self.rollout_sharding_manager:
  File "/root/DeepResearcher/verl/workers/sharding_manager/fsdp_vllm.py", line 87, in __enter__
    raise NotImplementedError(f'load_format {load_format} not implemented')
NotImplementedError: load_format hf not implemented
2026-05-25 14:44:52,319	WARNING utils.py:461 -- Detecting docker specified CPUs. In previous versions of Ray, CPU detection in containers was incorrect. Please ensure that Ray has enough CPUs allocated. As a temporary workaround to revert to the prior behavior, set `RAY_USE_MULTIPROCESSING_CPU_COUNT=1` as an env var before starting Ray. Set the env var: `RAY_DISABLE_DOCKER_CPU_WARNING=1` to mute this warning.
2026-05-25 14:44:55,589	INFO worker.py:2012 -- Started a local Ray instance.
/root/miniconda3/lib/python3.12/site-packages/ray/_private/worker.py:2051: FutureWarning: Tip: In future versions of Ray, Ray will no longer override accelerator visible devices env var if num_gpus=0 or num_gpus=None (default). To enable this behavior and turn off this error message, set RAY_ACCEL_ENV_VAR_OVERRIDE_ON_ZERO=0
  warnings.warn(
[36m(main_task pid=45164)[0m {'actor_rollout_ref': {'actor': {'clip_ratio': 0.2,
[36m(main_task pid=45164)[0m                                  'entropy_coeff': 0.001,
[36m(main_task pid=45164)[0m                                  'fsdp_config': {'fsdp_size': -1,
[36m(main_task pid=45164)[0m                                                  'model_dtype': 'bf16',
[36m(main_task pid=45164)[0m                                                  'optimizer_offload': False,
[36m(main_task pid=45164)[0m                                                  'param_offload': False,
[36m(main_task pid=45164)[0m                                                  'wrap_policy': {'min_num_params': 0}},
[36m(main_task pid=45164)[0m                                  'grad_clip': 1.0,
[36m(main_task pid=45164)[0m                                  'kl_loss_coef': 0.001,
[36m(main_task pid=45164)[0m                                  'kl_loss_type': 'low_var_kl',
[36m(main_task pid=45164)[0m                                  'optim': {'lr': 1e-06,
[36m(main_task pid=45164)[0m                                            'lr_warmup_steps_ratio': 0.0,
[36m(main_task pid=45164)[0m                                            'min_lr_ratio': None,
[36m(main_task pid=45164)[0m                                            'total_training_steps': -1,
[36m(main_task pid=45164)[0m                                            'warmup_style': 'constant'},
[36m(main_task pid=45164)[0m                                  'ppo_epochs': 1,
[36m(main_task pid=45164)[0m                                  'ppo_max_token_len_per_gpu': 8192,
[36m(main_task pid=45164)[0m                                  'ppo_micro_batch_size': None,
[36m(main_task pid=45164)[0m                                  'ppo_micro_batch_size_per_gpu': None,
[36m(main_task pid=45164)[0m                                  'ppo_mini_batch_size': 256,
[36m(main_task pid=45164)[0m                                  'shuffle': False,
[36m(main_task pid=45164)[0m                                  'strategy': 'fsdp',
[36m(main_task pid=45164)[0m                                  'ulysses_sequence_parallel_size': 1,
[36m(main_task pid=45164)[0m                                  'use_dynamic_bsz': True,
[36m(main_task pid=45164)[0m                                  'use_kl_loss': True},
[36m(main_task pid=45164)[0m                        'hybrid_engine': True,
[36m(main_task pid=45164)[0m                        'model': {'enable_gradient_checkpointing': True,
[36m(main_task pid=45164)[0m                                  'external_lib': None,
[36m(main_task pid=45164)[0m                                  'lora_alpha': 16,
[36m(main_task pid=45164)[0m                                  'lora_dropout': 0.0,
[36m(main_task pid=45164)[0m                                  'lora_rank': 64,
[36m(main_task pid=45164)[0m                                  'override_config': {},
[36m(main_task pid=45164)[0m                                  'path': '/root/autodl-tmp/models/Qwen/Qwen2.5-3B-Instruct',
[36m(main_task pid=45164)[0m                                  'use_lora': True,
[36m(main_task pid=45164)[0m                                  'use_remove_padding': True},
[36m(main_task pid=45164)[0m                        'ref': {'fsdp_config': {'param_offload': True,
[36m(main_task pid=45164)[0m                                                'wrap_policy': {'min_num_params': 0}},
[36m(main_task pid=45164)[0m                                'log_prob_max_token_len_per_gpu': 8192,
[36m(main_task pid=45164)[0m                                'log_prob_micro_batch_size': None,
[36m(main_task pid=45164)[0m                                'log_prob_micro_batch_size_per_gpu': None,
[36m(main_task pid=45164)[0m                                'log_prob_use_dynamic_bsz': True,
[36m(main_task pid=45164)[0m                                'ulysses_sequence_parallel_size': 1},
[36m(main_task pid=45164)[0m                        'rollout': {'disable_log_stats': True,
[36m(main_task pid=45164)[0m                                    'do_sample': True,
[36m(main_task pid=45164)[0m                                    'dtype': 'bfloat16',
[36m(main_task pid=45164)[0m                                    'enable_chunked_prefill': True,
[36m(main_task pid=45164)[0m                                    'enforce_eager': True,
[36m(main_task pid=45164)[0m                                    'free_cache_engine': True,
[36m(main_task pid=45164)[0m                                    'gpu_memory_utilization': 0.3,
[36m(main_task pid=45164)[0m                                    'ignore_eos': False,
[36m(main_task pid=45164)[0m                                    'load_format': 'dummy_dtensor',
[36m(main_task pid=45164)[0m                                    'log_prob_max_token_len_per_gpu': 8192,
[36m(main_task pid=45164)[0m                                    'log_prob_micro_batch_size': None,
[36m(main_task pid=45164)[0m                                    'log_prob_micro_batch_size_per_gpu': None,
[36m(main_task pid=45164)[0m                                    'log_prob_use_dynamic_bsz': True,
[36m(main_task pid=45164)[0m                                    'max_model_len': 2048,
[36m(main_task pid=45164)[0m                                    'max_num_batched_tokens': 2048,
[36m(main_task pid=45164)[0m                                    'max_num_seqs': 1024,
[36m(main_task pid=45164)[0m                                    'n': 1,
[36m(main_task pid=45164)[0m                                    'name': 'vllm',
[36m(main_task pid=45164)[0m                                    'prompt_length': 512,
[36m(main_task pid=45164)[0m                                    'response_length': 512,
[36m(main_task pid=45164)[0m                                    'temperature': 1.0,
[36m(main_task pid=45164)[0m                                    'tensor_model_parallel_size': 1,
[36m(main_task pid=45164)[0m                                    'top_k': -1,
[36m(main_task pid=45164)[0m                                    'top_p': 1,
[36m(main_task pid=45164)[0m                                    'use_fire_sampling': False}},
[36m(main_task pid=45164)[0m  'agent_grpo': {'n': 2},
[36m(main_task pid=45164)[0m  'algorithm': {'adv_estimator': 'drgrpo',
[36m(main_task pid=45164)[0m                'entropy_bonus_coef': 0.0,
[36m(main_task pid=45164)[0m                'gamma': 1.0,
[36m(main_task pid=45164)[0m                'kl_ctrl': {'kl_coef': 0.001, 'type': 'fixed'},
[36m(main_task pid=45164)[0m                'kl_penalty': 'kl',
[36m(main_task pid=45164)[0m                'lam': 1.0},
[36m(main_task pid=45164)[0m  'critic': {'cliprange_value': 0.5,
[36m(main_task pid=45164)[0m             'forward_max_token_len_per_gpu': 32768,
[36m(main_task pid=45164)[0m             'forward_micro_batch_size': None,
[36m(main_task pid=45164)[0m             'forward_micro_batch_size_per_gpu': None,
[36m(main_task pid=45164)[0m             'grad_clip': 1.0,
[36m(main_task pid=45164)[0m             'model': {'enable_gradient_checkpointing': True,
[36m(main_task pid=45164)[0m                       'external_lib': None,
[36m(main_task pid=45164)[0m                       'fsdp_config': {'fsdp_size': -1,
[36m(main_task pid=45164)[0m                                       'optimizer_offload': False,
[36m(main_task pid=45164)[0m                                       'param_offload': False,
[36m(main_task pid=45164)[0m                                       'wrap_policy': {'min_num_params': 0}},
[36m(main_task pid=45164)[0m                       'override_config': {},
[36m(main_task pid=45164)[0m                       'path': '/root/autodl-tmp/models/Qwen/Qwen2.5-3B-Instruct',
[36m(main_task pid=45164)[0m                       'tokenizer_path': '/root/autodl-tmp/models/Qwen/Qwen2.5-3B-Instruct',
[36m(main_task pid=45164)[0m                       'use_remove_padding': True},
[36m(main_task pid=45164)[0m             'optim': {'lr': 1e-05,
[36m(main_task pid=45164)[0m W0525 14:45:04.307000 45164 site-packages/torch/utils/cpp_extension.py:140] No CUDA runtime is found, using CUDA_HOME='/usr/local/cuda'
[36m(main_task pid=45164)[0m                       'lr_warmup_steps_ratio': 0.0,
[36m(main_task pid=45164)[0m                       'min_lr_ratio': None,
[36m(main_task pid=45164)[0m                       'total_training_steps': -1,
[36m(main_task pid=45164)[0m                       'warmup_style': 'constant'},
[36m(main_task pid=45164)[0m             'ppo_epochs': 1,
[36m(main_task pid=45164)[0m             'ppo_max_token_len_per_gpu': 32768,
[36m(main_task pid=45164)[0m             'ppo_micro_batch_size': None,
[36m(main_task pid=45164)[0m             'ppo_micro_batch_size_per_gpu': None,
[36m(main_task pid=45164)[0m             'ppo_mini_batch_size': 256,
[36m(main_task pid=45164)[0m             'shuffle': False,
[36m(main_task pid=45164)[0m             'strategy': 'fsdp',
[36m(main_task pid=45164)[0m             'ulysses_sequence_parallel_size': 1,
[36m(main_task pid=45164)[0m             'use_dynamic_bsz': True},
[36m(main_task pid=45164)[0m  'data': {'data_writing_file': './signal/data.json',
[36m(main_task pid=45164)[0m           'image_key': 'images',
[36m(main_task pid=45164)[0m           'max_prompt_length': 512,
[36m(main_task pid=45164)[0m           'max_response_length': 512,
[36m(main_task pid=45164)[0m           'n_gpus_per_node': 8,
[36m(main_task pid=45164)[0m           'num_workers': 0,
[36m(main_task pid=45164)[0m           'prompt_key': 'prompt',
[36m(main_task pid=45164)[0m           'query_signal': 1,
[36m(main_task pid=45164)[0m           'response_signal': 0,
[36m(main_task pid=45164)[0m           'return_raw_chat': False,
[36m(main_task pid=45164)[0m           'return_raw_input_ids': False,
[36m(main_task pid=45164)[0m           'shuffle': True,
[36m(main_task pid=45164)[0m           'signal_writing_file': './signal/signal.json',
[36m(main_task pid=45164)[0m           'tokenizer': None,
[36m(main_task pid=45164)[0m           'train_batch_size': 512,
[36m(main_task pid=45164)[0m           'train_files': '/root/DeepResearcher/data/train.parquet',
[36m(main_task pid=45164)[0m           'val_batch_size': None,
[36m(main_task pid=45164)[0m           'val_files': '~/data/rlhf/gsm8k/test.parquet'},
[36m(main_task pid=45164)[0m  'do_search': True,
[36m(main_task pid=45164)[0m  'max_turns': 6,
[36m(main_task pid=45164)[0m  'reward_model': {'curriculum_bonus_coef': 0.05,
[36m(main_task pid=45164)[0m                   'curriculum_end_turn': 5,
[36m(main_task pid=45164)[0m                   'curriculum_start_turn': 2,
[36m(main_task pid=45164)[0m                   'early_stop_penalty_coef': 0.05,
[36m(main_task pid=45164)[0m                   'enable': False,
[36m(main_task pid=45164)[0m                   'forward_max_token_len_per_gpu': 32768,
[36m(main_task pid=45164)[0m                   'max_length': None,
[36m(main_task pid=45164)[0m                   'micro_batch_size': None,
[36m(main_task pid=45164)[0m                   'micro_batch_size_per_gpu': None,
[36m(main_task pid=45164)[0m                   'model': {'external_lib': None,
[36m(main_task pid=45164)[0m                             'fsdp_config': {'fsdp_size': -1,
[36m(main_task pid=45164)[0m                                             'min_num_params': 0,
[36m(main_task pid=45164)[0m                                             'param_offload': False},
[36m(main_task pid=45164)[0m                             'input_tokenizer': '/root/autodl-tmp/models/Qwen/Qwen2.5-3B-Instruct',
[36m(main_task pid=45164)[0m                             'path': '~/models/FsfairX-LLaMA3-RM-v0.1',
[36m(main_task pid=45164)[0m                             'use_remove_padding': True},
[36m(main_task pid=45164)[0m                   'pbrs_gamma': 0.5,
[36m(main_task pid=45164)[0m                   'query_repetition_penalty_coef': 0.05,
[36m(main_task pid=45164)[0m                   'reward_manager': 'naive',
[36m(main_task pid=45164)[0m                   'strategy': 'fsdp',
[36m(main_task pid=45164)[0m                   'ulysses_sequence_parallel_size': 2,
[36m(main_task pid=45164)[0m                   'use_curriculum': False,
[36m(main_task pid=45164)[0m                   'use_dynamic_bsz': True,
[36m(main_task pid=45164)[0m                   'use_pbrs': False,
[36m(main_task pid=45164)[0m                   'use_query_monitoring': False},
[36m(main_task pid=45164)[0m  'search_engine': 'searxng',
[36m(main_task pid=45164)[0m  'trainer': {'critic_warmup': 0,
[36m(main_task pid=45164)[0m              'default_hdfs_dir': None,
[36m(main_task pid=45164)[0m              'default_local_dir': './ckpts/verl_examples/exp03_lora_rank64_alpha16',
[36m(main_task pid=45164)[0m              'del_local_ckpt_after_load': False,
[36m(main_task pid=45164)[0m              'experiment_name': 'exp03_lora_rank64_alpha16',
[36m(main_task pid=45164)[0m              'logger': ['console', 'swanlab'],
[36m(main_task pid=45164)[0m              'n_gpus_per_node': 1,
[36m(main_task pid=45164)[0m              'nnodes': 1,
[36m(main_task pid=45164)[0m              'project_name': 'verl_examples',
[36m(main_task pid=45164)[0m              'remove_previous_ckpt_in_save': False,
[36m(main_task pid=45164)[0m              'resume_from_path': False,
[36m(main_task pid=45164)[0m              'resume_mode': 'auto',
[36m(main_task pid=45164)[0m              'save_freq': 500,
[36m(main_task pid=45164)[0m              'test_freq': 100,
[36m(main_task pid=45164)[0m              'total_epochs': 30,
[36m(main_task pid=45164)[0m              'total_training_steps': 30,
[36m(main_task pid=45164)[0m              'val_before_train': False,
[36m(main_task pid=45164)[0m              'val_generations_to_log_to_wandb': 0}}
[36m(main_task pid=45164)[0m update signal file finish!
[36m(main_task pid=45164)[0m [validate_config] All configuration checks passed successfully!
[36m(main_task pid=45164)[0m original dataset len: 80000
[36m(main_task pid=45164)[0m filter dataset len: 80000
[36m(main_task pid=45164)[0m original dataset len: 3197
[36m(main_task pid=45164)[0m filter dataset len: 3197
[36m(main_task pid=45164)[0m Size of train dataloader: 156
[36m(main_task pid=45164)[0m Total training steps: 30
[36m(WorkerDict pid=45290)[0m Model config after override: Qwen2Config {
[36m(WorkerDict pid=45290)[0m   "architectures": [
[36m(WorkerDict pid=45290)[0m     "Qwen2ForCausalLM"
[36m(WorkerDict pid=45290)[0m   ],
[36m(WorkerDict pid=45290)[0m   "attention_dropout": 0.0,
[36m(WorkerDict pid=45290)[0m   "bos_token_id": null,
[36m(WorkerDict pid=45290)[0m   "dtype": "bfloat16",
[36m(WorkerDict pid=45290)[0m   "eos_token_id": 151645,
[36m(WorkerDict pid=45290)[0m   "hidden_act": "silu",
[36m(WorkerDict pid=45290)[0m   "hidden_size": 2048,
[36m(WorkerDict pid=45290)[0m   "initializer_range": 0.02,
[36m(WorkerDict pid=45290)[0m   "intermediate_size": 11008,
[36m(WorkerDict pid=45290)[0m   "layer_types": [
[36m(WorkerDict pid=45290)[0m     "full_attention",
[36m(WorkerDict pid=45290)[0m     "full_attention",
[36m(WorkerDict pid=45290)[0m     "full_attention",
[36m(WorkerDict pid=45290)[0m     "full_attention",
[36m(WorkerDict pid=45290)[0m     "full_attention",
[36m(WorkerDict pid=45290)[0m     "full_attention",
[36m(WorkerDict pid=45290)[0m     "full_attention",
[36m(WorkerDict pid=45290)[0m     "full_attention",
[36m(WorkerDict pid=45290)[0m     "full_attention",
[36m(WorkerDict pid=45290)[0m     "full_attention",
[36m(WorkerDict pid=45290)[0m     "full_attention",
[36m(WorkerDict pid=45290)[0m     "full_attention",
[36m(WorkerDict pid=45290)[0m     "full_attention",
[36m(WorkerDict pid=45290)[0m     "full_attention",
[36m(WorkerDict pid=45290)[0m     "full_attention",
[36m(WorkerDict pid=45290)[0m     "full_attention",
[36m(WorkerDict pid=45290)[0m     "full_attention",
[36m(WorkerDict pid=45290)[0m     "full_attention",
[36m(WorkerDict pid=45290)[0m     "full_attention",
[36m(WorkerDict pid=45290)[0m     "full_attention",
[36m(WorkerDict pid=45290)[0m     "full_attention",
[36m(WorkerDict pid=45290)[0m Loading weights:   0%|          | 0/434 [00:00<?, ?it/s]Loading weights: 100%|██████████| 434/434 [00:00<00:00, 9334.34it/s]
[36m(WorkerDict pid=45290)[0m /root/miniconda3/lib/python3.12/site-packages/torch/distributed/c10d_logger.py:83: UserWarning: barrier(): using the device under current context. You can specify `device_id` in `init_process_group` to mute this warning.
[36m(WorkerDict pid=45290)[0m   return func(*args, **kwargs)
[36m(WorkerDict pid=45290)[0m [rank0]:[W525 14:45:25.818809373 ProcessGroupNCCL.cpp:5188] Guessing device ID based on global rank. This can cause a hang if rank to GPU mapping is heterogeneous. You can specify device_id in init_process_group()
[36m(WorkerDict pid=45290)[0m /root/miniconda3/lib/python3.12/site-packages/torch/distributed/fsdp/fully_sharded_data_parallel.py:478: UserWarning: FSDP is switching to use `NO_SHARD` instead of ShardingStrategy.FULL_SHARD since the world size is 1.
[36m(WorkerDict pid=45290)[0m   _init_core_state(
[36m(WorkerDict pid=45290)[0m Loading weights:   0%|          | 0/434 [00:00<?, ?it/s]
[36m(WorkerDict pid=45290)[0m Loading weights: 100%|██████████| 434/434 [00:00<00:00, 10600.56it/s]
[36m(WorkerDict pid=45290)[0m /root/miniconda3/lib/python3.12/site-packages/torch/distributed/c10d_logger.py:83: UserWarning: barrier(): using the device under current context. You can specify `device_id` in `init_process_group` to mute this warning.
[36m(WorkerDict pid=45290)[0m   return func(*args, **kwargs)
[36m(WorkerDict pid=45290)[0m /root/miniconda3/lib/python3.12/site-packages/torch/distributed/fsdp/fully_sharded_data_parallel.py:478: UserWarning: FSDP is switching to use `NO_SHARD` instead of ShardingStrategy.FULL_SHARD since the world size is 1.
[36m(WorkerDict pid=45290)[0m   _init_core_state(
[36m(WorkerDict pid=45290)[0m     "full_attention",
[36m(WorkerDict pid=45290)[0m     "full_attention",
[36m(WorkerDict pid=45290)[0m     "full_attention",
[36m(WorkerDict pid=45290)[0m     "full_attention",
[36m(WorkerDict pid=45290)[0m     "full_attention",
[36m(WorkerDict pid=45290)[0m     "full_attention",
[36m(WorkerDict pid=45290)[0m     "full_attention",
[36m(WorkerDict pid=45290)[0m     "full_attention",
[36m(WorkerDict pid=45290)[0m     "full_attention",
[36m(WorkerDict pid=45290)[0m     "full_attention",
[36m(WorkerDict pid=45290)[0m     "full_attention",
[36m(WorkerDict pid=45290)[0m     "full_attention",
[36m(WorkerDict pid=45290)[0m     "full_attention",
[36m(WorkerDict pid=45290)[0m     "full_attention",
[36m(WorkerDict pid=45290)[0m     "full_attention"
[36m(WorkerDict pid=45290)[0m   ],
[36m(WorkerDict pid=45290)[0m   "max_position_embeddings": 32768,
[36m(WorkerDict pid=45290)[0m   "max_window_layers": 70,
[36m(WorkerDict pid=45290)[0m   "model_type": "qwen2",
[36m(WorkerDict pid=45290)[0m   "num_attention_heads": 16,
[36m(WorkerDict pid=45290)[0m   "num_hidden_layers": 36,
[36m(WorkerDict pid=45290)[0m   "num_key_value_heads": 2,
[36m(WorkerDict pid=45290)[0m   "pad_token_id": 151643,
[36m(WorkerDict pid=45290)[0m   "rms_norm_eps": 1e-06,
[36m(WorkerDict pid=45290)[0m   "rope_parameters": {
[36m(WorkerDict pid=45290)[0m     "rope_theta": 1000000.0,
[36m(WorkerDict pid=45290)[0m     "rope_type": "default"
[36m(WorkerDict pid=45290)[0m   },
[36m(WorkerDict pid=45290)[0m   "sliding_window": null,
[36m(WorkerDict pid=45290)[0m   "tie_word_embeddings": true,
[36m(WorkerDict pid=45290)[0m   "transformers_version": "5.9.0",
[36m(WorkerDict pid=45290)[0m   "use_cache": true,
[36m(WorkerDict pid=45290)[0m   "use_sliding_window": false,
[36m(WorkerDict pid=45290)[0m   "vocab_size": 151936
[36m(WorkerDict pid=45290)[0m }
[36m(WorkerDict pid=45290)[0m 
[36m(WorkerDict pid=45290)[0m Qwen2ForCausalLM contains 3.09B parameters
[36m(WorkerDict pid=45290)[0m wrap_policy: functools.partial(<function _or_policy at 0x7fb3e915b1a0>, policies=[functools.partial(<function transformer_auto_wrap_policy at 0x7fb3e915b060>, transformer_layer_cls={<class 'transformers.models.qwen2.modeling_qwen2.Qwen2DecoderLayer'>})])
[36m(WorkerDict pid=45290)[0m Actor use_remove_padding=True
[36m(WorkerDict pid=45290)[0m Model config after override: Qwen2Config {
[36m(WorkerDict pid=45290)[0m   "architectures": [
[36m(WorkerDict pid=45290)[0m     "Qwen2ForCausalLM"
[36m(WorkerDict pid=45290)[0m   ],
[36m(WorkerDict pid=45290)[0m   "attention_dropout": 0.0,
[36m(WorkerDict pid=45290)[0m   "bos_token_id": null,
[36m(WorkerDict pid=45290)[0m   "dtype": "bfloat16",
[36m(WorkerDict pid=45290)[0m   "eos_token_id": 151645,
[36m(WorkerDict pid=45290)[0m   "hidden_act": "silu",
[36m(WorkerDict pid=45290)[0m   "hidden_size": 2048,
[36m(WorkerDict pid=45290)[0m   "initializer_range": 0.02,
[36m(WorkerDict pid=45290)[0m   "intermediate_size": 11008,
[36m(WorkerDict pid=45290)[0m   "layer_types": [
[36m(WorkerDict pid=45290)[0m     "full_attention",
[36m(WorkerDict pid=45290)[0m     "full_attention",
[36m(WorkerDict pid=45290)[0m     "full_attention",
[36m(WorkerDict pid=45290)[0m     "full_attention",
[36m(WorkerDict pid=45290)[0m     "full_attention",
[36m(WorkerDict pid=45290)[0m     "full_attention",
[36m(WorkerDict pid=45290)[0m     "full_attention",
[36m(WorkerDict pid=45290)[0m     "full_attention",
[36m(WorkerDict pid=45290)[0m     "full_attention",
[36m(WorkerDict pid=45290)[0m     "full_attention",
[36m(WorkerDict pid=45290)[0m     "full_attention",
[36m(WorkerDict pid=45290)[0m     "full_attention",
[36m(WorkerDict pid=45290)[0m     "full_attention",
[36m(WorkerDict pid=45290)[0m     "full_attention",
[36m(WorkerDict pid=45290)[0m     "full_attention",
[36m(WorkerDict pid=45290)[0m     "full_attention",
[36m(WorkerDict pid=45290)[0m     "full_attention",
[36m(WorkerDict pid=45290)[0m     "full_attention",
[36m(WorkerDict pid=45290)[0m     "full_attention",
[36m(WorkerDict pid=45290)[0m     "full_attention",
[36m(WorkerDict pid=45290)[0m     "full_attention",
[36m(WorkerDict pid=45290)[0m     "full_attention",
[36m(WorkerDict pid=45290)[0m     "full_attention",
[36m(WorkerDict pid=45290)[0m     "full_attention",
[36m(WorkerDict pid=45290)[0m     "full_attention",
[36m(WorkerDict pid=45290)[0m     "full_attention",
[36m(WorkerDict pid=45290)[0m     "full_attention",
[36m(WorkerDict pid=45290)[0m     "full_attention",
[36m(WorkerDict pid=45290)[0m     "full_attention",
[36m(WorkerDict pid=45290)[0m     "full_attention",
[36m(WorkerDict pid=45290)[0m     "full_attention",
[36m(WorkerDict pid=45290)[0m     "full_attention",
[36m(WorkerDict pid=45290)[0m     "full_attention",
[36m(WorkerDict pid=45290)[0m     "full_attention",
[36m(WorkerDict pid=45290)[0m     "full_attention",
[36m(WorkerDict pid=45290)[0m     "full_attention"
[36m(WorkerDict pid=45290)[0m   ],
[36m(WorkerDict pid=45290)[0m   "max_position_embeddings": 32768,
[36m(WorkerDict pid=45290)[0m   "max_window_layers": 70,
[36m(WorkerDict pid=45290)[0m   "model_type": "qwen2",
[36m(WorkerDict pid=45290)[0m   "num_attention_heads": 16,
[36m(WorkerDict pid=45290)[0m   "num_hidden_layers": 36,
[36m(WorkerDict pid=45290)[0m   "num_key_value_heads": 2,
[36m(WorkerDict pid=45290)[0m   "pad_token_id": 151643,
[36m(WorkerDict pid=45290)[0m   "rms_norm_eps": 1e-06,
[36m(WorkerDict pid=45290)[0m   "rope_parameters": {
[36m(WorkerDict pid=45290)[0m     "rope_theta": 1000000.0,
[36m(WorkerDict pid=45290)[0m     "rope_type": "default"
[36m(WorkerDict pid=45290)[0m   },
[36m(WorkerDict pid=45290)[0m   "sliding_window": null,
[36m(WorkerDict pid=45290)[0m   "tie_word_embeddings": true,
[36m(WorkerDict pid=45290)[0m   "transformers_version": "5.9.0",
[36m(WorkerDict pid=45290)[0m   "use_cache": true,
[36m(WorkerDict pid=45290)[0m   "use_sliding_window": false,
[36m(WorkerDict pid=45290)[0m   "vocab_size": 151936
[36m(WorkerDict pid=45290)[0m }
[36m(WorkerDict pid=45290)[0m 
[36m(WorkerDict pid=45290)[0m trainable params: 29,491,200 || all params: 3,115,429,888 || trainable%: 0.9466
[36m(WorkerDict pid=45290)[0m [LoRA] Injected LoRA adapters: rank=64, alpha=16
[36m(WorkerDict pid=45290)[0m PeftModelForCausalLM contains 3.12B parameters
[36m(WorkerDict pid=45290)[0m wrap_policy: functools.partial(<function _or_policy at 0x7fb3e915b1a0>, policies=[functools.partial(<function lambda_auto_wrap_policy at 0x7fb3e915ab60>, lambda_fn=<function get_fsdp_wrap_policy.<locals>.lambda_policy_fn at 0x7fb15c732ca0>), functools.partial(<function transformer_auto_wrap_policy at 0x7fb3e915b060>, transformer_layer_cls={<class 'transformers.models.qwen2.modeling_qwen2.Qwen2DecoderLayer'>})])
[36m(WorkerDict pid=45290)[0m Total steps: 30, num_warmup_steps: 0
[36m(WorkerDict pid=45290)[0m Actor use_remove_padding=True
[36m(WorkerDict pid=45290)[0m Before building vllm rollout, memory allocated (GB): 11.676271915435791, memory reserved (GB): 12.408203125
[36m(WorkerDict pid=45290)[0m INFO 05-25 14:45:33 [utils.py:240] non-default args: {'dtype': 'bfloat16', 'max_model_len': 1024, 'distributed_executor_backend': 'external_launcher', 'enable_prefix_caching': True, 'gpu_memory_utilization': 0.3, 'max_num_batched_tokens': 2048, 'disable_log_stats': True, 'enforce_eager': True, 'disable_custom_all_reduce': True, 'enable_chunked_prefill': True, 'enable_sleep_mode': True, 'model': '/root/autodl-tmp/models/Qwen/Qwen2.5-3B-Instruct'}
[36m(WorkerDict pid=45290)[0m INFO 05-25 14:45:33 [model.py:568] Resolved architecture: Qwen2ForCausalLM
[36m(WorkerDict pid=45290)[0m INFO 05-25 14:45:33 [model.py:1697] Using max model len 1024
[36m(WorkerDict pid=45290)[0m Loading safetensors checkpoint shards:   0% Completed | 0/2 [00:00<?, ?it/s]
[36m(WorkerDict pid=45290)[0m Loading safetensors checkpoint shards:  50% Completed | 1/2 [00:00<00:00,  1.42it/s]
[36m(WorkerDict pid=45290)[0m Loading safetensors checkpoint shards: 100% Completed | 2/2 [00:01<00:00,  1.82it/s]
[36m(WorkerDict pid=45290)[0m Loading safetensors checkpoint shards: 100% Completed | 2/2 [00:01<00:00,  1.74it/s]
[36m(WorkerDict pid=45290)[0m 
[36m(WorkerDict pid=45290)[0m /root/DeepResearcher/verl/workers/sharding_manager/fsdp_vllm.py:52: FutureWarning: FSDP.state_dict_type() and FSDP.set_state_dict_type() are being deprecated. Please use APIs, get_state_dict() and set_state_dict(), which can support different parallelisms, FSDP1, FSDP2, DDP. API doc: https://pytorch.org/docs/stable/distributed.checkpoint.html#torch.distributed.checkpoint.state_dict.get_state_dict .Tutorial: https://pytorch.org/tutorials/recipes/distributed_checkpoint_recipe.html .
[36m(WorkerDict pid=45290)[0m   FSDP.set_state_dict_type(self.module,
[36m(WorkerDict pid=45290)[0m INFO 05-25 14:45:33 [arg_utils.py:1739] Using ray runtime env (env vars redacted): {'env_vars': {'NCCL_DEBUG': '***', 'RANK': '***', 'RAY_LOCAL_RANK': '***', 'RAY_LOCAL_WORLD_SIZE': '***', 'TOKENIZERS_PARALLELISM': '***', 'WG_BACKEND': '***', 'WG_PREFIX': '***', 'WORLD_SIZE': '***'}}
[36m(WorkerDict pid=45290)[0m INFO 05-25 14:45:33 [parallel.py:769] Using external launcher for distributed inference.
[36m(WorkerDict pid=45290)[0m INFO 05-25 14:45:33 [parallel.py:829] Disabling V1 multiprocessing for external launcher.
[36m(WorkerDict pid=45290)[0m INFO 05-25 14:45:33 [scheduler.py:239] Chunked prefill is enabled with max_num_batched_tokens=2048.
[36m(WorkerDict pid=45290)[0m INFO 05-25 14:45:33 [vllm.py:886] Asynchronous scheduling is enabled.
[36m(WorkerDict pid=45290)[0m WARNING 05-25 14:45:33 [vllm.py:942] Enforce eager set, disabling torch.compile and CUDAGraphs. This is equivalent to setting -cc.mode=none -cc.cudagraph_mode=none
[36m(WorkerDict pid=45290)[0m WARNING 05-25 14:45:33 [vllm.py:960] Inductor compilation was disabled by user settings, optimizations settings that are only active during inductor compilation will be ignored.
[36m(WorkerDict pid=45290)[0m INFO 05-25 14:45:33 [kernel.py:212] Final IR op priority after setting platform defaults: IrOpPriorityConfig(rms_norm=['vllm_c', 'native'], fused_add_rms_norm=['vllm_c', 'native'])
[36m(WorkerDict pid=45290)[0m INFO 05-25 14:45:33 [vllm.py:1135] Cudagraph is disabled under eager mode
[36m(WorkerDict pid=45290)[0m INFO 05-25 14:45:33 [compilation.py:303] Enabled custom fusions: norm_quant, act_quant
[36m(WorkerDict pid=45290)[0m INFO 05-25 14:45:34 [core.py:109] Initializing a V1 LLM engine (v0.21.0) with config: model='/root/autodl-tmp/models/Qwen/Qwen2.5-3B-Instruct', speculative_config=None, tokenizer='/root/autodl-tmp/models/Qwen/Qwen2.5-3B-Instruct', skip_tokenizer_init=False, tokenizer_mode=auto, revision=None, tokenizer_revision=None, trust_remote_code=False, dtype=torch.bfloat16, max_seq_len=1024, download_dir=None, load_format=auto, tensor_parallel_size=1, pipeline_parallel_size=1, data_parallel_size=1, decode_context_parallel_size=1, dcp_comm_backend=ag_rs, disable_custom_all_reduce=True, quantization=None, quantization_config=None, enforce_eager=True, enable_return_routed_experts=False, kv_cache_dtype=auto, device_config=cuda, structured_outputs_config=StructuredOutputsConfig(backend='auto', disable_any_whitespace=False, disable_additional_properties=False, reasoning_parser='', reasoning_parser_plugin='', enable_in_reasoning=False), observability_config=ObservabilityConfig(show_hidden_metrics_for_version=None, otlp_traces_endpoint=None, collect_detailed_traces=None, kv_cache_metrics=False, kv_cache_metrics_sample=0.01, cudagraph_metrics=False, enable_layerwise_nvtx_tracing=False, enable_mfu_metrics=False, enable_mm_processor_stats=False, enable_logging_iteration_details=False), seed=0, served_model_name=/root/autodl-tmp/models/Qwen/Qwen2.5-3B-Instruct, enable_prefix_caching=True, enable_chunked_prefill=True, pooler_config=None, compilation_config={'mode': <CompilationMode.NONE: 0>, 'debug_dump_path': None, 'cache_dir': '', 'compile_cache_save_format': 'binary', 'backend': 'inductor', 'custom_ops': ['all'], 'ir_enable_torch_wrap': False, 'splitting_ops': [], 'compile_mm_encoder': False, 'cudagraph_mm_encoder': False, 'encoder_cudagraph_token_budgets': [], 'encoder_cudagraph_max_vision_items_per_batch': 0, 'encoder_cudagraph_max_frames_per_batch': None, 'compile_sizes': [], 'compile_ranges_endpoints': [2048], 'inductor_compile_config': {'enable_auto_functionalized_v2': False, 'size_asserts': False, 'alignment_asserts': False, 'scalar_asserts': False, 'combo_kernels': True, 'benchmark_combo_kernel': True}, 'inductor_passes': {}, 'cudagraph_mode': <CUDAGraphMode.NONE: 0>, 'cudagraph_num_of_warmups': 0, 'cudagraph_capture_sizes': [], 'cudagraph_copy_inputs': False, 'cudagraph_specialize_lora': True, 'use_inductor_graph_partition': False, 'pass_config': {'fuse_norm_quant': True, 'fuse_act_quant': True, 'fuse_attn_quant': False, 'enable_sp': False, 'fuse_gemm_comms': False, 'fuse_allreduce_rms': False, 'fuse_act_padding': False}, 'max_cudagraph_capture_size': 0, 'dynamic_shapes_config': {'type': <DynamicShapesType.BACKED: 'backed'>, 'evaluate_guards': False, 'assume_32_bit_indexing': False}, 'local_cache_dir': None, 'fast_moe_cold_start': False, 'static_all_moe_layers': []}, kernel_config=KernelConfig(ir_op_priority=IrOpPriorityConfig(rms_norm=['vllm_c', 'native'], fused_add_rms_norm=['vllm_c', 'native']), enable_flashinfer_autotune=False, moe_backend='auto')
[36m(WorkerDict pid=45290)[0m INFO 05-25 14:45:34 [parallel_state.py:1723] rank 0 in world size 1 is assigned as DP rank 0, PP rank 0, PCP rank 0, TP rank 0, EP rank N/A, EPLB rank N/A
[36m(WorkerDict pid=45290)[0m INFO 05-25 14:45:35 [topk_topp_sampler.py:45] Using FlashInfer for top-p & top-k sampling.
[36m(WorkerDict pid=45290)[0m INFO 05-25 14:45:35 [gpu_model_runner.py:4857] Starting to load model /root/autodl-tmp/models/Qwen/Qwen2.5-3B-Instruct...
[36m(WorkerDict pid=45290)[0m INFO 05-25 14:45:35 [cuda.py:372] Using FLASH_ATTN attention backend out of potential backends: ['FLASH_ATTN', 'FLASHINFER', 'TRITON_ATTN', 'FLEX_ATTENTION'].
[36m(WorkerDict pid=45290)[0m INFO 05-25 14:45:35 [flash_attn.py:641] Using FlashAttention version 2
[36m(WorkerDict pid=45290)[0m INFO 05-25 14:45:35 [weight_utils.py:938] Filesystem type for checkpoints: XFS. Checkpoint size: 5.75 GiB. Available RAM: 965.59 GiB.
[36m(WorkerDict pid=45290)[0m INFO 05-25 14:45:35 [weight_utils.py:961] Auto-prefetch is disabled because the filesystem (XFS) is not a recognized network FS (NFS/Lustre). If you want to force prefetching, start vLLM with --safetensors-load-strategy=prefetch.
[36m(WorkerDict pid=45290)[0m INFO 05-25 14:45:37 [default_loader.py:397] Loading weights took 1.17 seconds
[36m(WorkerDict pid=45290)[0m INFO 05-25 14:45:37 [gpu_model_runner.py:4959] Model loading took 5.79 GiB memory and 1.346452 seconds
[36m(WorkerDict pid=45290)[0m INFO 05-25 14:45:38 [gpu_worker.py:462] Available KV cache memory: 20.52 GiB
[36m(WorkerDict pid=45290)[0m INFO 05-25 14:45:38 [kv_cache_utils.py:1710] GPU KV cache size: 597,632 tokens
[36m(WorkerDict pid=45290)[0m INFO 05-25 14:45:38 [kv_cache_utils.py:1711] Maximum concurrency for 1,024 tokens per request: 583.62x
[36m(WorkerDict pid=45290)[0m INFO 05-25 14:45:39 [kernel_warmup.py:44] Skipping FlashInfer autotune because it is disabled.
[36m(WorkerDict pid=45290)[0m INFO 05-25 14:45:39 [jit_monitor.py:54] Kernel JIT monitor activated — Triton JIT compilations during inference will be logged as warnings.
[36m(WorkerDict pid=45290)[0m INFO 05-25 14:45:39 [core.py:306] init engine (profile, create kv cache, warmup model) took 1.45 s
[36m(WorkerDict pid=45290)[0m INFO 05-25 14:45:39 [block_pool.py:471] Successfully reset prefix cache
[36m(WorkerDict pid=45290)[0m INFO 05-25 14:45:42 [cumem.py:209] CuMemAllocator: sleep freed 26.41 GiB memory in total, of which 5.88 GiB is backed up in CPU and the rest 20.53 GiB is discarded directly.
[36m(WorkerDict pid=45290)[0m INFO 05-25 14:45:42 [gpu_worker.py:178] Sleep mode freed 28.13 GiB memory, 13.52 GiB memory is still in use.
[36m(WorkerDict pid=45290)[0m INFO 05-25 14:45:42 [abstract.py:331] It took 3.163861 seconds to fall asleep.
[36m(WorkerDict pid=45290)[0m kwargs: {'n': 1, 'logprobs': 0, 'max_tokens': 512, 'detokenize': False, 'temperature': 1.0, 'top_k': -1, 'top_p': 1, 'ignore_eos': False}
[36m(WorkerDict pid=45290)[0m After building vllm rollout, memory allocated (GB): 38.12354898452759, memory reserved (GB): 38.73046875
[36m(WorkerDict pid=45290)[0m After building sharding manager, memory allocated (GB): 38.12354898452759, memory reserved (GB): 38.73046875
[36m(main_task pid=45164)[0m swanlab: Tracking run with swanlab version 0.7.19
[36m(main_task pid=45164)[0m swanlab: Run data will be saved locally in 
[36m(main_task pid=45164)[0m /root/DeepResearcher/swanlog/run-20260525_144543-xj6zoz550fga1q1yyc6nx
[36m(WorkerDict pid=45290)[0m /root/miniconda3/lib/python3.12/site-packages/torch/utils/_contextlib.py:124: UserWarning: When using ``NO_SHARD`` for ``ShardingStrategy``, full_state_dict will be returned.
[36m(WorkerDict pid=45290)[0m   return func(*args, **kwargs)
[36m(main_task pid=45164)[0m swanlab: 👋 Hi Fyrgo,welcome to swanlab!
[36m(main_task pid=45164)[0m swanlab: Syncing run exp03_lora_rank64_alpha16 to the cloud
[36m(main_task pid=45164)[0m swanlab: 🏠 View project at https://swanlab.cn/@Fyrgo/verl_examples
[36m(main_task pid=45164)[0m swanlab: 🚀 View run at 
[36m(main_task pid=45164)[0m https://swanlab.cn/@Fyrgo/verl_examples/runs/xj6zoz550fga1q1yyc6nx
[36m(main_task pid=45164)[0m Using LocalLogger is deprecated. The constructor API will change 
[36m(main_task pid=45164)[0m Checkpoint tracker file does not exist: %s /root/DeepResearcher/./ckpts/verl_examples/exp03_lora_rank64_alpha16/latest_checkpointed_iteration.txt
[36m(main_task pid=45164)[0m Training from scratch
[36m(main_task pid=45164)[0m node 0 in fit function!
[36m(main_task pid=45164)[0m node 0 gains 512 datas!
[36m(main_task pid=45164)[0m node 0 step 0 start!
[36m(main_task pid=45164)[0m rollout_step_1_round_0.json 写入完成
[36m(main_task pid=45164)[0m node 0, turn 0 rollings_active is 1024 datas
[36m(main_task pid=45164)[0m swanlab: 🏠 View project at https://swanlab.cn/@Fyrgo/verl_examples
[36m(main_task pid=45164)[0m swanlab: 🚀 View run at 
[36m(main_task pid=45164)[0m https://swanlab.cn/@Fyrgo/verl_examples/runs/xj6zoz550fga1q1yyc6nx
[36m(WorkerDict pid=45290)[0m INFO 05-25 14:45:45 [abstract.py:349] It took 0.185493 seconds to wake up tags {'weights', 'kv_cache'}.
Error executing job with overrides: ['actor_rollout_ref.model.path=/root/autodl-tmp/models/Qwen/Qwen2.5-3B-Instruct', 'actor_rollout_ref.model.use_remove_padding=true', 'actor_rollout_ref.model.use_lora=true', 'actor_rollout_ref.model.lora_rank=64', 'actor_rollout_ref.model.lora_alpha=16', 'actor_rollout_ref.model.lora_dropout=0.0', '+actor_rollout_ref.actor.fsdp_config.model_dtype=bf16', 'actor_rollout_ref.actor.fsdp_config.param_offload=false', 'actor_rollout_ref.actor.fsdp_config.optimizer_offload=False', 'actor_rollout_ref.actor.ulysses_sequence_parallel_size=1', 'actor_rollout_ref.ref.fsdp_config.param_offload=true', 'actor_rollout_ref.ref.ulysses_sequence_parallel_size=1', 'actor_rollout_ref.rollout.tensor_model_parallel_size=1', 'actor_rollout_ref.rollout.gpu_memory_utilization=0.3', 'actor_rollout_ref.rollout.max_model_len=2048', 'actor_rollout_ref.rollout.max_num_batched_tokens=2048', 'critic.model.path=/root/autodl-tmp/models/Qwen/Qwen2.5-3B-Instruct', 'critic.ulysses_sequence_parallel_size=1', 'data.train_files=/root/DeepResearcher/data/train.parquet', 'data.max_prompt_length=512', 'data.max_response_length=512', 'data.train_batch_size=512', '+data.num_workers=0', 'algorithm.adv_estimator=drgrpo', 'algorithm.kl_penalty=kl', 'algorithm.kl_ctrl.type=fixed', 'algorithm.kl_ctrl.kl_coef=0.001', 'algorithm.gamma=1.0', 'algorithm.lam=1.0', 'trainer.total_training_steps=30', 'trainer.experiment_name=exp03_lora_rank64_alpha16', "trainer.logger=['console','swanlab']", 'trainer.save_freq=500', 'trainer.test_freq=100', '+trainer.val_before_train=false', 'trainer.nnodes=1', 'trainer.n_gpus_per_node=1', 'max_turns=6', 'do_search=true', 'agent_grpo.n=2', 'search_engine=searxng', 'reward_model.reward_manager=naive', 'reward_model.use_pbrs=false', 'reward_model.use_curriculum=false', 'reward_model.use_query_monitoring=false', 'algorithm.entropy_bonus_coef=0.0']
Traceback (most recent call last):
  File "/root/DeepResearcher/verl/trainer/main_ppo.py", line 168, in <module>
    main()
  File "/root/miniconda3/lib/python3.12/site-packages/hydra/main.py", line 94, in decorated_main
    _run_hydra(
  File "/root/miniconda3/lib/python3.12/site-packages/hydra/_internal/utils.py", line 394, in _run_hydra
    _run_app(
  File "/root/miniconda3/lib/python3.12/site-packages/hydra/_internal/utils.py", line 457, in _run_app
    run_and_report(
  File "/root/miniconda3/lib/python3.12/site-packages/hydra/_internal/utils.py", line 223, in run_and_report
    raise ex
  File "/root/miniconda3/lib/python3.12/site-packages/hydra/_internal/utils.py", line 220, in run_and_report
    return func()
           ^^^^^^
  File "/root/miniconda3/lib/python3.12/site-packages/hydra/_internal/utils.py", line 458, in <lambda>
    lambda: hydra.run(
            ^^^^^^^^^^
  File "/root/miniconda3/lib/python3.12/site-packages/hydra/_internal/hydra.py", line 132, in run
    _ = ret.return_value
        ^^^^^^^^^^^^^^^^
  File "/root/miniconda3/lib/python3.12/site-packages/hydra/core/utils.py", line 260, in return_value
    raise self._return_value
  File "/root/miniconda3/lib/python3.12/site-packages/hydra/core/utils.py", line 186, in run_job
    ret.return_value = task_function(task_cfg)
                       ^^^^^^^^^^^^^^^^^^^^^^^
  File "/root/DeepResearcher/verl/trainer/main_ppo.py", line 26, in main
    run_ppo(config)
  File "/root/DeepResearcher/verl/trainer/main_ppo.py", line 34, in run_ppo
    ray.get(main_task.remote(config, compute_score))
  File "/root/miniconda3/lib/python3.12/site-packages/ray/_private/auto_init_hook.py", line 22, in auto_init_wrapper
    return fn(*args, **kwargs)
           ^^^^^^^^^^^^^^^^^^^
  File "/root/miniconda3/lib/python3.12/site-packages/ray/_private/client_mode_hook.py", line 107, in wrapper
    return func(*args, **kwargs)
           ^^^^^^^^^^^^^^^^^^^^^
  File "/root/miniconda3/lib/python3.12/site-packages/ray/_private/worker.py", line 2980, in get
    values, debugger_breakpoint = worker.get_objects(
                                  ^^^^^^^^^^^^^^^^^^^
  File "/root/miniconda3/lib/python3.12/site-packages/ray/_private/worker.py", line 1023, in get_objects
    raise value.as_instanceof_cause()
ray.exceptions.RayTaskError(KeyError): [36mray::main_task()[39m (pid=45164, ip=172.17.0.6)
  File "/root/DeepResearcher/verl/trainer/main_ppo.py", line 164, in main_task
    trainer.fit()
  File "/root/DeepResearcher/verl/trainer/ppo/ray_trainer.py", line 1122, in fit
    gen_str_list, gen_batch_output = generation_manager.run_llm_loop(
                                     ^^^^^^^^^^^^^^^^^^^^^^^^^^^^^^^^
  File "/root/DeepResearcher/scrl/llm_agent/generation.py", line 463, in run_llm_loop
    gen_output = self._generate_with_gpu_padding(rollings_active)
                 ^^^^^^^^^^^^^^^^^^^^^^^^^^^^^^^^^^^^^^^^^^^^^^^^
  File "/root/DeepResearcher/scrl/llm_agent/generation.py", line 307, in _generate_with_gpu_padding
    return self.actor_rollout_wg.generate_sequences(active_batch)
           ^^^^^^^^^^^^^^^^^^^^^^^^^^^^^^^^^^^^^^^^^^^^^^^^^^^^^^
  File "/root/DeepResearcher/verl/single_controller/ray/base.py", line 42, in func
    output = ray.get(output)
             ^^^^^^^^^^^^^^^
           ^^^^^^^^^^^^^^^^^^^
           ^^^^^^^^^^^^^^^^^^^^^
                                  ^^^^^^^^^^^^^^^^^^^
ray.exceptions.RayTaskError(KeyError): [36mray::WorkerDict.actor_rollout_generate_sequences()[39m (pid=45290, ip=172.17.0.6, actor_id=884b3dd2f54f3f7811e4ef7001000000, repr=<verl.single_controller.ray.base.WorkerDict object at 0x7fb1b547c890>)
           ^^^^^^^^^^^^^^^^^^^^^^^^^^^^^^^^^^^^
           ^^^^^^^^^^^^^^^^^^^^^^^^^^^^^^^
  File "/root/DeepResearcher/verl/single_controller/ray/base.py", line 399, in func
    return getattr(self.worker_dict[key], name)(*args, **kwargs)
           ^^^^^^^^^^^^^^^^^^^^^^^^^^^^^^^^^^^^^^^^^^^^^^^^^^^^^
  File "/root/DeepResearcher/verl/single_controller/base/decorator.py", line 404, in inner
    return func(*args, **kwargs)
           ^^^^^^^^^^^^^^^^^^^^^
  File "/root/DeepResearcher/verl/workers/fsdp_workers.py", line 538, in generate_sequences
    with self.rollout_sharding_manager:
  File "/root/DeepResearcher/verl/workers/sharding_manager/fsdp_vllm.py", line 84, in __enter__
    load_dtensor_weights(
  File "/root/DeepResearcher/verl/third_party/vllm/vllm_spmd/dtensor_weight_loaders.py", line 375, in load_dtensor_weights
    weight_loader(actor_weights, vllm_model)
  File "/root/DeepResearcher/verl/third_party/vllm/vllm_spmd/dtensor_weight_loaders.py", line 182, in qwen2_dtensor_weight_loader
    param = params_dict[name]
            ~~~~~~~~~~~^^^^^^
KeyError: 'base_model.model.model.embed_tokens.weight'
2026-05-25 14:47:43,384	WARNING utils.py:461 -- Detecting docker specified CPUs. In previous versions of Ray, CPU detection in containers was incorrect. Please ensure that Ray has enough CPUs allocated. As a temporary workaround to revert to the prior behavior, set `RAY_USE_MULTIPROCESSING_CPU_COUNT=1` as an env var before starting Ray. Set the env var: `RAY_DISABLE_DOCKER_CPU_WARNING=1` to mute this warning.
2026-05-25 14:47:46,677	INFO worker.py:2012 -- Started a local Ray instance.
/root/miniconda3/lib/python3.12/site-packages/ray/_private/worker.py:2051: FutureWarning: Tip: In future versions of Ray, Ray will no longer override accelerator visible devices env var if num_gpus=0 or num_gpus=None (default). To enable this behavior and turn off this error message, set RAY_ACCEL_ENV_VAR_OVERRIDE_ON_ZERO=0
  warnings.warn(
[36m(main_task pid=47690)[0m {'actor_rollout_ref': {'actor': {'clip_ratio': 0.2,
[36m(main_task pid=47690)[0m                                  'entropy_coeff': 0.001,
[36m(main_task pid=47690)[0m                                  'fsdp_config': {'fsdp_size': -1,
[36m(main_task pid=47690)[0m                                                  'model_dtype': 'bf16',
[36m(main_task pid=47690)[0m                                                  'optimizer_offload': False,
[36m(main_task pid=47690)[0m                                                  'param_offload': False,
[36m(main_task pid=47690)[0m                                                  'wrap_policy': {'min_num_params': 0}},
[36m(main_task pid=47690)[0m                                  'grad_clip': 1.0,
[36m(main_task pid=47690)[0m                                  'kl_loss_coef': 0.001,
[36m(main_task pid=47690)[0m                                  'kl_loss_type': 'low_var_kl',
[36m(main_task pid=47690)[0m                                  'optim': {'lr': 1e-06,
[36m(main_task pid=47690)[0m                                            'lr_warmup_steps_ratio': 0.0,
[36m(main_task pid=47690)[0m                                            'min_lr_ratio': None,
[36m(main_task pid=47690)[0m                                            'total_training_steps': -1,
[36m(main_task pid=47690)[0m                                            'warmup_style': 'constant'},
[36m(main_task pid=47690)[0m                                  'ppo_epochs': 1,
[36m(main_task pid=47690)[0m                                  'ppo_max_token_len_per_gpu': 8192,
[36m(main_task pid=47690)[0m                                  'ppo_micro_batch_size': None,
[36m(main_task pid=47690)[0m                                  'ppo_micro_batch_size_per_gpu': None,
[36m(main_task pid=47690)[0m                                  'ppo_mini_batch_size': 256,
[36m(main_task pid=47690)[0m                                  'shuffle': False,
[36m(main_task pid=47690)[0m                                  'strategy': 'fsdp',
[36m(main_task pid=47690)[0m                                  'ulysses_sequence_parallel_size': 1,
[36m(main_task pid=47690)[0m                                  'use_dynamic_bsz': True,
[36m(main_task pid=47690)[0m                                  'use_kl_loss': True},
[36m(main_task pid=47690)[0m                        'hybrid_engine': True,
[36m(main_task pid=47690)[0m                        'model': {'enable_gradient_checkpointing': True,
[36m(main_task pid=47690)[0m                                  'external_lib': None,
[36m(main_task pid=47690)[0m                                  'lora_alpha': 16,
[36m(main_task pid=47690)[0m                                  'lora_dropout': 0.0,
[36m(main_task pid=47690)[0m                                  'lora_rank': 64,
[36m(main_task pid=47690)[0m                                  'override_config': {},
[36m(main_task pid=47690)[0m                                  'path': '/root/autodl-tmp/models/Qwen/Qwen2.5-3B-Instruct',
[36m(main_task pid=47690)[0m                                  'use_lora': True,
[36m(main_task pid=47690)[0m                                  'use_remove_padding': True},
[36m(main_task pid=47690)[0m                        'ref': {'fsdp_config': {'param_offload': True,
[36m(main_task pid=47690)[0m                                                'wrap_policy': {'min_num_params': 0}},
[36m(main_task pid=47690)[0m                                'log_prob_max_token_len_per_gpu': 8192,
[36m(main_task pid=47690)[0m                                'log_prob_micro_batch_size': None,
[36m(main_task pid=47690)[0m                                'log_prob_micro_batch_size_per_gpu': None,
[36m(main_task pid=47690)[0m                                'log_prob_use_dynamic_bsz': True,
[36m(main_task pid=47690)[0m                                'ulysses_sequence_parallel_size': 1},
[36m(main_task pid=47690)[0m                        'rollout': {'disable_log_stats': True,
[36m(main_task pid=47690)[0m                                    'do_sample': True,
[36m(main_task pid=47690)[0m                                    'dtype': 'bfloat16',
[36m(main_task pid=47690)[0m                                    'enable_chunked_prefill': True,
[36m(main_task pid=47690)[0m                                    'enforce_eager': True,
[36m(main_task pid=47690)[0m                                    'free_cache_engine': True,
[36m(main_task pid=47690)[0m                                    'gpu_memory_utilization': 0.3,
[36m(main_task pid=47690)[0m                                    'ignore_eos': False,
[36m(main_task pid=47690)[0m                                    'load_format': 'dummy_dtensor',
[36m(main_task pid=47690)[0m                                    'log_prob_max_token_len_per_gpu': 8192,
[36m(main_task pid=47690)[0m                                    'log_prob_micro_batch_size': None,
[36m(main_task pid=47690)[0m                                    'log_prob_micro_batch_size_per_gpu': None,
[36m(main_task pid=47690)[0m                                    'log_prob_use_dynamic_bsz': True,
[36m(main_task pid=47690)[0m                                    'max_model_len': 2048,
[36m(main_task pid=47690)[0m                                    'max_num_batched_tokens': 2048,
[36m(main_task pid=47690)[0m                                    'max_num_seqs': 1024,
[36m(main_task pid=47690)[0m                                    'n': 1,
[36m(main_task pid=47690)[0m                                    'name': 'vllm',
[36m(main_task pid=47690)[0m                                    'prompt_length': 512,
[36m(main_task pid=47690)[0m                                    'response_length': 512,
[36m(main_task pid=47690)[0m                                    'temperature': 1.0,
[36m(main_task pid=47690)[0m                                    'tensor_model_parallel_size': 1,
[36m(main_task pid=47690)[0m                                    'top_k': -1,
[36m(main_task pid=47690)[0m                                    'top_p': 1,
[36m(main_task pid=47690)[0m                                    'use_fire_sampling': False}},
[36m(main_task pid=47690)[0m  'agent_grpo': {'n': 2},
[36m(main_task pid=47690)[0m  'algorithm': {'adv_estimator': 'drgrpo',
[36m(main_task pid=47690)[0m                'entropy_bonus_coef': 0.0,
[36m(main_task pid=47690)[0m                'gamma': 1.0,
[36m(main_task pid=47690)[0m                'kl_ctrl': {'kl_coef': 0.001, 'type': 'fixed'},
[36m(main_task pid=47690)[0m                'kl_penalty': 'kl',
[36m(main_task pid=47690)[0m                'lam': 1.0},
[36m(main_task pid=47690)[0m  'critic': {'cliprange_value': 0.5,
[36m(main_task pid=47690)[0m             'forward_max_token_len_per_gpu': 32768,
[36m(main_task pid=47690)[0m             'forward_micro_batch_size': None,
[36m(main_task pid=47690)[0m             'forward_micro_batch_size_per_gpu': None,
[36m(main_task pid=47690)[0m             'grad_clip': 1.0,
[36m(main_task pid=47690)[0m             'model': {'enable_gradient_checkpointing': True,
[36m(main_task pid=47690)[0m                       'external_lib': None,
[36m(main_task pid=47690)[0m                       'fsdp_config': {'fsdp_size': -1,
[36m(main_task pid=47690)[0m                                       'optimizer_offload': False,
[36m(main_task pid=47690)[0m                                       'param_offload': False,
[36m(main_task pid=47690)[0m                                       'wrap_policy': {'min_num_params': 0}},
[36m(main_task pid=47690)[0m                       'override_config': {},
[36m(main_task pid=47690)[0m                       'path': '/root/autodl-tmp/models/Qwen/Qwen2.5-3B-Instruct',
[36m(main_task pid=47690)[0m                       'tokenizer_path': '/root/autodl-tmp/models/Qwen/Qwen2.5-3B-Instruct',
[36m(main_task pid=47690)[0m                       'use_remove_padding': True},
[36m(main_task pid=47690)[0m             'optim': {'lr': 1e-05,
[36m(main_task pid=47690)[0m W0525 14:47:55.407000 47690 site-packages/torch/utils/cpp_extension.py:140] No CUDA runtime is found, using CUDA_HOME='/usr/local/cuda'
[36m(main_task pid=47690)[0m                       'lr_warmup_steps_ratio': 0.0,
[36m(main_task pid=47690)[0m                       'min_lr_ratio': None,
[36m(main_task pid=47690)[0m                       'total_training_steps': -1,
[36m(main_task pid=47690)[0m                       'warmup_style': 'constant'},
[36m(main_task pid=47690)[0m             'ppo_epochs': 1,
[36m(main_task pid=47690)[0m             'ppo_max_token_len_per_gpu': 32768,
[36m(main_task pid=47690)[0m             'ppo_micro_batch_size': None,
[36m(main_task pid=47690)[0m             'ppo_micro_batch_size_per_gpu': None,
[36m(main_task pid=47690)[0m             'ppo_mini_batch_size': 256,
[36m(main_task pid=47690)[0m             'shuffle': False,
[36m(main_task pid=47690)[0m             'strategy': 'fsdp',
[36m(main_task pid=47690)[0m             'ulysses_sequence_parallel_size': 1,
[36m(main_task pid=47690)[0m             'use_dynamic_bsz': True},
[36m(main_task pid=47690)[0m  'data': {'data_writing_file': './signal/data.json',
[36m(main_task pid=47690)[0m           'image_key': 'images',
[36m(main_task pid=47690)[0m           'max_prompt_length': 512,
[36m(main_task pid=47690)[0m           'max_response_length': 512,
[36m(main_task pid=47690)[0m           'n_gpus_per_node': 8,
[36m(main_task pid=47690)[0m           'num_workers': 0,
[36m(main_task pid=47690)[0m           'prompt_key': 'prompt',
[36m(main_task pid=47690)[0m           'query_signal': 1,
[36m(main_task pid=47690)[0m           'response_signal': 0,
[36m(main_task pid=47690)[0m           'return_raw_chat': False,
[36m(main_task pid=47690)[0m           'return_raw_input_ids': False,
[36m(main_task pid=47690)[0m           'shuffle': True,
[36m(main_task pid=47690)[0m           'signal_writing_file': './signal/signal.json',
[36m(main_task pid=47690)[0m           'tokenizer': None,
[36m(main_task pid=47690)[0m           'train_batch_size': 512,
[36m(main_task pid=47690)[0m           'train_files': '/root/DeepResearcher/data/train.parquet',
[36m(main_task pid=47690)[0m           'val_batch_size': None,
[36m(main_task pid=47690)[0m           'val_files': '~/data/rlhf/gsm8k/test.parquet'},
[36m(main_task pid=47690)[0m  'do_search': True,
[36m(main_task pid=47690)[0m  'max_turns': 6,
[36m(main_task pid=47690)[0m  'reward_model': {'curriculum_bonus_coef': 0.05,
[36m(main_task pid=47690)[0m                   'curriculum_end_turn': 5,
[36m(main_task pid=47690)[0m                   'curriculum_start_turn': 2,
[36m(main_task pid=47690)[0m                   'early_stop_penalty_coef': 0.05,
[36m(main_task pid=47690)[0m                   'enable': False,
[36m(main_task pid=47690)[0m                   'forward_max_token_len_per_gpu': 32768,
[36m(main_task pid=47690)[0m                   'max_length': None,
[36m(main_task pid=47690)[0m                   'micro_batch_size': None,
[36m(main_task pid=47690)[0m                   'micro_batch_size_per_gpu': None,
[36m(main_task pid=47690)[0m                   'model': {'external_lib': None,
[36m(main_task pid=47690)[0m                             'fsdp_config': {'fsdp_size': -1,
[36m(main_task pid=47690)[0m                                             'min_num_params': 0,
[36m(main_task pid=47690)[0m                                             'param_offload': False},
[36m(main_task pid=47690)[0m                             'input_tokenizer': '/root/autodl-tmp/models/Qwen/Qwen2.5-3B-Instruct',
[36m(main_task pid=47690)[0m                             'path': '~/models/FsfairX-LLaMA3-RM-v0.1',
[36m(main_task pid=47690)[0m                             'use_remove_padding': True},
[36m(main_task pid=47690)[0m                   'pbrs_gamma': 0.5,
[36m(main_task pid=47690)[0m                   'query_repetition_penalty_coef': 0.05,
[36m(main_task pid=47690)[0m                   'reward_manager': 'naive',
[36m(main_task pid=47690)[0m                   'strategy': 'fsdp',
[36m(main_task pid=47690)[0m                   'ulysses_sequence_parallel_size': 2,
[36m(main_task pid=47690)[0m                   'use_curriculum': False,
[36m(main_task pid=47690)[0m                   'use_dynamic_bsz': True,
[36m(main_task pid=47690)[0m                   'use_pbrs': False,
[36m(main_task pid=47690)[0m                   'use_query_monitoring': False},
[36m(main_task pid=47690)[0m  'search_engine': 'searxng',
[36m(main_task pid=47690)[0m  'trainer': {'critic_warmup': 0,
[36m(main_task pid=47690)[0m              'default_hdfs_dir': None,
[36m(main_task pid=47690)[0m              'default_local_dir': './ckpts/verl_examples/exp03_lora_rank64_alpha16',
[36m(main_task pid=47690)[0m              'del_local_ckpt_after_load': False,
[36m(main_task pid=47690)[0m              'experiment_name': 'exp03_lora_rank64_alpha16',
[36m(main_task pid=47690)[0m              'logger': ['console', 'swanlab'],
[36m(main_task pid=47690)[0m              'n_gpus_per_node': 1,
[36m(main_task pid=47690)[0m              'nnodes': 1,
[36m(main_task pid=47690)[0m              'project_name': 'verl_examples',
[36m(main_task pid=47690)[0m              'remove_previous_ckpt_in_save': False,
[36m(main_task pid=47690)[0m              'resume_from_path': False,
[36m(main_task pid=47690)[0m              'resume_mode': 'auto',
[36m(main_task pid=47690)[0m              'save_freq': 500,
[36m(main_task pid=47690)[0m              'test_freq': 100,
[36m(main_task pid=47690)[0m              'total_epochs': 30,
[36m(main_task pid=47690)[0m              'total_training_steps': 30,
[36m(main_task pid=47690)[0m              'val_before_train': False,
[36m(main_task pid=47690)[0m              'val_generations_to_log_to_wandb': 0}}
[36m(main_task pid=47690)[0m update signal file finish!
[36m(main_task pid=47690)[0m [validate_config] All configuration checks passed successfully!
[36m(main_task pid=47690)[0m original dataset len: 80000
[36m(main_task pid=47690)[0m filter dataset len: 80000
[36m(main_task pid=47690)[0m original dataset len: 3197
[36m(main_task pid=47690)[0m filter dataset len: 3197
[36m(main_task pid=47690)[0m Size of train dataloader: 156
[36m(main_task pid=47690)[0m Total training steps: 30
[36m(WorkerDict pid=47818)[0m Model config after override: Qwen2Config {
[36m(WorkerDict pid=47818)[0m   "architectures": [
[36m(WorkerDict pid=47818)[0m     "Qwen2ForCausalLM"
[36m(WorkerDict pid=47818)[0m   ],
[36m(WorkerDict pid=47818)[0m   "attention_dropout": 0.0,
[36m(WorkerDict pid=47818)[0m   "bos_token_id": null,
[36m(WorkerDict pid=47818)[0m   "dtype": "bfloat16",
[36m(WorkerDict pid=47818)[0m   "eos_token_id": 151645,
[36m(WorkerDict pid=47818)[0m   "hidden_act": "silu",
[36m(WorkerDict pid=47818)[0m   "hidden_size": 2048,
[36m(WorkerDict pid=47818)[0m   "initializer_range": 0.02,
[36m(WorkerDict pid=47818)[0m   "intermediate_size": 11008,
[36m(WorkerDict pid=47818)[0m   "layer_types": [
[36m(WorkerDict pid=47818)[0m     "full_attention",
[36m(WorkerDict pid=47818)[0m     "full_attention",
[36m(WorkerDict pid=47818)[0m     "full_attention",
[36m(WorkerDict pid=47818)[0m     "full_attention",
[36m(WorkerDict pid=47818)[0m     "full_attention",
[36m(WorkerDict pid=47818)[0m     "full_attention",
[36m(WorkerDict pid=47818)[0m     "full_attention",
[36m(WorkerDict pid=47818)[0m     "full_attention",
[36m(WorkerDict pid=47818)[0m     "full_attention",
[36m(WorkerDict pid=47818)[0m     "full_attention",
[36m(WorkerDict pid=47818)[0m     "full_attention",
[36m(WorkerDict pid=47818)[0m     "full_attention",
[36m(WorkerDict pid=47818)[0m     "full_attention",
[36m(WorkerDict pid=47818)[0m     "full_attention",
[36m(WorkerDict pid=47818)[0m     "full_attention",
[36m(WorkerDict pid=47818)[0m     "full_attention",
[36m(WorkerDict pid=47818)[0m     "full_attention",
[36m(WorkerDict pid=47818)[0m     "full_attention",
[36m(WorkerDict pid=47818)[0m     "full_attention",
[36m(WorkerDict pid=47818)[0m     "full_attention",
[36m(WorkerDict pid=47818)[0m     "full_attention",
[36m(WorkerDict pid=47818)[0m Loading weights:   0%|          | 0/434 [00:00<?, ?it/s]
[36m(WorkerDict pid=47818)[0m Loading weights: 100%|██████████| 434/434 [00:00<00:00, 9046.01it/s]
[36m(WorkerDict pid=47818)[0m /root/miniconda3/lib/python3.12/site-packages/torch/distributed/c10d_logger.py:83: UserWarning: barrier(): using the device under current context. You can specify `device_id` in `init_process_group` to mute this warning.
[36m(WorkerDict pid=47818)[0m   return func(*args, **kwargs)
[36m(WorkerDict pid=47818)[0m [rank0]:[W525 14:48:16.233924034 ProcessGroupNCCL.cpp:5188] Guessing device ID based on global rank. This can cause a hang if rank to GPU mapping is heterogeneous. You can specify device_id in init_process_group()
[36m(WorkerDict pid=47818)[0m /root/miniconda3/lib/python3.12/site-packages/torch/distributed/fsdp/fully_sharded_data_parallel.py:478: UserWarning: FSDP is switching to use `NO_SHARD` instead of ShardingStrategy.FULL_SHARD since the world size is 1.
[36m(WorkerDict pid=47818)[0m   _init_core_state(
[36m(WorkerDict pid=47818)[0m Loading weights:   0%|          | 0/434 [00:00<?, ?it/s]Loading weights: 100%|██████████| 434/434 [00:00<00:00, 10840.19it/s]
[36m(WorkerDict pid=47818)[0m /root/miniconda3/lib/python3.12/site-packages/torch/distributed/c10d_logger.py:83: UserWarning: barrier(): using the device under current context. You can specify `device_id` in `init_process_group` to mute this warning.
[36m(WorkerDict pid=47818)[0m   return func(*args, **kwargs)
[36m(WorkerDict pid=47818)[0m /root/miniconda3/lib/python3.12/site-packages/torch/distributed/fsdp/fully_sharded_data_parallel.py:478: UserWarning: FSDP is switching to use `NO_SHARD` instead of ShardingStrategy.FULL_SHARD since the world size is 1.
[36m(WorkerDict pid=47818)[0m   _init_core_state(
[36m(WorkerDict pid=47818)[0m     "full_attention",
[36m(WorkerDict pid=47818)[0m     "full_attention",
[36m(WorkerDict pid=47818)[0m     "full_attention",
[36m(WorkerDict pid=47818)[0m     "full_attention",
[36m(WorkerDict pid=47818)[0m     "full_attention",
[36m(WorkerDict pid=47818)[0m     "full_attention",
[36m(WorkerDict pid=47818)[0m     "full_attention",
[36m(WorkerDict pid=47818)[0m     "full_attention",
[36m(WorkerDict pid=47818)[0m     "full_attention",
[36m(WorkerDict pid=47818)[0m     "full_attention",
[36m(WorkerDict pid=47818)[0m     "full_attention",
[36m(WorkerDict pid=47818)[0m     "full_attention",
[36m(WorkerDict pid=47818)[0m     "full_attention",
[36m(WorkerDict pid=47818)[0m     "full_attention",
[36m(WorkerDict pid=47818)[0m     "full_attention"
[36m(WorkerDict pid=47818)[0m   ],
[36m(WorkerDict pid=47818)[0m   "max_position_embeddings": 32768,
[36m(WorkerDict pid=47818)[0m   "max_window_layers": 70,
[36m(WorkerDict pid=47818)[0m   "model_type": "qwen2",
[36m(WorkerDict pid=47818)[0m   "num_attention_heads": 16,
[36m(WorkerDict pid=47818)[0m   "num_hidden_layers": 36,
[36m(WorkerDict pid=47818)[0m   "num_key_value_heads": 2,
[36m(WorkerDict pid=47818)[0m   "pad_token_id": 151643,
[36m(WorkerDict pid=47818)[0m   "rms_norm_eps": 1e-06,
[36m(WorkerDict pid=47818)[0m   "rope_parameters": {
[36m(WorkerDict pid=47818)[0m     "rope_theta": 1000000.0,
[36m(WorkerDict pid=47818)[0m     "rope_type": "default"
[36m(WorkerDict pid=47818)[0m   },
[36m(WorkerDict pid=47818)[0m   "sliding_window": null,
[36m(WorkerDict pid=47818)[0m   "tie_word_embeddings": true,
[36m(WorkerDict pid=47818)[0m   "transformers_version": "5.9.0",
[36m(WorkerDict pid=47818)[0m   "use_cache": true,
[36m(WorkerDict pid=47818)[0m   "use_sliding_window": false,
[36m(WorkerDict pid=47818)[0m   "vocab_size": 151936
[36m(WorkerDict pid=47818)[0m }
[36m(WorkerDict pid=47818)[0m 
[36m(WorkerDict pid=47818)[0m Qwen2ForCausalLM contains 3.09B parameters
[36m(WorkerDict pid=47818)[0m wrap_policy: functools.partial(<function _or_policy at 0x7f1da1f031a0>, policies=[functools.partial(<function transformer_auto_wrap_policy at 0x7f1da1f03060>, transformer_layer_cls={<class 'transformers.models.qwen2.modeling_qwen2.Qwen2DecoderLayer'>})])
[36m(WorkerDict pid=47818)[0m Actor use_remove_padding=True
[36m(WorkerDict pid=47818)[0m Model config after override: Qwen2Config {
[36m(WorkerDict pid=47818)[0m   "architectures": [
[36m(WorkerDict pid=47818)[0m     "Qwen2ForCausalLM"
[36m(WorkerDict pid=47818)[0m   ],
[36m(WorkerDict pid=47818)[0m   "attention_dropout": 0.0,
[36m(WorkerDict pid=47818)[0m   "bos_token_id": null,
[36m(WorkerDict pid=47818)[0m   "dtype": "bfloat16",
[36m(WorkerDict pid=47818)[0m   "eos_token_id": 151645,
[36m(WorkerDict pid=47818)[0m   "hidden_act": "silu",
[36m(WorkerDict pid=47818)[0m   "hidden_size": 2048,
[36m(WorkerDict pid=47818)[0m   "initializer_range": 0.02,
[36m(WorkerDict pid=47818)[0m   "intermediate_size": 11008,
[36m(WorkerDict pid=47818)[0m   "layer_types": [
[36m(WorkerDict pid=47818)[0m     "full_attention",
[36m(WorkerDict pid=47818)[0m     "full_attention",
[36m(WorkerDict pid=47818)[0m     "full_attention",
[36m(WorkerDict pid=47818)[0m     "full_attention",
[36m(WorkerDict pid=47818)[0m     "full_attention",
[36m(WorkerDict pid=47818)[0m     "full_attention",
[36m(WorkerDict pid=47818)[0m     "full_attention",
[36m(WorkerDict pid=47818)[0m     "full_attention",
[36m(WorkerDict pid=47818)[0m     "full_attention",
[36m(WorkerDict pid=47818)[0m     "full_attention",
[36m(WorkerDict pid=47818)[0m     "full_attention",
[36m(WorkerDict pid=47818)[0m     "full_attention",
[36m(WorkerDict pid=47818)[0m     "full_attention",
[36m(WorkerDict pid=47818)[0m     "full_attention",
[36m(WorkerDict pid=47818)[0m     "full_attention",
[36m(WorkerDict pid=47818)[0m     "full_attention",
[36m(WorkerDict pid=47818)[0m     "full_attention",
[36m(WorkerDict pid=47818)[0m     "full_attention",
[36m(WorkerDict pid=47818)[0m     "full_attention",
[36m(WorkerDict pid=47818)[0m     "full_attention",
[36m(WorkerDict pid=47818)[0m     "full_attention",
[36m(WorkerDict pid=47818)[0m     "full_attention",
[36m(WorkerDict pid=47818)[0m     "full_attention",
[36m(WorkerDict pid=47818)[0m     "full_attention",
[36m(WorkerDict pid=47818)[0m     "full_attention",
[36m(WorkerDict pid=47818)[0m     "full_attention",
[36m(WorkerDict pid=47818)[0m     "full_attention",
[36m(WorkerDict pid=47818)[0m     "full_attention",
[36m(WorkerDict pid=47818)[0m     "full_attention",
[36m(WorkerDict pid=47818)[0m     "full_attention",
[36m(WorkerDict pid=47818)[0m     "full_attention",
[36m(WorkerDict pid=47818)[0m     "full_attention",
[36m(WorkerDict pid=47818)[0m     "full_attention",
[36m(WorkerDict pid=47818)[0m     "full_attention",
[36m(WorkerDict pid=47818)[0m     "full_attention",
[36m(WorkerDict pid=47818)[0m     "full_attention"
[36m(WorkerDict pid=47818)[0m   ],
[36m(WorkerDict pid=47818)[0m   "max_position_embeddings": 32768,
[36m(WorkerDict pid=47818)[0m   "max_window_layers": 70,
[36m(WorkerDict pid=47818)[0m   "model_type": "qwen2",
[36m(WorkerDict pid=47818)[0m   "num_attention_heads": 16,
[36m(WorkerDict pid=47818)[0m   "num_hidden_layers": 36,
[36m(WorkerDict pid=47818)[0m   "num_key_value_heads": 2,
[36m(WorkerDict pid=47818)[0m   "pad_token_id": 151643,
[36m(WorkerDict pid=47818)[0m   "rms_norm_eps": 1e-06,
[36m(WorkerDict pid=47818)[0m   "rope_parameters": {
[36m(WorkerDict pid=47818)[0m     "rope_theta": 1000000.0,
[36m(WorkerDict pid=47818)[0m     "rope_type": "default"
[36m(WorkerDict pid=47818)[0m   },
[36m(WorkerDict pid=47818)[0m   "sliding_window": null,
[36m(WorkerDict pid=47818)[0m   "tie_word_embeddings": true,
[36m(WorkerDict pid=47818)[0m   "transformers_version": "5.9.0",
[36m(WorkerDict pid=47818)[0m   "use_cache": true,
[36m(WorkerDict pid=47818)[0m   "use_sliding_window": false,
[36m(WorkerDict pid=47818)[0m   "vocab_size": 151936
[36m(WorkerDict pid=47818)[0m }
[36m(WorkerDict pid=47818)[0m 
[36m(WorkerDict pid=47818)[0m trainable params: 29,491,200 || all params: 3,115,429,888 || trainable%: 0.9466
[36m(WorkerDict pid=47818)[0m [LoRA] Injected LoRA adapters: rank=64, alpha=16
[36m(WorkerDict pid=47818)[0m PeftModelForCausalLM contains 3.12B parameters
[36m(WorkerDict pid=47818)[0m wrap_policy: functools.partial(<function _or_policy at 0x7f1da1f031a0>, policies=[functools.partial(<function lambda_auto_wrap_policy at 0x7f1da1f02b60>, lambda_fn=<function get_fsdp_wrap_policy.<locals>.lambda_policy_fn at 0x7f1ac4ddec00>), functools.partial(<function transformer_auto_wrap_policy at 0x7f1da1f03060>, transformer_layer_cls={<class 'transformers.models.qwen2.modeling_qwen2.Qwen2DecoderLayer'>})])
[36m(WorkerDict pid=47818)[0m Total steps: 30, num_warmup_steps: 0
[36m(WorkerDict pid=47818)[0m Actor use_remove_padding=True
[36m(WorkerDict pid=47818)[0m Before building vllm rollout, memory allocated (GB): 11.676271915435791, memory reserved (GB): 12.408203125
[36m(WorkerDict pid=47818)[0m INFO 05-25 14:48:23 [utils.py:240] non-default args: {'dtype': 'bfloat16', 'max_model_len': 1024, 'distributed_executor_backend': 'external_launcher', 'enable_prefix_caching': True, 'gpu_memory_utilization': 0.3, 'max_num_batched_tokens': 2048, 'disable_log_stats': True, 'enforce_eager': True, 'disable_custom_all_reduce': True, 'enable_chunked_prefill': True, 'enable_sleep_mode': True, 'model': '/root/autodl-tmp/models/Qwen/Qwen2.5-3B-Instruct'}
[36m(WorkerDict pid=47818)[0m INFO 05-25 14:48:23 [model.py:568] Resolved architecture: Qwen2ForCausalLM
[36m(WorkerDict pid=47818)[0m INFO 05-25 14:48:23 [model.py:1697] Using max model len 1024
[36m(WorkerDict pid=47818)[0m Loading safetensors checkpoint shards:   0% Completed | 0/2 [00:00<?, ?it/s]
[36m(WorkerDict pid=47818)[0m Loading safetensors checkpoint shards:  50% Completed | 1/2 [00:00<00:00,  1.44it/s]
[36m(WorkerDict pid=47818)[0m Loading safetensors checkpoint shards: 100% Completed | 2/2 [00:01<00:00,  1.84it/s]
[36m(WorkerDict pid=47818)[0m Loading safetensors checkpoint shards: 100% Completed | 2/2 [00:01<00:00,  1.77it/s]
[36m(WorkerDict pid=47818)[0m 
[36m(WorkerDict pid=47818)[0m /root/DeepResearcher/verl/workers/sharding_manager/fsdp_vllm.py:52: FutureWarning: FSDP.state_dict_type() and FSDP.set_state_dict_type() are being deprecated. Please use APIs, get_state_dict() and set_state_dict(), which can support different parallelisms, FSDP1, FSDP2, DDP. API doc: https://pytorch.org/docs/stable/distributed.checkpoint.html#torch.distributed.checkpoint.state_dict.get_state_dict .Tutorial: https://pytorch.org/tutorials/recipes/distributed_checkpoint_recipe.html .
[36m(WorkerDict pid=47818)[0m   FSDP.set_state_dict_type(self.module,
[36m(WorkerDict pid=47818)[0m INFO 05-25 14:48:23 [arg_utils.py:1739] Using ray runtime env (env vars redacted): {'env_vars': {'NCCL_DEBUG': '***', 'RANK': '***', 'RAY_LOCAL_RANK': '***', 'RAY_LOCAL_WORLD_SIZE': '***', 'TOKENIZERS_PARALLELISM': '***', 'WG_BACKEND': '***', 'WG_PREFIX': '***', 'WORLD_SIZE': '***'}}
[36m(WorkerDict pid=47818)[0m INFO 05-25 14:48:23 [parallel.py:769] Using external launcher for distributed inference.
[36m(WorkerDict pid=47818)[0m INFO 05-25 14:48:23 [parallel.py:829] Disabling V1 multiprocessing for external launcher.
[36m(WorkerDict pid=47818)[0m INFO 05-25 14:48:23 [scheduler.py:239] Chunked prefill is enabled with max_num_batched_tokens=2048.
[36m(WorkerDict pid=47818)[0m INFO 05-25 14:48:23 [vllm.py:886] Asynchronous scheduling is enabled.
[36m(WorkerDict pid=47818)[0m WARNING 05-25 14:48:23 [vllm.py:942] Enforce eager set, disabling torch.compile and CUDAGraphs. This is equivalent to setting -cc.mode=none -cc.cudagraph_mode=none
[36m(WorkerDict pid=47818)[0m WARNING 05-25 14:48:23 [vllm.py:960] Inductor compilation was disabled by user settings, optimizations settings that are only active during inductor compilation will be ignored.
[36m(WorkerDict pid=47818)[0m INFO 05-25 14:48:23 [kernel.py:212] Final IR op priority after setting platform defaults: IrOpPriorityConfig(rms_norm=['vllm_c', 'native'], fused_add_rms_norm=['vllm_c', 'native'])
[36m(WorkerDict pid=47818)[0m INFO 05-25 14:48:23 [vllm.py:1135] Cudagraph is disabled under eager mode
[36m(WorkerDict pid=47818)[0m INFO 05-25 14:48:23 [compilation.py:303] Enabled custom fusions: norm_quant, act_quant
[36m(WorkerDict pid=47818)[0m INFO 05-25 14:48:24 [core.py:109] Initializing a V1 LLM engine (v0.21.0) with config: model='/root/autodl-tmp/models/Qwen/Qwen2.5-3B-Instruct', speculative_config=None, tokenizer='/root/autodl-tmp/models/Qwen/Qwen2.5-3B-Instruct', skip_tokenizer_init=False, tokenizer_mode=auto, revision=None, tokenizer_revision=None, trust_remote_code=False, dtype=torch.bfloat16, max_seq_len=1024, download_dir=None, load_format=auto, tensor_parallel_size=1, pipeline_parallel_size=1, data_parallel_size=1, decode_context_parallel_size=1, dcp_comm_backend=ag_rs, disable_custom_all_reduce=True, quantization=None, quantization_config=None, enforce_eager=True, enable_return_routed_experts=False, kv_cache_dtype=auto, device_config=cuda, structured_outputs_config=StructuredOutputsConfig(backend='auto', disable_any_whitespace=False, disable_additional_properties=False, reasoning_parser='', reasoning_parser_plugin='', enable_in_reasoning=False), observability_config=ObservabilityConfig(show_hidden_metrics_for_version=None, otlp_traces_endpoint=None, collect_detailed_traces=None, kv_cache_metrics=False, kv_cache_metrics_sample=0.01, cudagraph_metrics=False, enable_layerwise_nvtx_tracing=False, enable_mfu_metrics=False, enable_mm_processor_stats=False, enable_logging_iteration_details=False), seed=0, served_model_name=/root/autodl-tmp/models/Qwen/Qwen2.5-3B-Instruct, enable_prefix_caching=True, enable_chunked_prefill=True, pooler_config=None, compilation_config={'mode': <CompilationMode.NONE: 0>, 'debug_dump_path': None, 'cache_dir': '', 'compile_cache_save_format': 'binary', 'backend': 'inductor', 'custom_ops': ['all'], 'ir_enable_torch_wrap': False, 'splitting_ops': [], 'compile_mm_encoder': False, 'cudagraph_mm_encoder': False, 'encoder_cudagraph_token_budgets': [], 'encoder_cudagraph_max_vision_items_per_batch': 0, 'encoder_cudagraph_max_frames_per_batch': None, 'compile_sizes': [], 'compile_ranges_endpoints': [2048], 'inductor_compile_config': {'enable_auto_functionalized_v2': False, 'size_asserts': False, 'alignment_asserts': False, 'scalar_asserts': False, 'combo_kernels': True, 'benchmark_combo_kernel': True}, 'inductor_passes': {}, 'cudagraph_mode': <CUDAGraphMode.NONE: 0>, 'cudagraph_num_of_warmups': 0, 'cudagraph_capture_sizes': [], 'cudagraph_copy_inputs': False, 'cudagraph_specialize_lora': True, 'use_inductor_graph_partition': False, 'pass_config': {'fuse_norm_quant': True, 'fuse_act_quant': True, 'fuse_attn_quant': False, 'enable_sp': False, 'fuse_gemm_comms': False, 'fuse_allreduce_rms': False, 'fuse_act_padding': False}, 'max_cudagraph_capture_size': 0, 'dynamic_shapes_config': {'type': <DynamicShapesType.BACKED: 'backed'>, 'evaluate_guards': False, 'assume_32_bit_indexing': False}, 'local_cache_dir': None, 'fast_moe_cold_start': False, 'static_all_moe_layers': []}, kernel_config=KernelConfig(ir_op_priority=IrOpPriorityConfig(rms_norm=['vllm_c', 'native'], fused_add_rms_norm=['vllm_c', 'native']), enable_flashinfer_autotune=False, moe_backend='auto')
[36m(WorkerDict pid=47818)[0m INFO 05-25 14:48:24 [parallel_state.py:1723] rank 0 in world size 1 is assigned as DP rank 0, PP rank 0, PCP rank 0, TP rank 0, EP rank N/A, EPLB rank N/A
[36m(WorkerDict pid=47818)[0m INFO 05-25 14:48:25 [topk_topp_sampler.py:45] Using FlashInfer for top-p & top-k sampling.
[36m(WorkerDict pid=47818)[0m INFO 05-25 14:48:25 [gpu_model_runner.py:4857] Starting to load model /root/autodl-tmp/models/Qwen/Qwen2.5-3B-Instruct...
[36m(WorkerDict pid=47818)[0m INFO 05-25 14:48:25 [cuda.py:372] Using FLASH_ATTN attention backend out of potential backends: ['FLASH_ATTN', 'FLASHINFER', 'TRITON_ATTN', 'FLEX_ATTENTION'].
[36m(WorkerDict pid=47818)[0m INFO 05-25 14:48:25 [flash_attn.py:641] Using FlashAttention version 2
[36m(WorkerDict pid=47818)[0m INFO 05-25 14:48:25 [weight_utils.py:938] Filesystem type for checkpoints: XFS. Checkpoint size: 5.75 GiB. Available RAM: 965.53 GiB.
[36m(WorkerDict pid=47818)[0m INFO 05-25 14:48:25 [weight_utils.py:961] Auto-prefetch is disabled because the filesystem (XFS) is not a recognized network FS (NFS/Lustre). If you want to force prefetching, start vLLM with --safetensors-load-strategy=prefetch.
[36m(WorkerDict pid=47818)[0m INFO 05-25 14:48:27 [default_loader.py:397] Loading weights took 1.16 seconds
[36m(WorkerDict pid=47818)[0m INFO 05-25 14:48:27 [gpu_model_runner.py:4959] Model loading took 5.79 GiB memory and 1.327201 seconds
[36m(WorkerDict pid=47818)[0m INFO 05-25 14:48:29 [gpu_worker.py:462] Available KV cache memory: 20.52 GiB
[36m(WorkerDict pid=47818)[0m INFO 05-25 14:48:29 [kv_cache_utils.py:1710] GPU KV cache size: 597,632 tokens
[36m(WorkerDict pid=47818)[0m INFO 05-25 14:48:29 [kv_cache_utils.py:1711] Maximum concurrency for 1,024 tokens per request: 583.62x
[36m(WorkerDict pid=47818)[0m INFO 05-25 14:48:29 [kernel_warmup.py:44] Skipping FlashInfer autotune because it is disabled.
[36m(WorkerDict pid=47818)[0m INFO 05-25 14:48:29 [jit_monitor.py:54] Kernel JIT monitor activated — Triton JIT compilations during inference will be logged as warnings.
[36m(WorkerDict pid=47818)[0m INFO 05-25 14:48:29 [core.py:306] init engine (profile, create kv cache, warmup model) took 1.47 s
[36m(WorkerDict pid=47818)[0m INFO 05-25 14:48:29 [block_pool.py:471] Successfully reset prefix cache
[36m(WorkerDict pid=47818)[0m INFO 05-25 14:48:32 [cumem.py:209] CuMemAllocator: sleep freed 26.41 GiB memory in total, of which 5.88 GiB is backed up in CPU and the rest 20.53 GiB is discarded directly.
[36m(WorkerDict pid=47818)[0m INFO 05-25 14:48:32 [gpu_worker.py:178] Sleep mode freed 28.13 GiB memory, 13.52 GiB memory is still in use.
[36m(WorkerDict pid=47818)[0m INFO 05-25 14:48:32 [abstract.py:331] It took 3.129675 seconds to fall asleep.
[36m(WorkerDict pid=47818)[0m kwargs: {'n': 1, 'logprobs': 0, 'max_tokens': 512, 'detokenize': False, 'temperature': 1.0, 'top_k': -1, 'top_p': 1, 'ignore_eos': False}
[36m(WorkerDict pid=47818)[0m After building vllm rollout, memory allocated (GB): 38.12354898452759, memory reserved (GB): 38.73046875
[36m(WorkerDict pid=47818)[0m After building sharding manager, memory allocated (GB): 38.12354898452759, memory reserved (GB): 38.73046875
[36m(main_task pid=47690)[0m swanlab: Tracking run with swanlab version 0.7.19
[36m(main_task pid=47690)[0m swanlab: Run data will be saved locally in 
[36m(main_task pid=47690)[0m /root/DeepResearcher/swanlog/run-20260525_144834-69051jbrox8x5lvpcd4ah
[36m(WorkerDict pid=47818)[0m /root/miniconda3/lib/python3.12/site-packages/torch/utils/_contextlib.py:124: UserWarning: When using ``NO_SHARD`` for ``ShardingStrategy``, full_state_dict will be returned.
[36m(WorkerDict pid=47818)[0m   return func(*args, **kwargs)
[36m(main_task pid=47690)[0m swanlab: 👋 Hi Fyrgo,welcome to swanlab!
[36m(main_task pid=47690)[0m swanlab: Syncing run exp03_lora_rank64_alpha16 to the cloud
[36m(main_task pid=47690)[0m swanlab: 🏠 View project at https://swanlab.cn/@Fyrgo/verl_examples
[36m(main_task pid=47690)[0m swanlab: 🚀 View run at 
[36m(main_task pid=47690)[0m https://swanlab.cn/@Fyrgo/verl_examples/runs/69051jbrox8x5lvpcd4ah
[36m(main_task pid=47690)[0m Using LocalLogger is deprecated. The constructor API will change 
[36m(main_task pid=47690)[0m Checkpoint tracker file does not exist: %s /root/DeepResearcher/./ckpts/verl_examples/exp03_lora_rank64_alpha16/latest_checkpointed_iteration.txt
[36m(main_task pid=47690)[0m Training from scratch
[36m(main_task pid=47690)[0m node 0 in fit function!
[36m(main_task pid=47690)[0m node 0 gains 512 datas!
[36m(main_task pid=47690)[0m node 0 step 0 start!
[36m(main_task pid=47690)[0m rollout_step_1_round_0.json 写入完成
[36m(main_task pid=47690)[0m node 0, turn 0 rollings_active is 1024 datas
[36m(main_task pid=47690)[0m swanlab: 🏠 View project at https://swanlab.cn/@Fyrgo/verl_examples
[36m(main_task pid=47690)[0m swanlab: 🚀 View run at 
[36m(main_task pid=47690)[0m https://swanlab.cn/@Fyrgo/verl_examples/runs/69051jbrox8x5lvpcd4ah
[36m(WorkerDict pid=47818)[0m INFO 05-25 14:48:36 [abstract.py:349] It took 0.185538 seconds to wake up tags {'kv_cache', 'weights'}.
Error executing job with overrides: ['actor_rollout_ref.model.path=/root/autodl-tmp/models/Qwen/Qwen2.5-3B-Instruct', 'actor_rollout_ref.model.use_remove_padding=true', 'actor_rollout_ref.model.use_lora=true', 'actor_rollout_ref.model.lora_rank=64', 'actor_rollout_ref.model.lora_alpha=16', 'actor_rollout_ref.model.lora_dropout=0.0', '+actor_rollout_ref.actor.fsdp_config.model_dtype=bf16', 'actor_rollout_ref.actor.fsdp_config.param_offload=false', 'actor_rollout_ref.actor.fsdp_config.optimizer_offload=False', 'actor_rollout_ref.actor.ulysses_sequence_parallel_size=1', 'actor_rollout_ref.ref.fsdp_config.param_offload=true', 'actor_rollout_ref.ref.ulysses_sequence_parallel_size=1', 'actor_rollout_ref.rollout.tensor_model_parallel_size=1', 'actor_rollout_ref.rollout.gpu_memory_utilization=0.3', 'actor_rollout_ref.rollout.max_model_len=2048', 'actor_rollout_ref.rollout.max_num_batched_tokens=2048', 'critic.model.path=/root/autodl-tmp/models/Qwen/Qwen2.5-3B-Instruct', 'critic.ulysses_sequence_parallel_size=1', 'data.train_files=/root/DeepResearcher/data/train.parquet', 'data.max_prompt_length=512', 'data.max_response_length=512', 'data.train_batch_size=512', '+data.num_workers=0', 'algorithm.adv_estimator=drgrpo', 'algorithm.kl_penalty=kl', 'algorithm.kl_ctrl.type=fixed', 'algorithm.kl_ctrl.kl_coef=0.001', 'algorithm.gamma=1.0', 'algorithm.lam=1.0', 'trainer.total_training_steps=30', 'trainer.experiment_name=exp03_lora_rank64_alpha16', "trainer.logger=['console','swanlab']", 'trainer.save_freq=500', 'trainer.test_freq=100', '+trainer.val_before_train=false', 'trainer.nnodes=1', 'trainer.n_gpus_per_node=1', 'max_turns=6', 'do_search=true', 'agent_grpo.n=2', 'search_engine=searxng', 'reward_model.reward_manager=naive', 'reward_model.use_pbrs=false', 'reward_model.use_curriculum=false', 'reward_model.use_query_monitoring=false', 'algorithm.entropy_bonus_coef=0.0']
Traceback (most recent call last):
  File "/root/DeepResearcher/verl/trainer/main_ppo.py", line 168, in <module>
    main()
  File "/root/miniconda3/lib/python3.12/site-packages/hydra/main.py", line 94, in decorated_main
    _run_hydra(
  File "/root/miniconda3/lib/python3.12/site-packages/hydra/_internal/utils.py", line 394, in _run_hydra
    _run_app(
  File "/root/miniconda3/lib/python3.12/site-packages/hydra/_internal/utils.py", line 457, in _run_app
    run_and_report(
  File "/root/miniconda3/lib/python3.12/site-packages/hydra/_internal/utils.py", line 223, in run_and_report
    raise ex
  File "/root/miniconda3/lib/python3.12/site-packages/hydra/_internal/utils.py", line 220, in run_and_report
    return func()
           ^^^^^^
  File "/root/miniconda3/lib/python3.12/site-packages/hydra/_internal/utils.py", line 458, in <lambda>
    lambda: hydra.run(
            ^^^^^^^^^^
  File "/root/miniconda3/lib/python3.12/site-packages/hydra/_internal/hydra.py", line 132, in run
    _ = ret.return_value
        ^^^^^^^^^^^^^^^^
  File "/root/miniconda3/lib/python3.12/site-packages/hydra/core/utils.py", line 260, in return_value
    raise self._return_value
  File "/root/miniconda3/lib/python3.12/site-packages/hydra/core/utils.py", line 186, in run_job
    ret.return_value = task_function(task_cfg)
                       ^^^^^^^^^^^^^^^^^^^^^^^
  File "/root/DeepResearcher/verl/trainer/main_ppo.py", line 26, in main
    run_ppo(config)
  File "/root/DeepResearcher/verl/trainer/main_ppo.py", line 34, in run_ppo
    ray.get(main_task.remote(config, compute_score))
  File "/root/miniconda3/lib/python3.12/site-packages/ray/_private/auto_init_hook.py", line 22, in auto_init_wrapper
    return fn(*args, **kwargs)
           ^^^^^^^^^^^^^^^^^^^
  File "/root/miniconda3/lib/python3.12/site-packages/ray/_private/client_mode_hook.py", line 107, in wrapper
    return func(*args, **kwargs)
           ^^^^^^^^^^^^^^^^^^^^^
  File "/root/miniconda3/lib/python3.12/site-packages/ray/_private/worker.py", line 2980, in get
    values, debugger_breakpoint = worker.get_objects(
                                  ^^^^^^^^^^^^^^^^^^^
  File "/root/miniconda3/lib/python3.12/site-packages/ray/_private/worker.py", line 1023, in get_objects
    raise value.as_instanceof_cause()
ray.exceptions.RayTaskError(AttributeError): [36mray::main_task()[39m (pid=47690, ip=172.17.0.6)
  File "/root/DeepResearcher/verl/trainer/main_ppo.py", line 164, in main_task
    trainer.fit()
  File "/root/DeepResearcher/verl/trainer/ppo/ray_trainer.py", line 1122, in fit
    gen_str_list, gen_batch_output = generation_manager.run_llm_loop(
                                     ^^^^^^^^^^^^^^^^^^^^^^^^^^^^^^^^
  File "/root/DeepResearcher/scrl/llm_agent/generation.py", line 463, in run_llm_loop
    gen_output = self._generate_with_gpu_padding(rollings_active)
                 ^^^^^^^^^^^^^^^^^^^^^^^^^^^^^^^^^^^^^^^^^^^^^^^^
  File "/root/DeepResearcher/scrl/llm_agent/generation.py", line 307, in _generate_with_gpu_padding
    return self.actor_rollout_wg.generate_sequences(active_batch)
           ^^^^^^^^^^^^^^^^^^^^^^^^^^^^^^^^^^^^^^^^^^^^^^^^^^^^^^
  File "/root/DeepResearcher/verl/single_controller/ray/base.py", line 42, in func
    output = ray.get(output)
             ^^^^^^^^^^^^^^^
           ^^^^^^^^^^^^^^^^^^^
           ^^^^^^^^^^^^^^^^^^^^^
                                  ^^^^^^^^^^^^^^^^^^^
ray.exceptions.RayTaskError(AttributeError): [36mray::WorkerDict.actor_rollout_generate_sequences()[39m (pid=47818, ip=172.17.0.6, actor_id=800a4a3afbf3547cd61d6d4201000000, repr=<verl.single_controller.ray.base.WorkerDict object at 0x7f1b53e3c890>)
           ^^^^^^^^^^^^^^^^^^^^^^^^^^^^^^^^^^^^
           ^^^^^^^^^^^^^^^^^^^^^^^^^^^^^^^
  File "/root/DeepResearcher/verl/single_controller/ray/base.py", line 399, in func
    return getattr(self.worker_dict[key], name)(*args, **kwargs)
           ^^^^^^^^^^^^^^^^^^^^^^^^^^^^^^^^^^^^^^^^^^^^^^^^^^^^^
  File "/root/DeepResearcher/verl/single_controller/base/decorator.py", line 404, in inner
    return func(*args, **kwargs)
           ^^^^^^^^^^^^^^^^^^^^^
  File "/root/DeepResearcher/verl/workers/fsdp_workers.py", line 538, in generate_sequences
    with self.rollout_sharding_manager:
  File "/root/DeepResearcher/verl/workers/sharding_manager/fsdp_vllm.py", line 88, in __enter__
    load_dtensor_weights(
  File "/root/DeepResearcher/verl/third_party/vllm/vllm_spmd/dtensor_weight_loaders.py", line 375, in load_dtensor_weights
    weight_loader(actor_weights, vllm_model)
  File "/root/DeepResearcher/verl/third_party/vllm/vllm_spmd/dtensor_weight_loaders.py", line 183, in qwen2_dtensor_weight_loader
    local_loaded_weight = redistribute_dtensor(param_name=name, loaded_weights=loaded_weight)
                          ^^^^^^^^^^^^^^^^^^^^^^^^^^^^^^^^^^^^^^^^^^^^^^^^^^^^^^^^^^^^^^^^^^^
  File "/root/DeepResearcher/verl/third_party/vllm/vllm_spmd/dtensor_weight_loaders.py", line 331, in redistribute_dtensor
    local_loaded_weights = loaded_weights.full_tensor()
                           ^^^^^^^^^^^^^^^^^^^^^^^^^^
AttributeError: 'Tensor' object has no attribute 'full_tensor'
2026-05-25 14:50:58,086	WARNING utils.py:461 -- Detecting docker specified CPUs. In previous versions of Ray, CPU detection in containers was incorrect. Please ensure that Ray has enough CPUs allocated. As a temporary workaround to revert to the prior behavior, set `RAY_USE_MULTIPROCESSING_CPU_COUNT=1` as an env var before starting Ray. Set the env var: `RAY_DISABLE_DOCKER_CPU_WARNING=1` to mute this warning.
2026-05-25 14:51:01,357	INFO worker.py:2012 -- Started a local Ray instance.
/root/miniconda3/lib/python3.12/site-packages/ray/_private/worker.py:2051: FutureWarning: Tip: In future versions of Ray, Ray will no longer override accelerator visible devices env var if num_gpus=0 or num_gpus=None (default). To enable this behavior and turn off this error message, set RAY_ACCEL_ENV_VAR_OVERRIDE_ON_ZERO=0
  warnings.warn(
[36m(main_task pid=50137)[0m {'actor_rollout_ref': {'actor': {'clip_ratio': 0.2,
[36m(main_task pid=50137)[0m                                  'entropy_coeff': 0.001,
[36m(main_task pid=50137)[0m                                  'fsdp_config': {'fsdp_size': -1,
[36m(main_task pid=50137)[0m                                                  'model_dtype': 'bf16',
[36m(main_task pid=50137)[0m                                                  'optimizer_offload': False,
[36m(main_task pid=50137)[0m                                                  'param_offload': False,
[36m(main_task pid=50137)[0m                                                  'wrap_policy': {'min_num_params': 0}},
[36m(main_task pid=50137)[0m                                  'grad_clip': 1.0,
[36m(main_task pid=50137)[0m                                  'kl_loss_coef': 0.001,
[36m(main_task pid=50137)[0m                                  'kl_loss_type': 'low_var_kl',
[36m(main_task pid=50137)[0m                                  'optim': {'lr': 1e-06,
[36m(main_task pid=50137)[0m                                            'lr_warmup_steps_ratio': 0.0,
[36m(main_task pid=50137)[0m                                            'min_lr_ratio': None,
[36m(main_task pid=50137)[0m                                            'total_training_steps': -1,
[36m(main_task pid=50137)[0m                                            'warmup_style': 'constant'},
[36m(main_task pid=50137)[0m                                  'ppo_epochs': 1,
[36m(main_task pid=50137)[0m                                  'ppo_max_token_len_per_gpu': 8192,
[36m(main_task pid=50137)[0m                                  'ppo_micro_batch_size': None,
[36m(main_task pid=50137)[0m                                  'ppo_micro_batch_size_per_gpu': None,
[36m(main_task pid=50137)[0m                                  'ppo_mini_batch_size': 256,
[36m(main_task pid=50137)[0m                                  'shuffle': False,
[36m(main_task pid=50137)[0m                                  'strategy': 'fsdp',
[36m(main_task pid=50137)[0m                                  'ulysses_sequence_parallel_size': 1,
[36m(main_task pid=50137)[0m                                  'use_dynamic_bsz': True,
[36m(main_task pid=50137)[0m                                  'use_kl_loss': True},
[36m(main_task pid=50137)[0m                        'hybrid_engine': True,
[36m(main_task pid=50137)[0m                        'model': {'enable_gradient_checkpointing': True,
[36m(main_task pid=50137)[0m                                  'external_lib': None,
[36m(main_task pid=50137)[0m                                  'lora_alpha': 16,
[36m(main_task pid=50137)[0m                                  'lora_dropout': 0.0,
[36m(main_task pid=50137)[0m                                  'lora_rank': 64,
[36m(main_task pid=50137)[0m                                  'override_config': {},
[36m(main_task pid=50137)[0m                                  'path': '/root/autodl-tmp/models/Qwen/Qwen2.5-3B-Instruct',
[36m(main_task pid=50137)[0m                                  'use_lora': True,
[36m(main_task pid=50137)[0m                                  'use_remove_padding': True},
[36m(main_task pid=50137)[0m                        'ref': {'fsdp_config': {'param_offload': True,
[36m(main_task pid=50137)[0m                                                'wrap_policy': {'min_num_params': 0}},
[36m(main_task pid=50137)[0m                                'log_prob_max_token_len_per_gpu': 8192,
[36m(main_task pid=50137)[0m                                'log_prob_micro_batch_size': None,
[36m(main_task pid=50137)[0m                                'log_prob_micro_batch_size_per_gpu': None,
[36m(main_task pid=50137)[0m                                'log_prob_use_dynamic_bsz': True,
[36m(main_task pid=50137)[0m                                'ulysses_sequence_parallel_size': 1},
[36m(main_task pid=50137)[0m                        'rollout': {'disable_log_stats': True,
[36m(main_task pid=50137)[0m                                    'do_sample': True,
[36m(main_task pid=50137)[0m                                    'dtype': 'bfloat16',
[36m(main_task pid=50137)[0m                                    'enable_chunked_prefill': True,
[36m(main_task pid=50137)[0m                                    'enforce_eager': True,
[36m(main_task pid=50137)[0m                                    'free_cache_engine': True,
[36m(main_task pid=50137)[0m                                    'gpu_memory_utilization': 0.3,
[36m(main_task pid=50137)[0m                                    'ignore_eos': False,
[36m(main_task pid=50137)[0m                                    'load_format': 'dummy_dtensor',
[36m(main_task pid=50137)[0m                                    'log_prob_max_token_len_per_gpu': 8192,
[36m(main_task pid=50137)[0m                                    'log_prob_micro_batch_size': None,
[36m(main_task pid=50137)[0m                                    'log_prob_micro_batch_size_per_gpu': None,
[36m(main_task pid=50137)[0m                                    'log_prob_use_dynamic_bsz': True,
[36m(main_task pid=50137)[0m                                    'max_model_len': 2048,
[36m(main_task pid=50137)[0m                                    'max_num_batched_tokens': 2048,
[36m(main_task pid=50137)[0m                                    'max_num_seqs': 1024,
[36m(main_task pid=50137)[0m                                    'n': 1,
[36m(main_task pid=50137)[0m                                    'name': 'vllm',
[36m(main_task pid=50137)[0m                                    'prompt_length': 512,
[36m(main_task pid=50137)[0m                                    'response_length': 512,
[36m(main_task pid=50137)[0m                                    'temperature': 1.0,
[36m(main_task pid=50137)[0m                                    'tensor_model_parallel_size': 1,
[36m(main_task pid=50137)[0m                                    'top_k': -1,
[36m(main_task pid=50137)[0m                                    'top_p': 1,
[36m(main_task pid=50137)[0m                                    'use_fire_sampling': False}},
[36m(main_task pid=50137)[0m  'agent_grpo': {'n': 2},
[36m(main_task pid=50137)[0m  'algorithm': {'adv_estimator': 'drgrpo',
[36m(main_task pid=50137)[0m                'entropy_bonus_coef': 0.0,
[36m(main_task pid=50137)[0m                'gamma': 1.0,
[36m(main_task pid=50137)[0m                'kl_ctrl': {'kl_coef': 0.001, 'type': 'fixed'},
[36m(main_task pid=50137)[0m                'kl_penalty': 'kl',
[36m(main_task pid=50137)[0m                'lam': 1.0},
[36m(main_task pid=50137)[0m  'critic': {'cliprange_value': 0.5,
[36m(main_task pid=50137)[0m             'forward_max_token_len_per_gpu': 32768,
[36m(main_task pid=50137)[0m             'forward_micro_batch_size': None,
[36m(main_task pid=50137)[0m             'forward_micro_batch_size_per_gpu': None,
[36m(main_task pid=50137)[0m             'grad_clip': 1.0,
[36m(main_task pid=50137)[0m             'model': {'enable_gradient_checkpointing': True,
[36m(main_task pid=50137)[0m                       'external_lib': None,
[36m(main_task pid=50137)[0m                       'fsdp_config': {'fsdp_size': -1,
[36m(main_task pid=50137)[0m                                       'optimizer_offload': False,
[36m(main_task pid=50137)[0m                                       'param_offload': False,
[36m(main_task pid=50137)[0m                                       'wrap_policy': {'min_num_params': 0}},
[36m(main_task pid=50137)[0m                       'override_config': {},
[36m(main_task pid=50137)[0m                       'path': '/root/autodl-tmp/models/Qwen/Qwen2.5-3B-Instruct',
[36m(main_task pid=50137)[0m                       'tokenizer_path': '/root/autodl-tmp/models/Qwen/Qwen2.5-3B-Instruct',
[36m(main_task pid=50137)[0m                       'use_remove_padding': True},
[36m(main_task pid=50137)[0m             'optim': {'lr': 1e-05,
[36m(main_task pid=50137)[0m W0525 14:51:10.031000 50137 site-packages/torch/utils/cpp_extension.py:140] No CUDA runtime is found, using CUDA_HOME='/usr/local/cuda'
[36m(main_task pid=50137)[0m                       'lr_warmup_steps_ratio': 0.0,
[36m(main_task pid=50137)[0m                       'min_lr_ratio': None,
[36m(main_task pid=50137)[0m                       'total_training_steps': -1,
[36m(main_task pid=50137)[0m                       'warmup_style': 'constant'},
[36m(main_task pid=50137)[0m             'ppo_epochs': 1,
[36m(main_task pid=50137)[0m             'ppo_max_token_len_per_gpu': 32768,
[36m(main_task pid=50137)[0m             'ppo_micro_batch_size': None,
[36m(main_task pid=50137)[0m             'ppo_micro_batch_size_per_gpu': None,
[36m(main_task pid=50137)[0m             'ppo_mini_batch_size': 256,
[36m(main_task pid=50137)[0m             'shuffle': False,
[36m(main_task pid=50137)[0m             'strategy': 'fsdp',
[36m(main_task pid=50137)[0m             'ulysses_sequence_parallel_size': 1,
[36m(main_task pid=50137)[0m             'use_dynamic_bsz': True},
[36m(main_task pid=50137)[0m  'data': {'data_writing_file': './signal/data.json',
[36m(main_task pid=50137)[0m           'image_key': 'images',
[36m(main_task pid=50137)[0m           'max_prompt_length': 512,
[36m(main_task pid=50137)[0m           'max_response_length': 512,
[36m(main_task pid=50137)[0m           'n_gpus_per_node': 8,
[36m(main_task pid=50137)[0m           'num_workers': 0,
[36m(main_task pid=50137)[0m           'prompt_key': 'prompt',
[36m(main_task pid=50137)[0m           'query_signal': 1,
[36m(main_task pid=50137)[0m           'response_signal': 0,
[36m(main_task pid=50137)[0m           'return_raw_chat': False,
[36m(main_task pid=50137)[0m           'return_raw_input_ids': False,
[36m(main_task pid=50137)[0m           'shuffle': True,
[36m(main_task pid=50137)[0m           'signal_writing_file': './signal/signal.json',
[36m(main_task pid=50137)[0m           'tokenizer': None,
[36m(main_task pid=50137)[0m           'train_batch_size': 512,
[36m(main_task pid=50137)[0m           'train_files': '/root/DeepResearcher/data/train.parquet',
[36m(main_task pid=50137)[0m           'val_batch_size': None,
[36m(main_task pid=50137)[0m           'val_files': '~/data/rlhf/gsm8k/test.parquet'},
[36m(main_task pid=50137)[0m  'do_search': True,
[36m(main_task pid=50137)[0m  'max_turns': 6,
[36m(main_task pid=50137)[0m  'reward_model': {'curriculum_bonus_coef': 0.05,
[36m(main_task pid=50137)[0m                   'curriculum_end_turn': 5,
[36m(main_task pid=50137)[0m                   'curriculum_start_turn': 2,
[36m(main_task pid=50137)[0m                   'early_stop_penalty_coef': 0.05,
[36m(main_task pid=50137)[0m                   'enable': False,
[36m(main_task pid=50137)[0m                   'forward_max_token_len_per_gpu': 32768,
[36m(main_task pid=50137)[0m                   'max_length': None,
[36m(main_task pid=50137)[0m                   'micro_batch_size': None,
[36m(main_task pid=50137)[0m                   'micro_batch_size_per_gpu': None,
[36m(main_task pid=50137)[0m                   'model': {'external_lib': None,
[36m(main_task pid=50137)[0m                             'fsdp_config': {'fsdp_size': -1,
[36m(main_task pid=50137)[0m                                             'min_num_params': 0,
[36m(main_task pid=50137)[0m                                             'param_offload': False},
[36m(main_task pid=50137)[0m                             'input_tokenizer': '/root/autodl-tmp/models/Qwen/Qwen2.5-3B-Instruct',
[36m(main_task pid=50137)[0m                             'path': '~/models/FsfairX-LLaMA3-RM-v0.1',
[36m(main_task pid=50137)[0m                             'use_remove_padding': True},
[36m(main_task pid=50137)[0m                   'pbrs_gamma': 0.5,
[36m(main_task pid=50137)[0m                   'query_repetition_penalty_coef': 0.05,
[36m(main_task pid=50137)[0m                   'reward_manager': 'naive',
[36m(main_task pid=50137)[0m                   'strategy': 'fsdp',
[36m(main_task pid=50137)[0m                   'ulysses_sequence_parallel_size': 2,
[36m(main_task pid=50137)[0m                   'use_curriculum': False,
[36m(main_task pid=50137)[0m                   'use_dynamic_bsz': True,
[36m(main_task pid=50137)[0m                   'use_pbrs': False,
[36m(main_task pid=50137)[0m                   'use_query_monitoring': False},
[36m(main_task pid=50137)[0m  'search_engine': 'searxng',
[36m(main_task pid=50137)[0m  'trainer': {'critic_warmup': 0,
[36m(main_task pid=50137)[0m              'default_hdfs_dir': None,
[36m(main_task pid=50137)[0m              'default_local_dir': './ckpts/verl_examples/exp03_lora_rank64_alpha16',
[36m(main_task pid=50137)[0m              'del_local_ckpt_after_load': False,
[36m(main_task pid=50137)[0m              'experiment_name': 'exp03_lora_rank64_alpha16',
[36m(main_task pid=50137)[0m              'logger': ['console', 'swanlab'],
[36m(main_task pid=50137)[0m              'n_gpus_per_node': 1,
[36m(main_task pid=50137)[0m              'nnodes': 1,
[36m(main_task pid=50137)[0m              'project_name': 'verl_examples',
[36m(main_task pid=50137)[0m              'remove_previous_ckpt_in_save': False,
[36m(main_task pid=50137)[0m              'resume_from_path': False,
[36m(main_task pid=50137)[0m              'resume_mode': 'auto',
[36m(main_task pid=50137)[0m              'save_freq': 500,
[36m(main_task pid=50137)[0m              'test_freq': 100,
[36m(main_task pid=50137)[0m              'total_epochs': 30,
[36m(main_task pid=50137)[0m              'total_training_steps': 30,
[36m(main_task pid=50137)[0m              'val_before_train': False,
[36m(main_task pid=50137)[0m              'val_generations_to_log_to_wandb': 0}}
[36m(main_task pid=50137)[0m update signal file finish!
[36m(main_task pid=50137)[0m [validate_config] All configuration checks passed successfully!
[36m(main_task pid=50137)[0m original dataset len: 80000
[36m(main_task pid=50137)[0m filter dataset len: 80000
[36m(main_task pid=50137)[0m original dataset len: 3197
[36m(main_task pid=50137)[0m filter dataset len: 3197
[36m(main_task pid=50137)[0m Size of train dataloader: 156
[36m(main_task pid=50137)[0m Total training steps: 30
[36m(WorkerDict pid=50268)[0m Model config after override: Qwen2Config {
[36m(WorkerDict pid=50268)[0m   "architectures": [
[36m(WorkerDict pid=50268)[0m     "Qwen2ForCausalLM"
[36m(WorkerDict pid=50268)[0m   ],
[36m(WorkerDict pid=50268)[0m   "attention_dropout": 0.0,
[36m(WorkerDict pid=50268)[0m   "bos_token_id": null,
[36m(WorkerDict pid=50268)[0m   "dtype": "bfloat16",
[36m(WorkerDict pid=50268)[0m   "eos_token_id": 151645,
[36m(WorkerDict pid=50268)[0m   "hidden_act": "silu",
[36m(WorkerDict pid=50268)[0m   "hidden_size": 2048,
[36m(WorkerDict pid=50268)[0m   "initializer_range": 0.02,
[36m(WorkerDict pid=50268)[0m   "intermediate_size": 11008,
[36m(WorkerDict pid=50268)[0m   "layer_types": [
[36m(WorkerDict pid=50268)[0m     "full_attention",
[36m(WorkerDict pid=50268)[0m     "full_attention",
[36m(WorkerDict pid=50268)[0m     "full_attention",
[36m(WorkerDict pid=50268)[0m     "full_attention",
[36m(WorkerDict pid=50268)[0m     "full_attention",
[36m(WorkerDict pid=50268)[0m     "full_attention",
[36m(WorkerDict pid=50268)[0m     "full_attention",
[36m(WorkerDict pid=50268)[0m     "full_attention",
[36m(WorkerDict pid=50268)[0m     "full_attention",
[36m(WorkerDict pid=50268)[0m     "full_attention",
[36m(WorkerDict pid=50268)[0m     "full_attention",
[36m(WorkerDict pid=50268)[0m     "full_attention",
[36m(WorkerDict pid=50268)[0m     "full_attention",
[36m(WorkerDict pid=50268)[0m     "full_attention",
[36m(WorkerDict pid=50268)[0m     "full_attention",
[36m(WorkerDict pid=50268)[0m     "full_attention",
[36m(WorkerDict pid=50268)[0m     "full_attention",
[36m(WorkerDict pid=50268)[0m     "full_attention",
[36m(WorkerDict pid=50268)[0m     "full_attention",
[36m(WorkerDict pid=50268)[0m     "full_attention",
[36m(WorkerDict pid=50268)[0m     "full_attention",
[36m(WorkerDict pid=50268)[0m Loading weights:   0%|          | 0/434 [00:00<?, ?it/s]
[36m(WorkerDict pid=50268)[0m Loading weights: 100%|██████████| 434/434 [00:00<00:00, 10066.18it/s]
[36m(WorkerDict pid=50268)[0m /root/miniconda3/lib/python3.12/site-packages/torch/distributed/c10d_logger.py:83: UserWarning: barrier(): using the device under current context. You can specify `device_id` in `init_process_group` to mute this warning.
[36m(WorkerDict pid=50268)[0m   return func(*args, **kwargs)
[36m(WorkerDict pid=50268)[0m [rank0]:[W525 14:51:31.349973020 ProcessGroupNCCL.cpp:5188] Guessing device ID based on global rank. This can cause a hang if rank to GPU mapping is heterogeneous. You can specify device_id in init_process_group()
[36m(WorkerDict pid=50268)[0m /root/miniconda3/lib/python3.12/site-packages/torch/distributed/fsdp/fully_sharded_data_parallel.py:478: UserWarning: FSDP is switching to use `NO_SHARD` instead of ShardingStrategy.FULL_SHARD since the world size is 1.
[36m(WorkerDict pid=50268)[0m   _init_core_state(
[36m(WorkerDict pid=50268)[0m Loading weights:   0%|          | 0/434 [00:00<?, ?it/s]Loading weights: 100%|██████████| 434/434 [00:00<00:00, 10407.76it/s]
[36m(WorkerDict pid=50268)[0m /root/miniconda3/lib/python3.12/site-packages/torch/distributed/c10d_logger.py:83: UserWarning: barrier(): using the device under current context. You can specify `device_id` in `init_process_group` to mute this warning.
[36m(WorkerDict pid=50268)[0m   return func(*args, **kwargs)
[36m(WorkerDict pid=50268)[0m /root/miniconda3/lib/python3.12/site-packages/torch/distributed/fsdp/fully_sharded_data_parallel.py:478: UserWarning: FSDP is switching to use `NO_SHARD` instead of ShardingStrategy.FULL_SHARD since the world size is 1.
[36m(WorkerDict pid=50268)[0m   _init_core_state(
[36m(WorkerDict pid=50268)[0m     "full_attention",
[36m(WorkerDict pid=50268)[0m     "full_attention",
[36m(WorkerDict pid=50268)[0m     "full_attention",
[36m(WorkerDict pid=50268)[0m     "full_attention",
[36m(WorkerDict pid=50268)[0m     "full_attention",
[36m(WorkerDict pid=50268)[0m     "full_attention",
[36m(WorkerDict pid=50268)[0m     "full_attention",
[36m(WorkerDict pid=50268)[0m     "full_attention",
[36m(WorkerDict pid=50268)[0m     "full_attention",
[36m(WorkerDict pid=50268)[0m     "full_attention",
[36m(WorkerDict pid=50268)[0m     "full_attention",
[36m(WorkerDict pid=50268)[0m     "full_attention",
[36m(WorkerDict pid=50268)[0m     "full_attention",
[36m(WorkerDict pid=50268)[0m     "full_attention",
[36m(WorkerDict pid=50268)[0m     "full_attention"
[36m(WorkerDict pid=50268)[0m   ],
[36m(WorkerDict pid=50268)[0m   "max_position_embeddings": 32768,
[36m(WorkerDict pid=50268)[0m   "max_window_layers": 70,
[36m(WorkerDict pid=50268)[0m   "model_type": "qwen2",
[36m(WorkerDict pid=50268)[0m   "num_attention_heads": 16,
[36m(WorkerDict pid=50268)[0m   "num_hidden_layers": 36,
[36m(WorkerDict pid=50268)[0m   "num_key_value_heads": 2,
[36m(WorkerDict pid=50268)[0m   "pad_token_id": 151643,
[36m(WorkerDict pid=50268)[0m   "rms_norm_eps": 1e-06,
[36m(WorkerDict pid=50268)[0m   "rope_parameters": {
[36m(WorkerDict pid=50268)[0m     "rope_theta": 1000000.0,
[36m(WorkerDict pid=50268)[0m     "rope_type": "default"
[36m(WorkerDict pid=50268)[0m   },
[36m(WorkerDict pid=50268)[0m   "sliding_window": null,
[36m(WorkerDict pid=50268)[0m   "tie_word_embeddings": true,
[36m(WorkerDict pid=50268)[0m   "transformers_version": "5.9.0",
[36m(WorkerDict pid=50268)[0m   "use_cache": true,
[36m(WorkerDict pid=50268)[0m   "use_sliding_window": false,
[36m(WorkerDict pid=50268)[0m   "vocab_size": 151936
[36m(WorkerDict pid=50268)[0m }
[36m(WorkerDict pid=50268)[0m 
[36m(WorkerDict pid=50268)[0m Qwen2ForCausalLM contains 3.09B parameters
[36m(WorkerDict pid=50268)[0m wrap_policy: functools.partial(<function _or_policy at 0x7f282168b1a0>, policies=[functools.partial(<function transformer_auto_wrap_policy at 0x7f282168b060>, transformer_layer_cls={<class 'transformers.models.qwen2.modeling_qwen2.Qwen2DecoderLayer'>})])
[36m(WorkerDict pid=50268)[0m Actor use_remove_padding=True
[36m(WorkerDict pid=50268)[0m Model config after override: Qwen2Config {
[36m(WorkerDict pid=50268)[0m   "architectures": [
[36m(WorkerDict pid=50268)[0m     "Qwen2ForCausalLM"
[36m(WorkerDict pid=50268)[0m   ],
[36m(WorkerDict pid=50268)[0m   "attention_dropout": 0.0,
[36m(WorkerDict pid=50268)[0m   "bos_token_id": null,
[36m(WorkerDict pid=50268)[0m   "dtype": "bfloat16",
[36m(WorkerDict pid=50268)[0m   "eos_token_id": 151645,
[36m(WorkerDict pid=50268)[0m   "hidden_act": "silu",
[36m(WorkerDict pid=50268)[0m   "hidden_size": 2048,
[36m(WorkerDict pid=50268)[0m   "initializer_range": 0.02,
[36m(WorkerDict pid=50268)[0m   "intermediate_size": 11008,
[36m(WorkerDict pid=50268)[0m   "layer_types": [
[36m(WorkerDict pid=50268)[0m     "full_attention",
[36m(WorkerDict pid=50268)[0m     "full_attention",
[36m(WorkerDict pid=50268)[0m     "full_attention",
[36m(WorkerDict pid=50268)[0m     "full_attention",
[36m(WorkerDict pid=50268)[0m     "full_attention",
[36m(WorkerDict pid=50268)[0m     "full_attention",
[36m(WorkerDict pid=50268)[0m     "full_attention",
[36m(WorkerDict pid=50268)[0m     "full_attention",
[36m(WorkerDict pid=50268)[0m     "full_attention",
[36m(WorkerDict pid=50268)[0m     "full_attention",
[36m(WorkerDict pid=50268)[0m     "full_attention",
[36m(WorkerDict pid=50268)[0m     "full_attention",
[36m(WorkerDict pid=50268)[0m     "full_attention",
[36m(WorkerDict pid=50268)[0m     "full_attention",
[36m(WorkerDict pid=50268)[0m     "full_attention",
[36m(WorkerDict pid=50268)[0m     "full_attention",
[36m(WorkerDict pid=50268)[0m     "full_attention",
[36m(WorkerDict pid=50268)[0m     "full_attention",
[36m(WorkerDict pid=50268)[0m     "full_attention",
[36m(WorkerDict pid=50268)[0m     "full_attention",
[36m(WorkerDict pid=50268)[0m     "full_attention",
[36m(WorkerDict pid=50268)[0m     "full_attention",
[36m(WorkerDict pid=50268)[0m     "full_attention",
[36m(WorkerDict pid=50268)[0m     "full_attention",
[36m(WorkerDict pid=50268)[0m     "full_attention",
[36m(WorkerDict pid=50268)[0m     "full_attention",
[36m(WorkerDict pid=50268)[0m     "full_attention",
[36m(WorkerDict pid=50268)[0m     "full_attention",
[36m(WorkerDict pid=50268)[0m     "full_attention",
[36m(WorkerDict pid=50268)[0m     "full_attention",
[36m(WorkerDict pid=50268)[0m     "full_attention",
[36m(WorkerDict pid=50268)[0m     "full_attention",
[36m(WorkerDict pid=50268)[0m     "full_attention",
[36m(WorkerDict pid=50268)[0m     "full_attention",
[36m(WorkerDict pid=50268)[0m     "full_attention",
[36m(WorkerDict pid=50268)[0m     "full_attention"
[36m(WorkerDict pid=50268)[0m   ],
[36m(WorkerDict pid=50268)[0m   "max_position_embeddings": 32768,
[36m(WorkerDict pid=50268)[0m   "max_window_layers": 70,
[36m(WorkerDict pid=50268)[0m   "model_type": "qwen2",
[36m(WorkerDict pid=50268)[0m   "num_attention_heads": 16,
[36m(WorkerDict pid=50268)[0m   "num_hidden_layers": 36,
[36m(WorkerDict pid=50268)[0m   "num_key_value_heads": 2,
[36m(WorkerDict pid=50268)[0m   "pad_token_id": 151643,
[36m(WorkerDict pid=50268)[0m   "rms_norm_eps": 1e-06,
[36m(WorkerDict pid=50268)[0m   "rope_parameters": {
[36m(WorkerDict pid=50268)[0m     "rope_theta": 1000000.0,
[36m(WorkerDict pid=50268)[0m     "rope_type": "default"
[36m(WorkerDict pid=50268)[0m   },
[36m(WorkerDict pid=50268)[0m   "sliding_window": null,
[36m(WorkerDict pid=50268)[0m   "tie_word_embeddings": true,
[36m(WorkerDict pid=50268)[0m   "transformers_version": "5.9.0",
[36m(WorkerDict pid=50268)[0m   "use_cache": true,
[36m(WorkerDict pid=50268)[0m   "use_sliding_window": false,
[36m(WorkerDict pid=50268)[0m   "vocab_size": 151936
[36m(WorkerDict pid=50268)[0m }
[36m(WorkerDict pid=50268)[0m 
[36m(WorkerDict pid=50268)[0m trainable params: 29,491,200 || all params: 3,115,429,888 || trainable%: 0.9466
[36m(WorkerDict pid=50268)[0m [LoRA] Injected LoRA adapters: rank=64, alpha=16
[36m(WorkerDict pid=50268)[0m PeftModelForCausalLM contains 3.12B parameters
[36m(WorkerDict pid=50268)[0m wrap_policy: functools.partial(<function _or_policy at 0x7f282168b1a0>, policies=[functools.partial(<function lambda_auto_wrap_policy at 0x7f282168ab60>, lambda_fn=<function get_fsdp_wrap_policy.<locals>.lambda_policy_fn at 0x7f25445f2c00>), functools.partial(<function transformer_auto_wrap_policy at 0x7f282168b060>, transformer_layer_cls={<class 'transformers.models.qwen2.modeling_qwen2.Qwen2DecoderLayer'>})])
[36m(WorkerDict pid=50268)[0m Total steps: 30, num_warmup_steps: 0
[36m(WorkerDict pid=50268)[0m Actor use_remove_padding=True
[36m(WorkerDict pid=50268)[0m Before building vllm rollout, memory allocated (GB): 11.676271915435791, memory reserved (GB): 12.408203125
[36m(WorkerDict pid=50268)[0m INFO 05-25 14:51:38 [utils.py:240] non-default args: {'dtype': 'bfloat16', 'max_model_len': 1024, 'distributed_executor_backend': 'external_launcher', 'enable_prefix_caching': True, 'gpu_memory_utilization': 0.3, 'max_num_batched_tokens': 2048, 'disable_log_stats': True, 'enforce_eager': True, 'disable_custom_all_reduce': True, 'enable_chunked_prefill': True, 'enable_sleep_mode': True, 'model': '/root/autodl-tmp/models/Qwen/Qwen2.5-3B-Instruct'}
[36m(WorkerDict pid=50268)[0m INFO 05-25 14:51:38 [model.py:568] Resolved architecture: Qwen2ForCausalLM
[36m(WorkerDict pid=50268)[0m INFO 05-25 14:51:38 [model.py:1697] Using max model len 1024
[36m(WorkerDict pid=50268)[0m Loading safetensors checkpoint shards:   0% Completed | 0/2 [00:00<?, ?it/s]
[36m(WorkerDict pid=50268)[0m Loading safetensors checkpoint shards:  50% Completed | 1/2 [00:00<00:00,  1.44it/s]
[36m(WorkerDict pid=50268)[0m Loading safetensors checkpoint shards: 100% Completed | 2/2 [00:01<00:00,  1.85it/s]
[36m(WorkerDict pid=50268)[0m Loading safetensors checkpoint shards: 100% Completed | 2/2 [00:01<00:00,  1.77it/s]
[36m(WorkerDict pid=50268)[0m 
[36m(WorkerDict pid=50268)[0m /root/DeepResearcher/verl/workers/sharding_manager/fsdp_vllm.py:52: FutureWarning: FSDP.state_dict_type() and FSDP.set_state_dict_type() are being deprecated. Please use APIs, get_state_dict() and set_state_dict(), which can support different parallelisms, FSDP1, FSDP2, DDP. API doc: https://pytorch.org/docs/stable/distributed.checkpoint.html#torch.distributed.checkpoint.state_dict.get_state_dict .Tutorial: https://pytorch.org/tutorials/recipes/distributed_checkpoint_recipe.html .
[36m(WorkerDict pid=50268)[0m   FSDP.set_state_dict_type(self.module,
[36m(WorkerDict pid=50268)[0m INFO 05-25 14:51:38 [arg_utils.py:1739] Using ray runtime env (env vars redacted): {'env_vars': {'NCCL_DEBUG': '***', 'RANK': '***', 'RAY_LOCAL_RANK': '***', 'RAY_LOCAL_WORLD_SIZE': '***', 'TOKENIZERS_PARALLELISM': '***', 'WG_BACKEND': '***', 'WG_PREFIX': '***', 'WORLD_SIZE': '***'}}
[36m(WorkerDict pid=50268)[0m INFO 05-25 14:51:38 [parallel.py:769] Using external launcher for distributed inference.
[36m(WorkerDict pid=50268)[0m INFO 05-25 14:51:38 [parallel.py:829] Disabling V1 multiprocessing for external launcher.
[36m(WorkerDict pid=50268)[0m INFO 05-25 14:51:38 [scheduler.py:239] Chunked prefill is enabled with max_num_batched_tokens=2048.
[36m(WorkerDict pid=50268)[0m INFO 05-25 14:51:38 [vllm.py:886] Asynchronous scheduling is enabled.
[36m(WorkerDict pid=50268)[0m WARNING 05-25 14:51:38 [vllm.py:942] Enforce eager set, disabling torch.compile and CUDAGraphs. This is equivalent to setting -cc.mode=none -cc.cudagraph_mode=none
[36m(WorkerDict pid=50268)[0m WARNING 05-25 14:51:38 [vllm.py:960] Inductor compilation was disabled by user settings, optimizations settings that are only active during inductor compilation will be ignored.
[36m(WorkerDict pid=50268)[0m INFO 05-25 14:51:38 [kernel.py:212] Final IR op priority after setting platform defaults: IrOpPriorityConfig(rms_norm=['vllm_c', 'native'], fused_add_rms_norm=['vllm_c', 'native'])
[36m(WorkerDict pid=50268)[0m INFO 05-25 14:51:38 [vllm.py:1135] Cudagraph is disabled under eager mode
[36m(WorkerDict pid=50268)[0m INFO 05-25 14:51:38 [compilation.py:303] Enabled custom fusions: norm_quant, act_quant
[36m(WorkerDict pid=50268)[0m INFO 05-25 14:51:40 [core.py:109] Initializing a V1 LLM engine (v0.21.0) with config: model='/root/autodl-tmp/models/Qwen/Qwen2.5-3B-Instruct', speculative_config=None, tokenizer='/root/autodl-tmp/models/Qwen/Qwen2.5-3B-Instruct', skip_tokenizer_init=False, tokenizer_mode=auto, revision=None, tokenizer_revision=None, trust_remote_code=False, dtype=torch.bfloat16, max_seq_len=1024, download_dir=None, load_format=auto, tensor_parallel_size=1, pipeline_parallel_size=1, data_parallel_size=1, decode_context_parallel_size=1, dcp_comm_backend=ag_rs, disable_custom_all_reduce=True, quantization=None, quantization_config=None, enforce_eager=True, enable_return_routed_experts=False, kv_cache_dtype=auto, device_config=cuda, structured_outputs_config=StructuredOutputsConfig(backend='auto', disable_any_whitespace=False, disable_additional_properties=False, reasoning_parser='', reasoning_parser_plugin='', enable_in_reasoning=False), observability_config=ObservabilityConfig(show_hidden_metrics_for_version=None, otlp_traces_endpoint=None, collect_detailed_traces=None, kv_cache_metrics=False, kv_cache_metrics_sample=0.01, cudagraph_metrics=False, enable_layerwise_nvtx_tracing=False, enable_mfu_metrics=False, enable_mm_processor_stats=False, enable_logging_iteration_details=False), seed=0, served_model_name=/root/autodl-tmp/models/Qwen/Qwen2.5-3B-Instruct, enable_prefix_caching=True, enable_chunked_prefill=True, pooler_config=None, compilation_config={'mode': <CompilationMode.NONE: 0>, 'debug_dump_path': None, 'cache_dir': '', 'compile_cache_save_format': 'binary', 'backend': 'inductor', 'custom_ops': ['all'], 'ir_enable_torch_wrap': False, 'splitting_ops': [], 'compile_mm_encoder': False, 'cudagraph_mm_encoder': False, 'encoder_cudagraph_token_budgets': [], 'encoder_cudagraph_max_vision_items_per_batch': 0, 'encoder_cudagraph_max_frames_per_batch': None, 'compile_sizes': [], 'compile_ranges_endpoints': [2048], 'inductor_compile_config': {'enable_auto_functionalized_v2': False, 'size_asserts': False, 'alignment_asserts': False, 'scalar_asserts': False, 'combo_kernels': True, 'benchmark_combo_kernel': True}, 'inductor_passes': {}, 'cudagraph_mode': <CUDAGraphMode.NONE: 0>, 'cudagraph_num_of_warmups': 0, 'cudagraph_capture_sizes': [], 'cudagraph_copy_inputs': False, 'cudagraph_specialize_lora': True, 'use_inductor_graph_partition': False, 'pass_config': {'fuse_norm_quant': True, 'fuse_act_quant': True, 'fuse_attn_quant': False, 'enable_sp': False, 'fuse_gemm_comms': False, 'fuse_allreduce_rms': False, 'fuse_act_padding': False}, 'max_cudagraph_capture_size': 0, 'dynamic_shapes_config': {'type': <DynamicShapesType.BACKED: 'backed'>, 'evaluate_guards': False, 'assume_32_bit_indexing': False}, 'local_cache_dir': None, 'fast_moe_cold_start': False, 'static_all_moe_layers': []}, kernel_config=KernelConfig(ir_op_priority=IrOpPriorityConfig(rms_norm=['vllm_c', 'native'], fused_add_rms_norm=['vllm_c', 'native']), enable_flashinfer_autotune=False, moe_backend='auto')
[36m(WorkerDict pid=50268)[0m INFO 05-25 14:51:40 [parallel_state.py:1723] rank 0 in world size 1 is assigned as DP rank 0, PP rank 0, PCP rank 0, TP rank 0, EP rank N/A, EPLB rank N/A
[36m(WorkerDict pid=50268)[0m INFO 05-25 14:51:40 [topk_topp_sampler.py:45] Using FlashInfer for top-p & top-k sampling.
[36m(WorkerDict pid=50268)[0m INFO 05-25 14:51:40 [gpu_model_runner.py:4857] Starting to load model /root/autodl-tmp/models/Qwen/Qwen2.5-3B-Instruct...
[36m(WorkerDict pid=50268)[0m INFO 05-25 14:51:41 [cuda.py:372] Using FLASH_ATTN attention backend out of potential backends: ['FLASH_ATTN', 'FLASHINFER', 'TRITON_ATTN', 'FLEX_ATTENTION'].
[36m(WorkerDict pid=50268)[0m INFO 05-25 14:51:41 [flash_attn.py:641] Using FlashAttention version 2
[36m(WorkerDict pid=50268)[0m INFO 05-25 14:51:41 [weight_utils.py:938] Filesystem type for checkpoints: XFS. Checkpoint size: 5.75 GiB. Available RAM: 965.46 GiB.
[36m(WorkerDict pid=50268)[0m INFO 05-25 14:51:41 [weight_utils.py:961] Auto-prefetch is disabled because the filesystem (XFS) is not a recognized network FS (NFS/Lustre). If you want to force prefetching, start vLLM with --safetensors-load-strategy=prefetch.
[36m(WorkerDict pid=50268)[0m INFO 05-25 14:51:42 [default_loader.py:397] Loading weights took 1.15 seconds
[36m(WorkerDict pid=50268)[0m INFO 05-25 14:51:42 [gpu_model_runner.py:4959] Model loading took 5.79 GiB memory and 1.323450 seconds
[36m(WorkerDict pid=50268)[0m INFO 05-25 14:51:44 [gpu_worker.py:462] Available KV cache memory: 20.52 GiB
[36m(WorkerDict pid=50268)[0m INFO 05-25 14:51:44 [kv_cache_utils.py:1710] GPU KV cache size: 597,632 tokens
[36m(WorkerDict pid=50268)[0m INFO 05-25 14:51:44 [kv_cache_utils.py:1711] Maximum concurrency for 1,024 tokens per request: 583.62x
[36m(WorkerDict pid=50268)[0m INFO 05-25 14:51:44 [kernel_warmup.py:44] Skipping FlashInfer autotune because it is disabled.
[36m(WorkerDict pid=50268)[0m INFO 05-25 14:51:44 [jit_monitor.py:54] Kernel JIT monitor activated — Triton JIT compilations during inference will be logged as warnings.
[36m(WorkerDict pid=50268)[0m INFO 05-25 14:51:44 [core.py:306] init engine (profile, create kv cache, warmup model) took 1.41 s
[36m(WorkerDict pid=50268)[0m INFO 05-25 14:51:44 [block_pool.py:471] Successfully reset prefix cache
[36m(WorkerDict pid=50268)[0m INFO 05-25 14:51:47 [cumem.py:209] CuMemAllocator: sleep freed 26.41 GiB memory in total, of which 5.88 GiB is backed up in CPU and the rest 20.53 GiB is discarded directly.
[36m(WorkerDict pid=50268)[0m INFO 05-25 14:51:47 [gpu_worker.py:178] Sleep mode freed 28.13 GiB memory, 13.52 GiB memory is still in use.
[36m(WorkerDict pid=50268)[0m INFO 05-25 14:51:47 [abstract.py:331] It took 3.182762 seconds to fall asleep.
[36m(WorkerDict pid=50268)[0m kwargs: {'n': 1, 'logprobs': 0, 'max_tokens': 512, 'detokenize': False, 'temperature': 1.0, 'top_k': -1, 'top_p': 1, 'ignore_eos': False}
[36m(WorkerDict pid=50268)[0m After building vllm rollout, memory allocated (GB): 38.12354898452759, memory reserved (GB): 38.73046875
[36m(WorkerDict pid=50268)[0m After building sharding manager, memory allocated (GB): 38.12354898452759, memory reserved (GB): 38.73046875
[36m(main_task pid=50137)[0m swanlab: Tracking run with swanlab version 0.7.19
[36m(main_task pid=50137)[0m swanlab: Run data will be saved locally in 
[36m(main_task pid=50137)[0m /root/DeepResearcher/swanlog/run-20260525_145149-yuywfoee5pa1tgivdcytv
[36m(WorkerDict pid=50268)[0m /root/miniconda3/lib/python3.12/site-packages/torch/utils/_contextlib.py:124: UserWarning: When using ``NO_SHARD`` for ``ShardingStrategy``, full_state_dict will be returned.
[36m(WorkerDict pid=50268)[0m   return func(*args, **kwargs)
[36m(main_task pid=50137)[0m swanlab: 👋 Hi Fyrgo,welcome to swanlab!
[36m(main_task pid=50137)[0m swanlab: Syncing run exp03_lora_rank64_alpha16 to the cloud
[36m(main_task pid=50137)[0m swanlab: 🏠 View project at https://swanlab.cn/@Fyrgo/verl_examples
[36m(main_task pid=50137)[0m swanlab: 🚀 View run at 
[36m(main_task pid=50137)[0m https://swanlab.cn/@Fyrgo/verl_examples/runs/yuywfoee5pa1tgivdcytv
[36m(main_task pid=50137)[0m Using LocalLogger is deprecated. The constructor API will change 
[36m(main_task pid=50137)[0m Checkpoint tracker file does not exist: %s /root/DeepResearcher/./ckpts/verl_examples/exp03_lora_rank64_alpha16/latest_checkpointed_iteration.txt
[36m(main_task pid=50137)[0m Training from scratch
[36m(main_task pid=50137)[0m node 0 in fit function!
[36m(main_task pid=50137)[0m node 0 gains 512 datas!
[36m(main_task pid=50137)[0m node 0 step 0 start!
[36m(main_task pid=50137)[0m rollout_step_1_round_0.json 写入完成
[36m(main_task pid=50137)[0m node 0, turn 0 rollings_active is 1024 datas
[36m(main_task pid=50137)[0m swanlab: 🏠 View project at https://swanlab.cn/@Fyrgo/verl_examples
[36m(main_task pid=50137)[0m swanlab: 🚀 View run at 
[36m(main_task pid=50137)[0m https://swanlab.cn/@Fyrgo/verl_examples/runs/yuywfoee5pa1tgivdcytv
[36m(WorkerDict pid=50268)[0m INFO 05-25 14:51:51 [abstract.py:349] It took 0.185541 seconds to wake up tags {'kv_cache', 'weights'}.
Error executing job with overrides: ['actor_rollout_ref.model.path=/root/autodl-tmp/models/Qwen/Qwen2.5-3B-Instruct', 'actor_rollout_ref.model.use_remove_padding=true', 'actor_rollout_ref.model.use_lora=true', 'actor_rollout_ref.model.lora_rank=64', 'actor_rollout_ref.model.lora_alpha=16', 'actor_rollout_ref.model.lora_dropout=0.0', '+actor_rollout_ref.actor.fsdp_config.model_dtype=bf16', 'actor_rollout_ref.actor.fsdp_config.param_offload=false', 'actor_rollout_ref.actor.fsdp_config.optimizer_offload=False', 'actor_rollout_ref.actor.ulysses_sequence_parallel_size=1', 'actor_rollout_ref.ref.fsdp_config.param_offload=true', 'actor_rollout_ref.ref.ulysses_sequence_parallel_size=1', 'actor_rollout_ref.rollout.tensor_model_parallel_size=1', 'actor_rollout_ref.rollout.gpu_memory_utilization=0.3', 'actor_rollout_ref.rollout.max_model_len=2048', 'actor_rollout_ref.rollout.max_num_batched_tokens=2048', 'critic.model.path=/root/autodl-tmp/models/Qwen/Qwen2.5-3B-Instruct', 'critic.ulysses_sequence_parallel_size=1', 'data.train_files=/root/DeepResearcher/data/train.parquet', 'data.max_prompt_length=512', 'data.max_response_length=512', 'data.train_batch_size=512', '+data.num_workers=0', 'algorithm.adv_estimator=drgrpo', 'algorithm.kl_penalty=kl', 'algorithm.kl_ctrl.type=fixed', 'algorithm.kl_ctrl.kl_coef=0.001', 'algorithm.gamma=1.0', 'algorithm.lam=1.0', 'trainer.total_training_steps=30', 'trainer.experiment_name=exp03_lora_rank64_alpha16', "trainer.logger=['console','swanlab']", 'trainer.save_freq=500', 'trainer.test_freq=100', '+trainer.val_before_train=false', 'trainer.nnodes=1', 'trainer.n_gpus_per_node=1', 'max_turns=6', 'do_search=true', 'agent_grpo.n=2', 'search_engine=searxng', 'reward_model.reward_manager=naive', 'reward_model.use_pbrs=false', 'reward_model.use_curriculum=false', 'reward_model.use_query_monitoring=false', 'algorithm.entropy_bonus_coef=0.0']
Traceback (most recent call last):
  File "/root/DeepResearcher/verl/trainer/main_ppo.py", line 168, in <module>
    main()
  File "/root/miniconda3/lib/python3.12/site-packages/hydra/main.py", line 94, in decorated_main
    _run_hydra(
  File "/root/miniconda3/lib/python3.12/site-packages/hydra/_internal/utils.py", line 394, in _run_hydra
    _run_app(
  File "/root/miniconda3/lib/python3.12/site-packages/hydra/_internal/utils.py", line 457, in _run_app
    run_and_report(
  File "/root/miniconda3/lib/python3.12/site-packages/hydra/_internal/utils.py", line 223, in run_and_report
    raise ex
  File "/root/miniconda3/lib/python3.12/site-packages/hydra/_internal/utils.py", line 220, in run_and_report
    return func()
           ^^^^^^
  File "/root/miniconda3/lib/python3.12/site-packages/hydra/_internal/utils.py", line 458, in <lambda>
    lambda: hydra.run(
            ^^^^^^^^^^
  File "/root/miniconda3/lib/python3.12/site-packages/hydra/_internal/hydra.py", line 132, in run
    _ = ret.return_value
        ^^^^^^^^^^^^^^^^
  File "/root/miniconda3/lib/python3.12/site-packages/hydra/core/utils.py", line 260, in return_value
    raise self._return_value
  File "/root/miniconda3/lib/python3.12/site-packages/hydra/core/utils.py", line 186, in run_job
    ret.return_value = task_function(task_cfg)
                       ^^^^^^^^^^^^^^^^^^^^^^^
  File "/root/DeepResearcher/verl/trainer/main_ppo.py", line 26, in main
    run_ppo(config)
  File "/root/DeepResearcher/verl/trainer/main_ppo.py", line 34, in run_ppo
    ray.get(main_task.remote(config, compute_score))
  File "/root/miniconda3/lib/python3.12/site-packages/ray/_private/auto_init_hook.py", line 22, in auto_init_wrapper
    return fn(*args, **kwargs)
           ^^^^^^^^^^^^^^^^^^^
  File "/root/miniconda3/lib/python3.12/site-packages/ray/_private/client_mode_hook.py", line 107, in wrapper
    return func(*args, **kwargs)
           ^^^^^^^^^^^^^^^^^^^^^
  File "/root/miniconda3/lib/python3.12/site-packages/ray/_private/worker.py", line 2980, in get
    values, debugger_breakpoint = worker.get_objects(
                                  ^^^^^^^^^^^^^^^^^^^
  File "/root/miniconda3/lib/python3.12/site-packages/ray/_private/worker.py", line 1023, in get_objects
    raise value.as_instanceof_cause()
ray.exceptions.RayTaskError(KeyError): [36mray::main_task()[39m (pid=50137, ip=172.17.0.6)
  File "/root/DeepResearcher/verl/trainer/main_ppo.py", line 164, in main_task
    trainer.fit()
  File "/root/DeepResearcher/verl/trainer/ppo/ray_trainer.py", line 1122, in fit
    gen_str_list, gen_batch_output = generation_manager.run_llm_loop(
                                     ^^^^^^^^^^^^^^^^^^^^^^^^^^^^^^^^
  File "/root/DeepResearcher/scrl/llm_agent/generation.py", line 463, in run_llm_loop
    gen_output = self._generate_with_gpu_padding(rollings_active)
                 ^^^^^^^^^^^^^^^^^^^^^^^^^^^^^^^^^^^^^^^^^^^^^^^^
  File "/root/DeepResearcher/scrl/llm_agent/generation.py", line 307, in _generate_with_gpu_padding
    return self.actor_rollout_wg.generate_sequences(active_batch)
           ^^^^^^^^^^^^^^^^^^^^^^^^^^^^^^^^^^^^^^^^^^^^^^^^^^^^^^
  File "/root/DeepResearcher/verl/single_controller/ray/base.py", line 42, in func
    output = ray.get(output)
             ^^^^^^^^^^^^^^^
           ^^^^^^^^^^^^^^^^^^^
           ^^^^^^^^^^^^^^^^^^^^^
                                  ^^^^^^^^^^^^^^^^^^^
ray.exceptions.RayTaskError(KeyError): [36mray::WorkerDict.actor_rollout_generate_sequences()[39m (pid=50268, ip=172.17.0.6, actor_id=a41ee4e87c7117050b3c504601000000, repr=<verl.single_controller.ray.base.WorkerDict object at 0x7f25d3873650>)
           ^^^^^^^^^^^^^^^^^^^^^^^^^^^^^^^^^^^^
           ^^^^^^^^^^^^^^^^^^^^^^^^^^^^^^^
  File "/root/DeepResearcher/verl/single_controller/ray/base.py", line 399, in func
    return getattr(self.worker_dict[key], name)(*args, **kwargs)
           ^^^^^^^^^^^^^^^^^^^^^^^^^^^^^^^^^^^^^^^^^^^^^^^^^^^^^
  File "/root/DeepResearcher/verl/single_controller/base/decorator.py", line 404, in inner
    return func(*args, **kwargs)
           ^^^^^^^^^^^^^^^^^^^^^
  File "/root/DeepResearcher/verl/workers/fsdp_workers.py", line 538, in generate_sequences
    with self.rollout_sharding_manager:
  File "/root/DeepResearcher/verl/workers/sharding_manager/fsdp_vllm.py", line 88, in __enter__
    load_dtensor_weights(
  File "/root/DeepResearcher/verl/third_party/vllm/vllm_spmd/dtensor_weight_loaders.py", line 378, in load_dtensor_weights
    weight_loader(actor_weights, vllm_model)
  File "/root/DeepResearcher/verl/third_party/vllm/vllm_spmd/dtensor_weight_loaders.py", line 174, in qwen2_dtensor_weight_loader
    param = params_dict[name]
            ~~~~~~~~~~~^^^^^^
KeyError: 'model.layers.0.self_attn.qkv_proj.base_layer.weight'
2026-05-25 14:54:17,403	WARNING utils.py:461 -- Detecting docker specified CPUs. In previous versions of Ray, CPU detection in containers was incorrect. Please ensure that Ray has enough CPUs allocated. As a temporary workaround to revert to the prior behavior, set `RAY_USE_MULTIPROCESSING_CPU_COUNT=1` as an env var before starting Ray. Set the env var: `RAY_DISABLE_DOCKER_CPU_WARNING=1` to mute this warning.
2026-05-25 14:54:20,697	INFO worker.py:2012 -- Started a local Ray instance.
/root/miniconda3/lib/python3.12/site-packages/ray/_private/worker.py:2051: FutureWarning: Tip: In future versions of Ray, Ray will no longer override accelerator visible devices env var if num_gpus=0 or num_gpus=None (default). To enable this behavior and turn off this error message, set RAY_ACCEL_ENV_VAR_OVERRIDE_ON_ZERO=0
  warnings.warn(
[36m(main_task pid=52565)[0m {'actor_rollout_ref': {'actor': {'clip_ratio': 0.2,
[36m(main_task pid=52565)[0m                                  'entropy_coeff': 0.001,
[36m(main_task pid=52565)[0m                                  'fsdp_config': {'fsdp_size': -1,
[36m(main_task pid=52565)[0m                                                  'model_dtype': 'bf16',
[36m(main_task pid=52565)[0m                                                  'optimizer_offload': False,
[36m(main_task pid=52565)[0m                                                  'param_offload': False,
[36m(main_task pid=52565)[0m                                                  'wrap_policy': {'min_num_params': 0}},
[36m(main_task pid=52565)[0m                                  'grad_clip': 1.0,
[36m(main_task pid=52565)[0m                                  'kl_loss_coef': 0.001,
[36m(main_task pid=52565)[0m                                  'kl_loss_type': 'low_var_kl',
[36m(main_task pid=52565)[0m                                  'optim': {'lr': 1e-06,
[36m(main_task pid=52565)[0m                                            'lr_warmup_steps_ratio': 0.0,
[36m(main_task pid=52565)[0m                                            'min_lr_ratio': None,
[36m(main_task pid=52565)[0m                                            'total_training_steps': -1,
[36m(main_task pid=52565)[0m                                            'warmup_style': 'constant'},
[36m(main_task pid=52565)[0m                                  'ppo_epochs': 1,
[36m(main_task pid=52565)[0m                                  'ppo_max_token_len_per_gpu': 8192,
[36m(main_task pid=52565)[0m                                  'ppo_micro_batch_size': None,
[36m(main_task pid=52565)[0m                                  'ppo_micro_batch_size_per_gpu': None,
[36m(main_task pid=52565)[0m                                  'ppo_mini_batch_size': 256,
[36m(main_task pid=52565)[0m                                  'shuffle': False,
[36m(main_task pid=52565)[0m                                  'strategy': 'fsdp',
[36m(main_task pid=52565)[0m                                  'ulysses_sequence_parallel_size': 1,
[36m(main_task pid=52565)[0m                                  'use_dynamic_bsz': True,
[36m(main_task pid=52565)[0m                                  'use_kl_loss': True},
[36m(main_task pid=52565)[0m                        'hybrid_engine': True,
[36m(main_task pid=52565)[0m                        'model': {'enable_gradient_checkpointing': True,
[36m(main_task pid=52565)[0m                                  'external_lib': None,
[36m(main_task pid=52565)[0m                                  'lora_alpha': 16,
[36m(main_task pid=52565)[0m                                  'lora_dropout': 0.0,
[36m(main_task pid=52565)[0m                                  'lora_rank': 64,
[36m(main_task pid=52565)[0m                                  'override_config': {},
[36m(main_task pid=52565)[0m                                  'path': '/root/autodl-tmp/models/Qwen/Qwen2.5-3B-Instruct',
[36m(main_task pid=52565)[0m                                  'use_lora': True,
[36m(main_task pid=52565)[0m                                  'use_remove_padding': True},
[36m(main_task pid=52565)[0m                        'ref': {'fsdp_config': {'param_offload': True,
[36m(main_task pid=52565)[0m                                                'wrap_policy': {'min_num_params': 0}},
[36m(main_task pid=52565)[0m                                'log_prob_max_token_len_per_gpu': 8192,
[36m(main_task pid=52565)[0m                                'log_prob_micro_batch_size': None,
[36m(main_task pid=52565)[0m                                'log_prob_micro_batch_size_per_gpu': None,
[36m(main_task pid=52565)[0m                                'log_prob_use_dynamic_bsz': True,
[36m(main_task pid=52565)[0m                                'ulysses_sequence_parallel_size': 1},
[36m(main_task pid=52565)[0m                        'rollout': {'disable_log_stats': True,
[36m(main_task pid=52565)[0m                                    'do_sample': True,
[36m(main_task pid=52565)[0m                                    'dtype': 'bfloat16',
[36m(main_task pid=52565)[0m                                    'enable_chunked_prefill': True,
[36m(main_task pid=52565)[0m                                    'enforce_eager': True,
[36m(main_task pid=52565)[0m                                    'free_cache_engine': True,
[36m(main_task pid=52565)[0m                                    'gpu_memory_utilization': 0.3,
[36m(main_task pid=52565)[0m                                    'ignore_eos': False,
[36m(main_task pid=52565)[0m                                    'load_format': 'dummy_dtensor',
[36m(main_task pid=52565)[0m                                    'log_prob_max_token_len_per_gpu': 8192,
[36m(main_task pid=52565)[0m                                    'log_prob_micro_batch_size': None,
[36m(main_task pid=52565)[0m                                    'log_prob_micro_batch_size_per_gpu': None,
[36m(main_task pid=52565)[0m                                    'log_prob_use_dynamic_bsz': True,
[36m(main_task pid=52565)[0m                                    'max_model_len': 2048,
[36m(main_task pid=52565)[0m                                    'max_num_batched_tokens': 2048,
[36m(main_task pid=52565)[0m                                    'max_num_seqs': 1024,
[36m(main_task pid=52565)[0m                                    'n': 1,
[36m(main_task pid=52565)[0m                                    'name': 'vllm',
[36m(main_task pid=52565)[0m                                    'prompt_length': 512,
[36m(main_task pid=52565)[0m                                    'response_length': 512,
[36m(main_task pid=52565)[0m                                    'temperature': 1.0,
[36m(main_task pid=52565)[0m                                    'tensor_model_parallel_size': 1,
[36m(main_task pid=52565)[0m                                    'top_k': -1,
[36m(main_task pid=52565)[0m                                    'top_p': 1,
[36m(main_task pid=52565)[0m                                    'use_fire_sampling': False}},
[36m(main_task pid=52565)[0m  'agent_grpo': {'n': 2},
[36m(main_task pid=52565)[0m  'algorithm': {'adv_estimator': 'drgrpo',
[36m(main_task pid=52565)[0m                'entropy_bonus_coef': 0.0,
[36m(main_task pid=52565)[0m                'gamma': 1.0,
[36m(main_task pid=52565)[0m                'kl_ctrl': {'kl_coef': 0.001, 'type': 'fixed'},
[36m(main_task pid=52565)[0m                'kl_penalty': 'kl',
[36m(main_task pid=52565)[0m                'lam': 1.0},
[36m(main_task pid=52565)[0m  'critic': {'cliprange_value': 0.5,
[36m(main_task pid=52565)[0m             'forward_max_token_len_per_gpu': 32768,
[36m(main_task pid=52565)[0m             'forward_micro_batch_size': None,
[36m(main_task pid=52565)[0m             'forward_micro_batch_size_per_gpu': None,
[36m(main_task pid=52565)[0m             'grad_clip': 1.0,
[36m(main_task pid=52565)[0m             'model': {'enable_gradient_checkpointing': True,
[36m(main_task pid=52565)[0m                       'external_lib': None,
[36m(main_task pid=52565)[0m                       'fsdp_config': {'fsdp_size': -1,
[36m(main_task pid=52565)[0m                                       'optimizer_offload': False,
[36m(main_task pid=52565)[0m                                       'param_offload': False,
[36m(main_task pid=52565)[0m                                       'wrap_policy': {'min_num_params': 0}},
[36m(main_task pid=52565)[0m                       'override_config': {},
[36m(main_task pid=52565)[0m                       'path': '/root/autodl-tmp/models/Qwen/Qwen2.5-3B-Instruct',
[36m(main_task pid=52565)[0m                       'tokenizer_path': '/root/autodl-tmp/models/Qwen/Qwen2.5-3B-Instruct',
[36m(main_task pid=52565)[0m                       'use_remove_padding': True},
[36m(main_task pid=52565)[0m             'optim': {'lr': 1e-05,
[36m(main_task pid=52565)[0m W0525 14:54:29.401000 52565 site-packages/torch/utils/cpp_extension.py:140] No CUDA runtime is found, using CUDA_HOME='/usr/local/cuda'
[36m(main_task pid=52565)[0m                       'lr_warmup_steps_ratio': 0.0,
[36m(main_task pid=52565)[0m                       'min_lr_ratio': None,
[36m(main_task pid=52565)[0m                       'total_training_steps': -1,
[36m(main_task pid=52565)[0m                       'warmup_style': 'constant'},
[36m(main_task pid=52565)[0m             'ppo_epochs': 1,
[36m(main_task pid=52565)[0m             'ppo_max_token_len_per_gpu': 32768,
[36m(main_task pid=52565)[0m             'ppo_micro_batch_size': None,
[36m(main_task pid=52565)[0m             'ppo_micro_batch_size_per_gpu': None,
[36m(main_task pid=52565)[0m             'ppo_mini_batch_size': 256,
[36m(main_task pid=52565)[0m             'shuffle': False,
[36m(main_task pid=52565)[0m             'strategy': 'fsdp',
[36m(main_task pid=52565)[0m             'ulysses_sequence_parallel_size': 1,
[36m(main_task pid=52565)[0m             'use_dynamic_bsz': True},
[36m(main_task pid=52565)[0m  'data': {'data_writing_file': './signal/data.json',
[36m(main_task pid=52565)[0m           'image_key': 'images',
[36m(main_task pid=52565)[0m           'max_prompt_length': 512,
[36m(main_task pid=52565)[0m           'max_response_length': 512,
[36m(main_task pid=52565)[0m           'n_gpus_per_node': 8,
[36m(main_task pid=52565)[0m           'num_workers': 0,
[36m(main_task pid=52565)[0m           'prompt_key': 'prompt',
[36m(main_task pid=52565)[0m           'query_signal': 1,
[36m(main_task pid=52565)[0m           'response_signal': 0,
[36m(main_task pid=52565)[0m           'return_raw_chat': False,
[36m(main_task pid=52565)[0m           'return_raw_input_ids': False,
[36m(main_task pid=52565)[0m           'shuffle': True,
[36m(main_task pid=52565)[0m           'signal_writing_file': './signal/signal.json',
[36m(main_task pid=52565)[0m           'tokenizer': None,
[36m(main_task pid=52565)[0m           'train_batch_size': 512,
[36m(main_task pid=52565)[0m           'train_files': '/root/DeepResearcher/data/train.parquet',
[36m(main_task pid=52565)[0m           'val_batch_size': None,
[36m(main_task pid=52565)[0m           'val_files': '~/data/rlhf/gsm8k/test.parquet'},
[36m(main_task pid=52565)[0m  'do_search': True,
[36m(main_task pid=52565)[0m  'max_turns': 6,
[36m(main_task pid=52565)[0m  'reward_model': {'curriculum_bonus_coef': 0.05,
[36m(main_task pid=52565)[0m                   'curriculum_end_turn': 5,
[36m(main_task pid=52565)[0m                   'curriculum_start_turn': 2,
[36m(main_task pid=52565)[0m                   'early_stop_penalty_coef': 0.05,
[36m(main_task pid=52565)[0m                   'enable': False,
[36m(main_task pid=52565)[0m                   'forward_max_token_len_per_gpu': 32768,
[36m(main_task pid=52565)[0m                   'max_length': None,
[36m(main_task pid=52565)[0m                   'micro_batch_size': None,
[36m(main_task pid=52565)[0m                   'micro_batch_size_per_gpu': None,
[36m(main_task pid=52565)[0m                   'model': {'external_lib': None,
[36m(main_task pid=52565)[0m                             'fsdp_config': {'fsdp_size': -1,
[36m(main_task pid=52565)[0m                                             'min_num_params': 0,
[36m(main_task pid=52565)[0m                                             'param_offload': False},
[36m(main_task pid=52565)[0m                             'input_tokenizer': '/root/autodl-tmp/models/Qwen/Qwen2.5-3B-Instruct',
[36m(main_task pid=52565)[0m                             'path': '~/models/FsfairX-LLaMA3-RM-v0.1',
[36m(main_task pid=52565)[0m                             'use_remove_padding': True},
[36m(main_task pid=52565)[0m                   'pbrs_gamma': 0.5,
[36m(main_task pid=52565)[0m                   'query_repetition_penalty_coef': 0.05,
[36m(main_task pid=52565)[0m                   'reward_manager': 'naive',
[36m(main_task pid=52565)[0m                   'strategy': 'fsdp',
[36m(main_task pid=52565)[0m                   'ulysses_sequence_parallel_size': 2,
[36m(main_task pid=52565)[0m                   'use_curriculum': False,
[36m(main_task pid=52565)[0m                   'use_dynamic_bsz': True,
[36m(main_task pid=52565)[0m                   'use_pbrs': False,
[36m(main_task pid=52565)[0m                   'use_query_monitoring': False},
[36m(main_task pid=52565)[0m  'search_engine': 'searxng',
[36m(main_task pid=52565)[0m  'trainer': {'critic_warmup': 0,
[36m(main_task pid=52565)[0m              'default_hdfs_dir': None,
[36m(main_task pid=52565)[0m              'default_local_dir': './ckpts/verl_examples/exp03_lora_rank64_alpha16',
[36m(main_task pid=52565)[0m              'del_local_ckpt_after_load': False,
[36m(main_task pid=52565)[0m              'experiment_name': 'exp03_lora_rank64_alpha16',
[36m(main_task pid=52565)[0m              'logger': ['console', 'swanlab'],
[36m(main_task pid=52565)[0m              'n_gpus_per_node': 1,
[36m(main_task pid=52565)[0m              'nnodes': 1,
[36m(main_task pid=52565)[0m              'project_name': 'verl_examples',
[36m(main_task pid=52565)[0m              'remove_previous_ckpt_in_save': False,
[36m(main_task pid=52565)[0m              'resume_from_path': False,
[36m(main_task pid=52565)[0m              'resume_mode': 'auto',
[36m(main_task pid=52565)[0m              'save_freq': 500,
[36m(main_task pid=52565)[0m              'test_freq': 100,
[36m(main_task pid=52565)[0m              'total_epochs': 30,
[36m(main_task pid=52565)[0m              'total_training_steps': 30,
[36m(main_task pid=52565)[0m              'val_before_train': False,
[36m(main_task pid=52565)[0m              'val_generations_to_log_to_wandb': 0}}
[36m(main_task pid=52565)[0m update signal file finish!
[36m(main_task pid=52565)[0m [validate_config] All configuration checks passed successfully!
[36m(main_task pid=52565)[0m original dataset len: 80000
[36m(main_task pid=52565)[0m filter dataset len: 80000
[36m(main_task pid=52565)[0m original dataset len: 3197
[36m(main_task pid=52565)[0m filter dataset len: 3197
[36m(main_task pid=52565)[0m Size of train dataloader: 156
[36m(main_task pid=52565)[0m Total training steps: 30
[36m(WorkerDict pid=52693)[0m Model config after override: Qwen2Config {
[36m(WorkerDict pid=52693)[0m   "architectures": [
[36m(WorkerDict pid=52693)[0m     "Qwen2ForCausalLM"
[36m(WorkerDict pid=52693)[0m   ],
[36m(WorkerDict pid=52693)[0m   "attention_dropout": 0.0,
[36m(WorkerDict pid=52693)[0m   "bos_token_id": null,
[36m(WorkerDict pid=52693)[0m   "dtype": "bfloat16",
[36m(WorkerDict pid=52693)[0m   "eos_token_id": 151645,
[36m(WorkerDict pid=52693)[0m   "hidden_act": "silu",
[36m(WorkerDict pid=52693)[0m   "hidden_size": 2048,
[36m(WorkerDict pid=52693)[0m   "initializer_range": 0.02,
[36m(WorkerDict pid=52693)[0m   "intermediate_size": 11008,
[36m(WorkerDict pid=52693)[0m   "layer_types": [
[36m(WorkerDict pid=52693)[0m     "full_attention",
[36m(WorkerDict pid=52693)[0m     "full_attention",
[36m(WorkerDict pid=52693)[0m     "full_attention",
[36m(WorkerDict pid=52693)[0m     "full_attention",
[36m(WorkerDict pid=52693)[0m     "full_attention",
[36m(WorkerDict pid=52693)[0m     "full_attention",
[36m(WorkerDict pid=52693)[0m     "full_attention",
[36m(WorkerDict pid=52693)[0m     "full_attention",
[36m(WorkerDict pid=52693)[0m     "full_attention",
[36m(WorkerDict pid=52693)[0m     "full_attention",
[36m(WorkerDict pid=52693)[0m     "full_attention",
[36m(WorkerDict pid=52693)[0m     "full_attention",
[36m(WorkerDict pid=52693)[0m     "full_attention",
[36m(WorkerDict pid=52693)[0m     "full_attention",
[36m(WorkerDict pid=52693)[0m     "full_attention",
[36m(WorkerDict pid=52693)[0m     "full_attention",
[36m(WorkerDict pid=52693)[0m     "full_attention",
[36m(WorkerDict pid=52693)[0m     "full_attention",
[36m(WorkerDict pid=52693)[0m     "full_attention",
[36m(WorkerDict pid=52693)[0m     "full_attention",
[36m(WorkerDict pid=52693)[0m     "full_attention",
[36m(WorkerDict pid=52693)[0m Loading weights:   0%|          | 0/434 [00:00<?, ?it/s]
[36m(WorkerDict pid=52693)[0m Loading weights: 100%|██████████| 434/434 [00:00<00:00, 10637.23it/s]
[36m(WorkerDict pid=52693)[0m /root/miniconda3/lib/python3.12/site-packages/torch/distributed/c10d_logger.py:83: UserWarning: barrier(): using the device under current context. You can specify `device_id` in `init_process_group` to mute this warning.
[36m(WorkerDict pid=52693)[0m   return func(*args, **kwargs)
[36m(WorkerDict pid=52693)[0m [rank0]:[W525 14:54:50.354184846 ProcessGroupNCCL.cpp:5188] Guessing device ID based on global rank. This can cause a hang if rank to GPU mapping is heterogeneous. You can specify device_id in init_process_group()
[36m(WorkerDict pid=52693)[0m /root/miniconda3/lib/python3.12/site-packages/torch/distributed/fsdp/fully_sharded_data_parallel.py:478: UserWarning: FSDP is switching to use `NO_SHARD` instead of ShardingStrategy.FULL_SHARD since the world size is 1.
[36m(WorkerDict pid=52693)[0m   _init_core_state(
[36m(WorkerDict pid=52693)[0m Loading weights:   0%|          | 0/434 [00:00<?, ?it/s]Loading weights: 100%|██████████| 434/434 [00:00<00:00, 11107.55it/s]
[36m(WorkerDict pid=52693)[0m /root/miniconda3/lib/python3.12/site-packages/torch/distributed/c10d_logger.py:83: UserWarning: barrier(): using the device under current context. You can specify `device_id` in `init_process_group` to mute this warning.
[36m(WorkerDict pid=52693)[0m   return func(*args, **kwargs)
[36m(WorkerDict pid=52693)[0m /root/miniconda3/lib/python3.12/site-packages/torch/distributed/fsdp/fully_sharded_data_parallel.py:478: UserWarning: FSDP is switching to use `NO_SHARD` instead of ShardingStrategy.FULL_SHARD since the world size is 1.
[36m(WorkerDict pid=52693)[0m   _init_core_state(
[36m(WorkerDict pid=52693)[0m     "full_attention",
[36m(WorkerDict pid=52693)[0m     "full_attention",
[36m(WorkerDict pid=52693)[0m     "full_attention",
[36m(WorkerDict pid=52693)[0m     "full_attention",
[36m(WorkerDict pid=52693)[0m     "full_attention",
[36m(WorkerDict pid=52693)[0m     "full_attention",
[36m(WorkerDict pid=52693)[0m     "full_attention",
[36m(WorkerDict pid=52693)[0m     "full_attention",
[36m(WorkerDict pid=52693)[0m     "full_attention",
[36m(WorkerDict pid=52693)[0m     "full_attention",
[36m(WorkerDict pid=52693)[0m     "full_attention",
[36m(WorkerDict pid=52693)[0m     "full_attention",
[36m(WorkerDict pid=52693)[0m     "full_attention",
[36m(WorkerDict pid=52693)[0m     "full_attention",
[36m(WorkerDict pid=52693)[0m     "full_attention"
[36m(WorkerDict pid=52693)[0m   ],
[36m(WorkerDict pid=52693)[0m   "max_position_embeddings": 32768,
[36m(WorkerDict pid=52693)[0m   "max_window_layers": 70,
[36m(WorkerDict pid=52693)[0m   "model_type": "qwen2",
[36m(WorkerDict pid=52693)[0m   "num_attention_heads": 16,
[36m(WorkerDict pid=52693)[0m   "num_hidden_layers": 36,
[36m(WorkerDict pid=52693)[0m   "num_key_value_heads": 2,
[36m(WorkerDict pid=52693)[0m   "pad_token_id": 151643,
[36m(WorkerDict pid=52693)[0m   "rms_norm_eps": 1e-06,
[36m(WorkerDict pid=52693)[0m   "rope_parameters": {
[36m(WorkerDict pid=52693)[0m     "rope_theta": 1000000.0,
[36m(WorkerDict pid=52693)[0m     "rope_type": "default"
[36m(WorkerDict pid=52693)[0m   },
[36m(WorkerDict pid=52693)[0m   "sliding_window": null,
[36m(WorkerDict pid=52693)[0m   "tie_word_embeddings": true,
[36m(WorkerDict pid=52693)[0m   "transformers_version": "5.9.0",
[36m(WorkerDict pid=52693)[0m   "use_cache": true,
[36m(WorkerDict pid=52693)[0m   "use_sliding_window": false,
[36m(WorkerDict pid=52693)[0m   "vocab_size": 151936
[36m(WorkerDict pid=52693)[0m }
[36m(WorkerDict pid=52693)[0m 
[36m(WorkerDict pid=52693)[0m Qwen2ForCausalLM contains 3.09B parameters
[36m(WorkerDict pid=52693)[0m wrap_policy: functools.partial(<function _or_policy at 0x7f5e613631a0>, policies=[functools.partial(<function transformer_auto_wrap_policy at 0x7f5e61363060>, transformer_layer_cls={<class 'transformers.models.qwen2.modeling_qwen2.Qwen2DecoderLayer'>})])
[36m(WorkerDict pid=52693)[0m Actor use_remove_padding=True
[36m(WorkerDict pid=52693)[0m Model config after override: Qwen2Config {
[36m(WorkerDict pid=52693)[0m   "architectures": [
[36m(WorkerDict pid=52693)[0m     "Qwen2ForCausalLM"
[36m(WorkerDict pid=52693)[0m   ],
[36m(WorkerDict pid=52693)[0m   "attention_dropout": 0.0,
[36m(WorkerDict pid=52693)[0m   "bos_token_id": null,
[36m(WorkerDict pid=52693)[0m   "dtype": "bfloat16",
[36m(WorkerDict pid=52693)[0m   "eos_token_id": 151645,
[36m(WorkerDict pid=52693)[0m   "hidden_act": "silu",
[36m(WorkerDict pid=52693)[0m   "hidden_size": 2048,
[36m(WorkerDict pid=52693)[0m   "initializer_range": 0.02,
[36m(WorkerDict pid=52693)[0m   "intermediate_size": 11008,
[36m(WorkerDict pid=52693)[0m   "layer_types": [
[36m(WorkerDict pid=52693)[0m     "full_attention",
[36m(WorkerDict pid=52693)[0m     "full_attention",
[36m(WorkerDict pid=52693)[0m     "full_attention",
[36m(WorkerDict pid=52693)[0m     "full_attention",
[36m(WorkerDict pid=52693)[0m     "full_attention",
[36m(WorkerDict pid=52693)[0m     "full_attention",
[36m(WorkerDict pid=52693)[0m     "full_attention",
[36m(WorkerDict pid=52693)[0m     "full_attention",
[36m(WorkerDict pid=52693)[0m     "full_attention",
[36m(WorkerDict pid=52693)[0m     "full_attention",
[36m(WorkerDict pid=52693)[0m     "full_attention",
[36m(WorkerDict pid=52693)[0m     "full_attention",
[36m(WorkerDict pid=52693)[0m     "full_attention",
[36m(WorkerDict pid=52693)[0m     "full_attention",
[36m(WorkerDict pid=52693)[0m     "full_attention",
[36m(WorkerDict pid=52693)[0m     "full_attention",
[36m(WorkerDict pid=52693)[0m     "full_attention",
[36m(WorkerDict pid=52693)[0m     "full_attention",
[36m(WorkerDict pid=52693)[0m     "full_attention",
[36m(WorkerDict pid=52693)[0m     "full_attention",
[36m(WorkerDict pid=52693)[0m     "full_attention",
[36m(WorkerDict pid=52693)[0m     "full_attention",
[36m(WorkerDict pid=52693)[0m     "full_attention",
[36m(WorkerDict pid=52693)[0m     "full_attention",
[36m(WorkerDict pid=52693)[0m     "full_attention",
[36m(WorkerDict pid=52693)[0m     "full_attention",
[36m(WorkerDict pid=52693)[0m     "full_attention",
[36m(WorkerDict pid=52693)[0m     "full_attention",
[36m(WorkerDict pid=52693)[0m     "full_attention",
[36m(WorkerDict pid=52693)[0m     "full_attention",
[36m(WorkerDict pid=52693)[0m     "full_attention",
[36m(WorkerDict pid=52693)[0m     "full_attention",
[36m(WorkerDict pid=52693)[0m     "full_attention",
[36m(WorkerDict pid=52693)[0m     "full_attention",
[36m(WorkerDict pid=52693)[0m     "full_attention",
[36m(WorkerDict pid=52693)[0m     "full_attention"
[36m(WorkerDict pid=52693)[0m   ],
[36m(WorkerDict pid=52693)[0m   "max_position_embeddings": 32768,
[36m(WorkerDict pid=52693)[0m   "max_window_layers": 70,
[36m(WorkerDict pid=52693)[0m   "model_type": "qwen2",
[36m(WorkerDict pid=52693)[0m   "num_attention_heads": 16,
[36m(WorkerDict pid=52693)[0m   "num_hidden_layers": 36,
[36m(WorkerDict pid=52693)[0m   "num_key_value_heads": 2,
[36m(WorkerDict pid=52693)[0m   "pad_token_id": 151643,
[36m(WorkerDict pid=52693)[0m   "rms_norm_eps": 1e-06,
[36m(WorkerDict pid=52693)[0m   "rope_parameters": {
[36m(WorkerDict pid=52693)[0m     "rope_theta": 1000000.0,
[36m(WorkerDict pid=52693)[0m     "rope_type": "default"
[36m(WorkerDict pid=52693)[0m   },
[36m(WorkerDict pid=52693)[0m   "sliding_window": null,
[36m(WorkerDict pid=52693)[0m   "tie_word_embeddings": true,
[36m(WorkerDict pid=52693)[0m   "transformers_version": "5.9.0",
[36m(WorkerDict pid=52693)[0m   "use_cache": true,
[36m(WorkerDict pid=52693)[0m   "use_sliding_window": false,
[36m(WorkerDict pid=52693)[0m   "vocab_size": 151936
[36m(WorkerDict pid=52693)[0m }
[36m(WorkerDict pid=52693)[0m 
[36m(WorkerDict pid=52693)[0m trainable params: 29,491,200 || all params: 3,115,429,888 || trainable%: 0.9466
[36m(WorkerDict pid=52693)[0m [LoRA] Injected LoRA adapters: rank=64, alpha=16
[36m(WorkerDict pid=52693)[0m PeftModelForCausalLM contains 3.12B parameters
[36m(WorkerDict pid=52693)[0m wrap_policy: functools.partial(<function _or_policy at 0x7f5e613631a0>, policies=[functools.partial(<function lambda_auto_wrap_policy at 0x7f5e61362b60>, lambda_fn=<function get_fsdp_wrap_policy.<locals>.lambda_policy_fn at 0x7f5b84262c00>), functools.partial(<function transformer_auto_wrap_policy at 0x7f5e61363060>, transformer_layer_cls={<class 'transformers.models.qwen2.modeling_qwen2.Qwen2DecoderLayer'>})])
[36m(WorkerDict pid=52693)[0m Total steps: 30, num_warmup_steps: 0
[36m(WorkerDict pid=52693)[0m Actor use_remove_padding=True
[36m(WorkerDict pid=52693)[0m Before building vllm rollout, memory allocated (GB): 11.676271915435791, memory reserved (GB): 12.408203125
[36m(WorkerDict pid=52693)[0m INFO 05-25 14:54:57 [utils.py:240] non-default args: {'dtype': 'bfloat16', 'max_model_len': 1024, 'distributed_executor_backend': 'external_launcher', 'enable_prefix_caching': True, 'gpu_memory_utilization': 0.3, 'max_num_batched_tokens': 2048, 'disable_log_stats': True, 'enforce_eager': True, 'disable_custom_all_reduce': True, 'enable_chunked_prefill': True, 'enable_sleep_mode': True, 'model': '/root/autodl-tmp/models/Qwen/Qwen2.5-3B-Instruct'}
[36m(WorkerDict pid=52693)[0m INFO 05-25 14:54:57 [model.py:568] Resolved architecture: Qwen2ForCausalLM
[36m(WorkerDict pid=52693)[0m INFO 05-25 14:54:57 [model.py:1697] Using max model len 1024
[36m(WorkerDict pid=52693)[0m Loading safetensors checkpoint shards:   0% Completed | 0/2 [00:00<?, ?it/s]
[36m(WorkerDict pid=52693)[0m Loading safetensors checkpoint shards:  50% Completed | 1/2 [00:00<00:00,  1.45it/s]
[36m(WorkerDict pid=52693)[0m Loading safetensors checkpoint shards: 100% Completed | 2/2 [00:01<00:00,  1.87it/s]
[36m(WorkerDict pid=52693)[0m Loading safetensors checkpoint shards: 100% Completed | 2/2 [00:01<00:00,  1.79it/s]
[36m(WorkerDict pid=52693)[0m 
[36m(WorkerDict pid=52693)[0m /root/DeepResearcher/verl/workers/sharding_manager/fsdp_vllm.py:52: FutureWarning: FSDP.state_dict_type() and FSDP.set_state_dict_type() are being deprecated. Please use APIs, get_state_dict() and set_state_dict(), which can support different parallelisms, FSDP1, FSDP2, DDP. API doc: https://pytorch.org/docs/stable/distributed.checkpoint.html#torch.distributed.checkpoint.state_dict.get_state_dict .Tutorial: https://pytorch.org/tutorials/recipes/distributed_checkpoint_recipe.html .
[36m(WorkerDict pid=52693)[0m   FSDP.set_state_dict_type(self.module,
[36m(WorkerDict pid=52693)[0m INFO 05-25 14:54:57 [arg_utils.py:1739] Using ray runtime env (env vars redacted): {'env_vars': {'NCCL_DEBUG': '***', 'RANK': '***', 'RAY_LOCAL_RANK': '***', 'RAY_LOCAL_WORLD_SIZE': '***', 'TOKENIZERS_PARALLELISM': '***', 'WG_BACKEND': '***', 'WG_PREFIX': '***', 'WORLD_SIZE': '***'}}
[36m(WorkerDict pid=52693)[0m INFO 05-25 14:54:57 [parallel.py:769] Using external launcher for distributed inference.
[36m(WorkerDict pid=52693)[0m INFO 05-25 14:54:57 [parallel.py:829] Disabling V1 multiprocessing for external launcher.
[36m(WorkerDict pid=52693)[0m INFO 05-25 14:54:57 [scheduler.py:239] Chunked prefill is enabled with max_num_batched_tokens=2048.
[36m(WorkerDict pid=52693)[0m INFO 05-25 14:54:57 [vllm.py:886] Asynchronous scheduling is enabled.
[36m(WorkerDict pid=52693)[0m WARNING 05-25 14:54:57 [vllm.py:942] Enforce eager set, disabling torch.compile and CUDAGraphs. This is equivalent to setting -cc.mode=none -cc.cudagraph_mode=none
[36m(WorkerDict pid=52693)[0m WARNING 05-25 14:54:57 [vllm.py:960] Inductor compilation was disabled by user settings, optimizations settings that are only active during inductor compilation will be ignored.
[36m(WorkerDict pid=52693)[0m INFO 05-25 14:54:57 [kernel.py:212] Final IR op priority after setting platform defaults: IrOpPriorityConfig(rms_norm=['vllm_c', 'native'], fused_add_rms_norm=['vllm_c', 'native'])
[36m(WorkerDict pid=52693)[0m INFO 05-25 14:54:57 [vllm.py:1135] Cudagraph is disabled under eager mode
[36m(WorkerDict pid=52693)[0m INFO 05-25 14:54:57 [compilation.py:303] Enabled custom fusions: norm_quant, act_quant
[36m(WorkerDict pid=52693)[0m INFO 05-25 14:54:58 [core.py:109] Initializing a V1 LLM engine (v0.21.0) with config: model='/root/autodl-tmp/models/Qwen/Qwen2.5-3B-Instruct', speculative_config=None, tokenizer='/root/autodl-tmp/models/Qwen/Qwen2.5-3B-Instruct', skip_tokenizer_init=False, tokenizer_mode=auto, revision=None, tokenizer_revision=None, trust_remote_code=False, dtype=torch.bfloat16, max_seq_len=1024, download_dir=None, load_format=auto, tensor_parallel_size=1, pipeline_parallel_size=1, data_parallel_size=1, decode_context_parallel_size=1, dcp_comm_backend=ag_rs, disable_custom_all_reduce=True, quantization=None, quantization_config=None, enforce_eager=True, enable_return_routed_experts=False, kv_cache_dtype=auto, device_config=cuda, structured_outputs_config=StructuredOutputsConfig(backend='auto', disable_any_whitespace=False, disable_additional_properties=False, reasoning_parser='', reasoning_parser_plugin='', enable_in_reasoning=False), observability_config=ObservabilityConfig(show_hidden_metrics_for_version=None, otlp_traces_endpoint=None, collect_detailed_traces=None, kv_cache_metrics=False, kv_cache_metrics_sample=0.01, cudagraph_metrics=False, enable_layerwise_nvtx_tracing=False, enable_mfu_metrics=False, enable_mm_processor_stats=False, enable_logging_iteration_details=False), seed=0, served_model_name=/root/autodl-tmp/models/Qwen/Qwen2.5-3B-Instruct, enable_prefix_caching=True, enable_chunked_prefill=True, pooler_config=None, compilation_config={'mode': <CompilationMode.NONE: 0>, 'debug_dump_path': None, 'cache_dir': '', 'compile_cache_save_format': 'binary', 'backend': 'inductor', 'custom_ops': ['all'], 'ir_enable_torch_wrap': False, 'splitting_ops': [], 'compile_mm_encoder': False, 'cudagraph_mm_encoder': False, 'encoder_cudagraph_token_budgets': [], 'encoder_cudagraph_max_vision_items_per_batch': 0, 'encoder_cudagraph_max_frames_per_batch': None, 'compile_sizes': [], 'compile_ranges_endpoints': [2048], 'inductor_compile_config': {'enable_auto_functionalized_v2': False, 'size_asserts': False, 'alignment_asserts': False, 'scalar_asserts': False, 'combo_kernels': True, 'benchmark_combo_kernel': True}, 'inductor_passes': {}, 'cudagraph_mode': <CUDAGraphMode.NONE: 0>, 'cudagraph_num_of_warmups': 0, 'cudagraph_capture_sizes': [], 'cudagraph_copy_inputs': False, 'cudagraph_specialize_lora': True, 'use_inductor_graph_partition': False, 'pass_config': {'fuse_norm_quant': True, 'fuse_act_quant': True, 'fuse_attn_quant': False, 'enable_sp': False, 'fuse_gemm_comms': False, 'fuse_allreduce_rms': False, 'fuse_act_padding': False}, 'max_cudagraph_capture_size': 0, 'dynamic_shapes_config': {'type': <DynamicShapesType.BACKED: 'backed'>, 'evaluate_guards': False, 'assume_32_bit_indexing': False}, 'local_cache_dir': None, 'fast_moe_cold_start': False, 'static_all_moe_layers': []}, kernel_config=KernelConfig(ir_op_priority=IrOpPriorityConfig(rms_norm=['vllm_c', 'native'], fused_add_rms_norm=['vllm_c', 'native']), enable_flashinfer_autotune=False, moe_backend='auto')
[36m(WorkerDict pid=52693)[0m INFO 05-25 14:54:59 [parallel_state.py:1723] rank 0 in world size 1 is assigned as DP rank 0, PP rank 0, PCP rank 0, TP rank 0, EP rank N/A, EPLB rank N/A
[36m(WorkerDict pid=52693)[0m INFO 05-25 14:54:59 [topk_topp_sampler.py:45] Using FlashInfer for top-p & top-k sampling.
[36m(WorkerDict pid=52693)[0m INFO 05-25 14:54:59 [gpu_model_runner.py:4857] Starting to load model /root/autodl-tmp/models/Qwen/Qwen2.5-3B-Instruct...
[36m(WorkerDict pid=52693)[0m INFO 05-25 14:55:00 [cuda.py:372] Using FLASH_ATTN attention backend out of potential backends: ['FLASH_ATTN', 'FLASHINFER', 'TRITON_ATTN', 'FLEX_ATTENTION'].
[36m(WorkerDict pid=52693)[0m INFO 05-25 14:55:00 [flash_attn.py:641] Using FlashAttention version 2
[36m(WorkerDict pid=52693)[0m INFO 05-25 14:55:00 [weight_utils.py:938] Filesystem type for checkpoints: XFS. Checkpoint size: 5.75 GiB. Available RAM: 965.39 GiB.
[36m(WorkerDict pid=52693)[0m INFO 05-25 14:55:00 [weight_utils.py:961] Auto-prefetch is disabled because the filesystem (XFS) is not a recognized network FS (NFS/Lustre). If you want to force prefetching, start vLLM with --safetensors-load-strategy=prefetch.
[36m(WorkerDict pid=52693)[0m INFO 05-25 14:55:01 [default_loader.py:397] Loading weights took 1.14 seconds
[36m(WorkerDict pid=52693)[0m INFO 05-25 14:55:01 [gpu_model_runner.py:4959] Model loading took 5.79 GiB memory and 1.366983 seconds
[36m(WorkerDict pid=52693)[0m INFO 05-25 14:55:03 [gpu_worker.py:462] Available KV cache memory: 20.52 GiB
[36m(WorkerDict pid=52693)[0m INFO 05-25 14:55:03 [kv_cache_utils.py:1710] GPU KV cache size: 597,632 tokens
[36m(WorkerDict pid=52693)[0m INFO 05-25 14:55:03 [kv_cache_utils.py:1711] Maximum concurrency for 1,024 tokens per request: 583.62x
[36m(WorkerDict pid=52693)[0m INFO 05-25 14:55:03 [kernel_warmup.py:44] Skipping FlashInfer autotune because it is disabled.
[36m(WorkerDict pid=52693)[0m INFO 05-25 14:55:03 [jit_monitor.py:54] Kernel JIT monitor activated — Triton JIT compilations during inference will be logged as warnings.
[36m(WorkerDict pid=52693)[0m INFO 05-25 14:55:03 [core.py:306] init engine (profile, create kv cache, warmup model) took 1.40 s
[36m(WorkerDict pid=52693)[0m INFO 05-25 14:55:03 [block_pool.py:471] Successfully reset prefix cache
[36m(WorkerDict pid=52693)[0m INFO 05-25 14:55:06 [cumem.py:209] CuMemAllocator: sleep freed 26.41 GiB memory in total, of which 5.88 GiB is backed up in CPU and the rest 20.53 GiB is discarded directly.
[36m(WorkerDict pid=52693)[0m INFO 05-25 14:55:06 [gpu_worker.py:178] Sleep mode freed 28.13 GiB memory, 13.52 GiB memory is still in use.
[36m(WorkerDict pid=52693)[0m INFO 05-25 14:55:06 [abstract.py:331] It took 3.153030 seconds to fall asleep.
[36m(WorkerDict pid=52693)[0m kwargs: {'n': 1, 'logprobs': 0, 'max_tokens': 512, 'detokenize': False, 'temperature': 1.0, 'top_k': -1, 'top_p': 1, 'ignore_eos': False}
[36m(WorkerDict pid=52693)[0m After building vllm rollout, memory allocated (GB): 38.12354898452759, memory reserved (GB): 38.73046875
[36m(WorkerDict pid=52693)[0m After building sharding manager, memory allocated (GB): 38.12354898452759, memory reserved (GB): 38.73046875
[36m(main_task pid=52565)[0m swanlab: Tracking run with swanlab version 0.7.19
[36m(main_task pid=52565)[0m swanlab: Run data will be saved locally in 
[36m(main_task pid=52565)[0m /root/DeepResearcher/swanlog/run-20260525_145508-v4dr6k99q6h4pmplpyzej
[36m(WorkerDict pid=52693)[0m /root/miniconda3/lib/python3.12/site-packages/torch/utils/_contextlib.py:124: UserWarning: When using ``NO_SHARD`` for ``ShardingStrategy``, full_state_dict will be returned.
[36m(WorkerDict pid=52693)[0m   return func(*args, **kwargs)
[36m(main_task pid=52565)[0m swanlab: 👋 Hi Fyrgo,welcome to swanlab!
[36m(main_task pid=52565)[0m swanlab: Syncing run exp03_lora_rank64_alpha16 to the cloud
[36m(main_task pid=52565)[0m swanlab: 🏠 View project at https://swanlab.cn/@Fyrgo/verl_examples
[36m(main_task pid=52565)[0m swanlab: 🚀 View run at 
[36m(main_task pid=52565)[0m https://swanlab.cn/@Fyrgo/verl_examples/runs/v4dr6k99q6h4pmplpyzej
[36m(main_task pid=52565)[0m Using LocalLogger is deprecated. The constructor API will change 
[36m(main_task pid=52565)[0m Checkpoint tracker file does not exist: %s /root/DeepResearcher/./ckpts/verl_examples/exp03_lora_rank64_alpha16/latest_checkpointed_iteration.txt
[36m(main_task pid=52565)[0m Training from scratch
[36m(main_task pid=52565)[0m node 0 in fit function!
[36m(main_task pid=52565)[0m node 0 gains 512 datas!
[36m(main_task pid=52565)[0m node 0 step 0 start!
[36m(main_task pid=52565)[0m rollout_step_1_round_0.json 写入完成
[36m(main_task pid=52565)[0m node 0, turn 0 rollings_active is 1024 datas
[36m(WorkerDict pid=52693)[0m INFO 05-25 14:55:09 [abstract.py:349] It took 0.185219 seconds to wake up tags {'weights', 'kv_cache'}.
[36m(WorkerDict pid=52693)[0m INFO 05-25 14:55:10 [block_pool.py:471] Successfully reset prefix cache
[36m(WorkerDict pid=52693)[0m INFO 05-25 14:55:10 [cumem.py:209] CuMemAllocator: sleep freed 26.41 GiB memory in total, of which 5.88 GiB is backed up in CPU and the rest 20.53 GiB is discarded directly.
[36m(WorkerDict pid=52693)[0m INFO 05-25 14:55:10 [gpu_worker.py:178] Sleep mode freed 32.52 GiB memory, 13.52 GiB memory is still in use.
[36m(WorkerDict pid=52693)[0m INFO 05-25 14:55:10 [abstract.py:331] It took 0.245377 seconds to fall asleep.
[36m(main_task pid=52565)[0m swanlab: 🏠 View project at https://swanlab.cn/@Fyrgo/verl_examples
[36m(main_task pid=52565)[0m swanlab: 🚀 View run at 
[36m(main_task pid=52565)[0m https://swanlab.cn/@Fyrgo/verl_examples/runs/v4dr6k99q6h4pmplpyzej
Error executing job with overrides: ['actor_rollout_ref.model.path=/root/autodl-tmp/models/Qwen/Qwen2.5-3B-Instruct', 'actor_rollout_ref.model.use_remove_padding=true', 'actor_rollout_ref.model.use_lora=true', 'actor_rollout_ref.model.lora_rank=64', 'actor_rollout_ref.model.lora_alpha=16', 'actor_rollout_ref.model.lora_dropout=0.0', '+actor_rollout_ref.actor.fsdp_config.model_dtype=bf16', 'actor_rollout_ref.actor.fsdp_config.param_offload=false', 'actor_rollout_ref.actor.fsdp_config.optimizer_offload=False', 'actor_rollout_ref.actor.ulysses_sequence_parallel_size=1', 'actor_rollout_ref.ref.fsdp_config.param_offload=true', 'actor_rollout_ref.ref.ulysses_sequence_parallel_size=1', 'actor_rollout_ref.rollout.tensor_model_parallel_size=1', 'actor_rollout_ref.rollout.gpu_memory_utilization=0.3', 'actor_rollout_ref.rollout.max_model_len=2048', 'actor_rollout_ref.rollout.max_num_batched_tokens=2048', 'critic.model.path=/root/autodl-tmp/models/Qwen/Qwen2.5-3B-Instruct', 'critic.ulysses_sequence_parallel_size=1', 'data.train_files=/root/DeepResearcher/data/train.parquet', 'data.max_prompt_length=512', 'data.max_response_length=512', 'data.train_batch_size=512', '+data.num_workers=0', 'algorithm.adv_estimator=drgrpo', 'algorithm.kl_penalty=kl', 'algorithm.kl_ctrl.type=fixed', 'algorithm.kl_ctrl.kl_coef=0.001', 'algorithm.gamma=1.0', 'algorithm.lam=1.0', 'trainer.total_training_steps=30', 'trainer.experiment_name=exp03_lora_rank64_alpha16', "trainer.logger=['console','swanlab']", 'trainer.save_freq=500', 'trainer.test_freq=100', '+trainer.val_before_train=false', 'trainer.nnodes=1', 'trainer.n_gpus_per_node=1', 'max_turns=6', 'do_search=true', 'agent_grpo.n=2', 'search_engine=searxng', 'reward_model.reward_manager=naive', 'reward_model.use_pbrs=false', 'reward_model.use_curriculum=false', 'reward_model.use_query_monitoring=false', 'algorithm.entropy_bonus_coef=0.0']
Traceback (most recent call last):
  File "/root/DeepResearcher/verl/trainer/main_ppo.py", line 168, in <module>
    main()
  File "/root/miniconda3/lib/python3.12/site-packages/hydra/main.py", line 94, in decorated_main
    _run_hydra(
  File "/root/miniconda3/lib/python3.12/site-packages/hydra/_internal/utils.py", line 394, in _run_hydra
    _run_app(
  File "/root/miniconda3/lib/python3.12/site-packages/hydra/_internal/utils.py", line 457, in _run_app
    run_and_report(
  File "/root/miniconda3/lib/python3.12/site-packages/hydra/_internal/utils.py", line 223, in run_and_report
    raise ex
  File "/root/miniconda3/lib/python3.12/site-packages/hydra/_internal/utils.py", line 220, in run_and_report
    return func()
           ^^^^^^
  File "/root/miniconda3/lib/python3.12/site-packages/hydra/_internal/utils.py", line 458, in <lambda>
    lambda: hydra.run(
            ^^^^^^^^^^
  File "/root/miniconda3/lib/python3.12/site-packages/hydra/_internal/hydra.py", line 132, in run
    _ = ret.return_value
        ^^^^^^^^^^^^^^^^
  File "/root/miniconda3/lib/python3.12/site-packages/hydra/core/utils.py", line 260, in return_value
    raise self._return_value
  File "/root/miniconda3/lib/python3.12/site-packages/hydra/core/utils.py", line 186, in run_job
    ret.return_value = task_function(task_cfg)
                       ^^^^^^^^^^^^^^^^^^^^^^^
  File "/root/DeepResearcher/verl/trainer/main_ppo.py", line 26, in main
    run_ppo(config)
  File "/root/DeepResearcher/verl/trainer/main_ppo.py", line 34, in run_ppo
    ray.get(main_task.remote(config, compute_score))
  File "/root/miniconda3/lib/python3.12/site-packages/ray/_private/auto_init_hook.py", line 22, in auto_init_wrapper
    return fn(*args, **kwargs)
           ^^^^^^^^^^^^^^^^^^^
  File "/root/miniconda3/lib/python3.12/site-packages/ray/_private/client_mode_hook.py", line 107, in wrapper
    return func(*args, **kwargs)
           ^^^^^^^^^^^^^^^^^^^^^
  File "/root/miniconda3/lib/python3.12/site-packages/ray/_private/worker.py", line 2980, in get
    values, debugger_breakpoint = worker.get_objects(
                                  ^^^^^^^^^^^^^^^^^^^
  File "/root/miniconda3/lib/python3.12/site-packages/ray/_private/worker.py", line 1023, in get_objects
    raise value.as_instanceof_cause()
ray.exceptions.RayTaskError(AttributeError): [36mray::main_task()[39m (pid=52565, ip=172.17.0.6)
  File "/root/DeepResearcher/verl/trainer/main_ppo.py", line 164, in main_task
    trainer.fit()
  File "/root/DeepResearcher/verl/trainer/ppo/ray_trainer.py", line 1122, in fit
    gen_str_list, gen_batch_output = generation_manager.run_llm_loop(
                                     ^^^^^^^^^^^^^^^^^^^^^^^^^^^^^^^^
  File "/root/DeepResearcher/scrl/llm_agent/generation.py", line 463, in run_llm_loop
    gen_output = self._generate_with_gpu_padding(rollings_active)
                 ^^^^^^^^^^^^^^^^^^^^^^^^^^^^^^^^^^^^^^^^^^^^^^^^
  File "/root/DeepResearcher/scrl/llm_agent/generation.py", line 307, in _generate_with_gpu_padding
    return self.actor_rollout_wg.generate_sequences(active_batch)
           ^^^^^^^^^^^^^^^^^^^^^^^^^^^^^^^^^^^^^^^^^^^^^^^^^^^^^^
  File "/root/DeepResearcher/verl/single_controller/ray/base.py", line 42, in func
    output = ray.get(output)
             ^^^^^^^^^^^^^^^
           ^^^^^^^^^^^^^^^^^^^
           ^^^^^^^^^^^^^^^^^^^^^
                                  ^^^^^^^^^^^^^^^^^^^
ray.exceptions.RayTaskError(AttributeError): [36mray::WorkerDict.actor_rollout_generate_sequences()[39m (pid=52693, ip=172.17.0.6, actor_id=9e348e552358f332d6d621f301000000, repr=<verl.single_controller.ray.base.WorkerDict object at 0x7f5c315703b0>)
           ^^^^^^^^^^^^^^^^^^^^^^^^^^^^^^^^^^^^
           ^^^^^^^^^^^^^^^^^^^^^^^^^^^^^^^
  File "/root/DeepResearcher/verl/single_controller/ray/base.py", line 399, in func
    return getattr(self.worker_dict[key], name)(*args, **kwargs)
           ^^^^^^^^^^^^^^^^^^^^^^^^^^^^^^^^^^^^^^^^^^^^^^^^^^^^^
  File "/root/DeepResearcher/verl/single_controller/base/decorator.py", line 404, in inner
    return func(*args, **kwargs)
           ^^^^^^^^^^^^^^^^^^^^^
  File "/root/DeepResearcher/verl/workers/fsdp_workers.py", line 548, in generate_sequences
    prompts = self.rollout_sharding_manager.preprocess_data(prompts)
              ^^^^^^^^^^^^^^^^^^^^^^^^^^^^^^^^^^^^^^^^^^^^^^^^^^^^^^
  File "/root/DeepResearcher/verl/workers/sharding_manager/fsdp_vllm.py", line 144, in preprocess_data
    group = vllm_ps.get_tensor_model_parallel_group().device_group
            ^^^^^^^^^^^^^^^^^^^^^^^^^^^^^^^^^^^^^^^
AttributeError: module 'vllm.distributed.parallel_state' has no attribute 'get_tensor_model_parallel_group'. Did you mean: 'get_tensor_model_parallel_rank'?
2026-05-25 15:01:33,998	WARNING utils.py:461 -- Detecting docker specified CPUs. In previous versions of Ray, CPU detection in containers was incorrect. Please ensure that Ray has enough CPUs allocated. As a temporary workaround to revert to the prior behavior, set `RAY_USE_MULTIPROCESSING_CPU_COUNT=1` as an env var before starting Ray. Set the env var: `RAY_DISABLE_DOCKER_CPU_WARNING=1` to mute this warning.
2026-05-25 15:01:36,285	INFO worker.py:2012 -- Started a local Ray instance.
/root/miniconda3/lib/python3.12/site-packages/ray/_private/worker.py:2051: FutureWarning: Tip: In future versions of Ray, Ray will no longer override accelerator visible devices env var if num_gpus=0 or num_gpus=None (default). To enable this behavior and turn off this error message, set RAY_ACCEL_ENV_VAR_OVERRIDE_ON_ZERO=0
  warnings.warn(
[36m(main_task pid=55183)[0m {'actor_rollout_ref': {'actor': {'clip_ratio': 0.2,
[36m(main_task pid=55183)[0m                                  'entropy_coeff': 0.001,
[36m(main_task pid=55183)[0m                                  'fsdp_config': {'fsdp_size': -1,
[36m(main_task pid=55183)[0m                                                  'model_dtype': 'bf16',
[36m(main_task pid=55183)[0m                                                  'optimizer_offload': False,
[36m(main_task pid=55183)[0m                                                  'param_offload': False,
[36m(main_task pid=55183)[0m                                                  'wrap_policy': {'min_num_params': 0}},
[36m(main_task pid=55183)[0m                                  'grad_clip': 1.0,
[36m(main_task pid=55183)[0m                                  'kl_loss_coef': 0.001,
[36m(main_task pid=55183)[0m                                  'kl_loss_type': 'low_var_kl',
[36m(main_task pid=55183)[0m                                  'optim': {'lr': 1e-06,
[36m(main_task pid=55183)[0m                                            'lr_warmup_steps_ratio': 0.0,
[36m(main_task pid=55183)[0m                                            'min_lr_ratio': None,
[36m(main_task pid=55183)[0m                                            'total_training_steps': -1,
[36m(main_task pid=55183)[0m                                            'warmup_style': 'constant'},
[36m(main_task pid=55183)[0m                                  'ppo_epochs': 1,
[36m(main_task pid=55183)[0m                                  'ppo_max_token_len_per_gpu': 8192,
[36m(main_task pid=55183)[0m                                  'ppo_micro_batch_size': None,
[36m(main_task pid=55183)[0m                                  'ppo_micro_batch_size_per_gpu': None,
[36m(main_task pid=55183)[0m                                  'ppo_mini_batch_size': 256,
[36m(main_task pid=55183)[0m                                  'shuffle': False,
[36m(main_task pid=55183)[0m                                  'strategy': 'fsdp',
[36m(main_task pid=55183)[0m                                  'ulysses_sequence_parallel_size': 1,
[36m(main_task pid=55183)[0m                                  'use_dynamic_bsz': True,
[36m(main_task pid=55183)[0m                                  'use_kl_loss': True},
[36m(main_task pid=55183)[0m                        'hybrid_engine': True,
[36m(main_task pid=55183)[0m                        'model': {'enable_gradient_checkpointing': True,
[36m(main_task pid=55183)[0m                                  'external_lib': None,
[36m(main_task pid=55183)[0m                                  'lora_alpha': 16,
[36m(main_task pid=55183)[0m                                  'lora_dropout': 0.0,
[36m(main_task pid=55183)[0m                                  'lora_rank': 64,
[36m(main_task pid=55183)[0m                                  'override_config': {},
[36m(main_task pid=55183)[0m                                  'path': '/root/autodl-tmp/models/Qwen/Qwen2.5-3B-Instruct',
[36m(main_task pid=55183)[0m                                  'use_lora': True,
[36m(main_task pid=55183)[0m                                  'use_remove_padding': True},
[36m(main_task pid=55183)[0m                        'ref': {'fsdp_config': {'param_offload': True,
[36m(main_task pid=55183)[0m                                                'wrap_policy': {'min_num_params': 0}},
[36m(main_task pid=55183)[0m                                'log_prob_max_token_len_per_gpu': 8192,
[36m(main_task pid=55183)[0m                                'log_prob_micro_batch_size': None,
[36m(main_task pid=55183)[0m                                'log_prob_micro_batch_size_per_gpu': None,
[36m(main_task pid=55183)[0m                                'log_prob_use_dynamic_bsz': True,
[36m(main_task pid=55183)[0m                                'ulysses_sequence_parallel_size': 1},
[36m(main_task pid=55183)[0m                        'rollout': {'disable_log_stats': True,
[36m(main_task pid=55183)[0m                                    'do_sample': True,
[36m(main_task pid=55183)[0m                                    'dtype': 'bfloat16',
[36m(main_task pid=55183)[0m                                    'enable_chunked_prefill': True,
[36m(main_task pid=55183)[0m                                    'enforce_eager': True,
[36m(main_task pid=55183)[0m                                    'free_cache_engine': True,
[36m(main_task pid=55183)[0m                                    'gpu_memory_utilization': 0.3,
[36m(main_task pid=55183)[0m                                    'ignore_eos': False,
[36m(main_task pid=55183)[0m                                    'load_format': 'dummy_dtensor',
[36m(main_task pid=55183)[0m                                    'log_prob_max_token_len_per_gpu': 8192,
[36m(main_task pid=55183)[0m                                    'log_prob_micro_batch_size': None,
[36m(main_task pid=55183)[0m                                    'log_prob_micro_batch_size_per_gpu': None,
[36m(main_task pid=55183)[0m                                    'log_prob_use_dynamic_bsz': True,
[36m(main_task pid=55183)[0m                                    'max_model_len': 2048,
[36m(main_task pid=55183)[0m                                    'max_num_batched_tokens': 2048,
[36m(main_task pid=55183)[0m                                    'max_num_seqs': 1024,
[36m(main_task pid=55183)[0m                                    'n': 1,
[36m(main_task pid=55183)[0m                                    'name': 'vllm',
[36m(main_task pid=55183)[0m                                    'prompt_length': 512,
[36m(main_task pid=55183)[0m                                    'response_length': 512,
[36m(main_task pid=55183)[0m                                    'temperature': 1.0,
[36m(main_task pid=55183)[0m                                    'tensor_model_parallel_size': 1,
[36m(main_task pid=55183)[0m                                    'top_k': -1,
[36m(main_task pid=55183)[0m                                    'top_p': 1,
[36m(main_task pid=55183)[0m                                    'use_fire_sampling': False}},
[36m(main_task pid=55183)[0m  'agent_grpo': {'n': 2},
[36m(main_task pid=55183)[0m  'algorithm': {'adv_estimator': 'drgrpo',
[36m(main_task pid=55183)[0m                'entropy_bonus_coef': 0.0,
[36m(main_task pid=55183)[0m                'gamma': 1.0,
[36m(main_task pid=55183)[0m                'kl_ctrl': {'kl_coef': 0.001, 'type': 'fixed'},
[36m(main_task pid=55183)[0m                'kl_penalty': 'kl',
[36m(main_task pid=55183)[0m                'lam': 1.0},
[36m(main_task pid=55183)[0m  'critic': {'cliprange_value': 0.5,
[36m(main_task pid=55183)[0m             'forward_max_token_len_per_gpu': 32768,
[36m(main_task pid=55183)[0m             'forward_micro_batch_size': None,
[36m(main_task pid=55183)[0m             'forward_micro_batch_size_per_gpu': None,
[36m(main_task pid=55183)[0m             'grad_clip': 1.0,
[36m(main_task pid=55183)[0m             'model': {'enable_gradient_checkpointing': True,
[36m(main_task pid=55183)[0m                       'external_lib': None,
[36m(main_task pid=55183)[0m                       'fsdp_config': {'fsdp_size': -1,
[36m(main_task pid=55183)[0m                                       'optimizer_offload': False,
[36m(main_task pid=55183)[0m                                       'param_offload': False,
[36m(main_task pid=55183)[0m                                       'wrap_policy': {'min_num_params': 0}},
[36m(main_task pid=55183)[0m                       'override_config': {},
[36m(main_task pid=55183)[0m                       'path': '/root/autodl-tmp/models/Qwen/Qwen2.5-3B-Instruct',
[36m(main_task pid=55183)[0m                       'tokenizer_path': '/root/autodl-tmp/models/Qwen/Qwen2.5-3B-Instruct',
[36m(main_task pid=55183)[0m                       'use_remove_padding': True},
[36m(main_task pid=55183)[0m             'optim': {'lr': 1e-05,
[36m(main_task pid=55183)[0m W0525 15:01:44.998000 55183 site-packages/torch/utils/cpp_extension.py:140] No CUDA runtime is found, using CUDA_HOME='/usr/local/cuda'
[36m(main_task pid=55183)[0m                       'lr_warmup_steps_ratio': 0.0,
[36m(main_task pid=55183)[0m                       'min_lr_ratio': None,
[36m(main_task pid=55183)[0m                       'total_training_steps': -1,
[36m(main_task pid=55183)[0m                       'warmup_style': 'constant'},
[36m(main_task pid=55183)[0m             'ppo_epochs': 1,
[36m(main_task pid=55183)[0m             'ppo_max_token_len_per_gpu': 32768,
[36m(main_task pid=55183)[0m             'ppo_micro_batch_size': None,
[36m(main_task pid=55183)[0m             'ppo_micro_batch_size_per_gpu': None,
[36m(main_task pid=55183)[0m             'ppo_mini_batch_size': 256,
[36m(main_task pid=55183)[0m             'shuffle': False,
[36m(main_task pid=55183)[0m             'strategy': 'fsdp',
[36m(main_task pid=55183)[0m             'ulysses_sequence_parallel_size': 1,
[36m(main_task pid=55183)[0m             'use_dynamic_bsz': True},
[36m(main_task pid=55183)[0m  'data': {'data_writing_file': './signal/data.json',
[36m(main_task pid=55183)[0m           'image_key': 'images',
[36m(main_task pid=55183)[0m           'max_prompt_length': 512,
[36m(main_task pid=55183)[0m           'max_response_length': 512,
[36m(main_task pid=55183)[0m           'n_gpus_per_node': 8,
[36m(main_task pid=55183)[0m           'num_workers': 0,
[36m(main_task pid=55183)[0m           'prompt_key': 'prompt',
[36m(main_task pid=55183)[0m           'query_signal': 1,
[36m(main_task pid=55183)[0m           'response_signal': 0,
[36m(main_task pid=55183)[0m           'return_raw_chat': False,
[36m(main_task pid=55183)[0m           'return_raw_input_ids': False,
[36m(main_task pid=55183)[0m           'shuffle': True,
[36m(main_task pid=55183)[0m           'signal_writing_file': './signal/signal.json',
[36m(main_task pid=55183)[0m           'tokenizer': None,
[36m(main_task pid=55183)[0m           'train_batch_size': 512,
[36m(main_task pid=55183)[0m           'train_files': '/root/DeepResearcher/data/train.parquet',
[36m(main_task pid=55183)[0m           'val_batch_size': None,
[36m(main_task pid=55183)[0m           'val_files': '~/data/rlhf/gsm8k/test.parquet'},
[36m(main_task pid=55183)[0m  'do_search': True,
[36m(main_task pid=55183)[0m  'max_turns': 6,
[36m(main_task pid=55183)[0m  'reward_model': {'curriculum_bonus_coef': 0.05,
[36m(main_task pid=55183)[0m                   'curriculum_end_turn': 5,
[36m(main_task pid=55183)[0m                   'curriculum_start_turn': 2,
[36m(main_task pid=55183)[0m                   'early_stop_penalty_coef': 0.05,
[36m(main_task pid=55183)[0m                   'enable': False,
[36m(main_task pid=55183)[0m                   'forward_max_token_len_per_gpu': 32768,
[36m(main_task pid=55183)[0m                   'max_length': None,
[36m(main_task pid=55183)[0m                   'micro_batch_size': None,
[36m(main_task pid=55183)[0m                   'micro_batch_size_per_gpu': None,
[36m(main_task pid=55183)[0m                   'model': {'external_lib': None,
[36m(main_task pid=55183)[0m                             'fsdp_config': {'fsdp_size': -1,
[36m(main_task pid=55183)[0m                                             'min_num_params': 0,
[36m(main_task pid=55183)[0m                                             'param_offload': False},
[36m(main_task pid=55183)[0m                             'input_tokenizer': '/root/autodl-tmp/models/Qwen/Qwen2.5-3B-Instruct',
[36m(main_task pid=55183)[0m                             'path': '~/models/FsfairX-LLaMA3-RM-v0.1',
[36m(main_task pid=55183)[0m                             'use_remove_padding': True},
[36m(main_task pid=55183)[0m                   'pbrs_gamma': 0.5,
[36m(main_task pid=55183)[0m                   'query_repetition_penalty_coef': 0.05,
[36m(main_task pid=55183)[0m                   'reward_manager': 'naive',
[36m(main_task pid=55183)[0m                   'strategy': 'fsdp',
[36m(main_task pid=55183)[0m                   'ulysses_sequence_parallel_size': 2,
[36m(main_task pid=55183)[0m                   'use_curriculum': False,
[36m(main_task pid=55183)[0m                   'use_dynamic_bsz': True,
[36m(main_task pid=55183)[0m                   'use_pbrs': False,
[36m(main_task pid=55183)[0m                   'use_query_monitoring': False},
[36m(main_task pid=55183)[0m  'search_engine': 'searxng',
[36m(main_task pid=55183)[0m  'trainer': {'critic_warmup': 0,
[36m(main_task pid=55183)[0m              'default_hdfs_dir': None,
[36m(main_task pid=55183)[0m              'default_local_dir': './ckpts/verl_examples/exp03_lora_rank64_alpha16',
[36m(main_task pid=55183)[0m              'del_local_ckpt_after_load': False,
[36m(main_task pid=55183)[0m              'experiment_name': 'exp03_lora_rank64_alpha16',
[36m(main_task pid=55183)[0m              'logger': ['console', 'swanlab'],
[36m(main_task pid=55183)[0m              'n_gpus_per_node': 1,
[36m(main_task pid=55183)[0m              'nnodes': 1,
[36m(main_task pid=55183)[0m              'project_name': 'verl_examples',
[36m(main_task pid=55183)[0m              'remove_previous_ckpt_in_save': False,
[36m(main_task pid=55183)[0m              'resume_from_path': False,
[36m(main_task pid=55183)[0m              'resume_mode': 'auto',
[36m(main_task pid=55183)[0m              'save_freq': 500,
[36m(main_task pid=55183)[0m              'test_freq': 100,
[36m(main_task pid=55183)[0m              'total_epochs': 30,
[36m(main_task pid=55183)[0m              'total_training_steps': 30,
[36m(main_task pid=55183)[0m              'val_before_train': False,
[36m(main_task pid=55183)[0m              'val_generations_to_log_to_wandb': 0}}
[36m(main_task pid=55183)[0m update signal file finish!
[36m(main_task pid=55183)[0m [validate_config] All configuration checks passed successfully!
[36m(main_task pid=55183)[0m original dataset len: 80000
[36m(main_task pid=55183)[0m filter dataset len: 80000
[36m(main_task pid=55183)[0m original dataset len: 3197
[36m(main_task pid=55183)[0m filter dataset len: 3197
[36m(main_task pid=55183)[0m Size of train dataloader: 156
[36m(main_task pid=55183)[0m Total training steps: 30
[36m(WorkerDict pid=55315)[0m Model config after override: Qwen2Config {
[36m(WorkerDict pid=55315)[0m   "architectures": [
[36m(WorkerDict pid=55315)[0m     "Qwen2ForCausalLM"
[36m(WorkerDict pid=55315)[0m   ],
[36m(WorkerDict pid=55315)[0m   "attention_dropout": 0.0,
[36m(WorkerDict pid=55315)[0m   "bos_token_id": null,
[36m(WorkerDict pid=55315)[0m   "dtype": "bfloat16",
[36m(WorkerDict pid=55315)[0m   "eos_token_id": 151645,
[36m(WorkerDict pid=55315)[0m   "hidden_act": "silu",
[36m(WorkerDict pid=55315)[0m   "hidden_size": 2048,
[36m(WorkerDict pid=55315)[0m   "initializer_range": 0.02,
[36m(WorkerDict pid=55315)[0m   "intermediate_size": 11008,
[36m(WorkerDict pid=55315)[0m   "layer_types": [
[36m(WorkerDict pid=55315)[0m     "full_attention",
[36m(WorkerDict pid=55315)[0m     "full_attention",
[36m(WorkerDict pid=55315)[0m     "full_attention",
[36m(WorkerDict pid=55315)[0m     "full_attention",
[36m(WorkerDict pid=55315)[0m     "full_attention",
[36m(WorkerDict pid=55315)[0m     "full_attention",
[36m(WorkerDict pid=55315)[0m     "full_attention",
[36m(WorkerDict pid=55315)[0m     "full_attention",
[36m(WorkerDict pid=55315)[0m     "full_attention",
[36m(WorkerDict pid=55315)[0m     "full_attention",
[36m(WorkerDict pid=55315)[0m     "full_attention",
[36m(WorkerDict pid=55315)[0m     "full_attention",
[36m(WorkerDict pid=55315)[0m     "full_attention",
[36m(WorkerDict pid=55315)[0m     "full_attention",
[36m(WorkerDict pid=55315)[0m     "full_attention",
[36m(WorkerDict pid=55315)[0m     "full_attention",
[36m(WorkerDict pid=55315)[0m     "full_attention",
[36m(WorkerDict pid=55315)[0m     "full_attention",
[36m(WorkerDict pid=55315)[0m     "full_attention",
[36m(WorkerDict pid=55315)[0m     "full_attention",
[36m(WorkerDict pid=55315)[0m     "full_attention",
[36m(WorkerDict pid=55315)[0m Loading weights:   0%|          | 0/434 [00:00<?, ?it/s]Loading weights: 100%|██████████| 434/434 [00:00<00:00, 10135.79it/s]
[36m(WorkerDict pid=55315)[0m /root/miniconda3/lib/python3.12/site-packages/torch/distributed/c10d_logger.py:83: UserWarning: barrier(): using the device under current context. You can specify `device_id` in `init_process_group` to mute this warning.
[36m(WorkerDict pid=55315)[0m   return func(*args, **kwargs)
[36m(WorkerDict pid=55315)[0m [rank0]:[W525 15:02:05.020330677 ProcessGroupNCCL.cpp:5188] Guessing device ID based on global rank. This can cause a hang if rank to GPU mapping is heterogeneous. You can specify device_id in init_process_group()
[36m(WorkerDict pid=55315)[0m /root/miniconda3/lib/python3.12/site-packages/torch/distributed/fsdp/fully_sharded_data_parallel.py:478: UserWarning: FSDP is switching to use `NO_SHARD` instead of ShardingStrategy.FULL_SHARD since the world size is 1.
[36m(WorkerDict pid=55315)[0m   _init_core_state(
[36m(WorkerDict pid=55315)[0m Loading weights:   0%|          | 0/434 [00:00<?, ?it/s]
[36m(WorkerDict pid=55315)[0m Loading weights: 100%|██████████| 434/434 [00:00<00:00, 10091.29it/s]
[36m(WorkerDict pid=55315)[0m /root/miniconda3/lib/python3.12/site-packages/torch/distributed/c10d_logger.py:83: UserWarning: barrier(): using the device under current context. You can specify `device_id` in `init_process_group` to mute this warning.
[36m(WorkerDict pid=55315)[0m   return func(*args, **kwargs)
[36m(WorkerDict pid=55315)[0m /root/miniconda3/lib/python3.12/site-packages/torch/distributed/fsdp/fully_sharded_data_parallel.py:478: UserWarning: FSDP is switching to use `NO_SHARD` instead of ShardingStrategy.FULL_SHARD since the world size is 1.
[36m(WorkerDict pid=55315)[0m   _init_core_state(
[36m(WorkerDict pid=55315)[0m     "full_attention",
[36m(WorkerDict pid=55315)[0m     "full_attention",
[36m(WorkerDict pid=55315)[0m     "full_attention",
[36m(WorkerDict pid=55315)[0m     "full_attention",
[36m(WorkerDict pid=55315)[0m     "full_attention",
[36m(WorkerDict pid=55315)[0m     "full_attention",
[36m(WorkerDict pid=55315)[0m     "full_attention",
[36m(WorkerDict pid=55315)[0m     "full_attention",
[36m(WorkerDict pid=55315)[0m     "full_attention",
[36m(WorkerDict pid=55315)[0m     "full_attention",
[36m(WorkerDict pid=55315)[0m     "full_attention",
[36m(WorkerDict pid=55315)[0m     "full_attention",
[36m(WorkerDict pid=55315)[0m     "full_attention",
[36m(WorkerDict pid=55315)[0m     "full_attention",
[36m(WorkerDict pid=55315)[0m     "full_attention"
[36m(WorkerDict pid=55315)[0m   ],
[36m(WorkerDict pid=55315)[0m   "max_position_embeddings": 32768,
[36m(WorkerDict pid=55315)[0m   "max_window_layers": 70,
[36m(WorkerDict pid=55315)[0m   "model_type": "qwen2",
[36m(WorkerDict pid=55315)[0m   "num_attention_heads": 16,
[36m(WorkerDict pid=55315)[0m   "num_hidden_layers": 36,
[36m(WorkerDict pid=55315)[0m   "num_key_value_heads": 2,
[36m(WorkerDict pid=55315)[0m   "pad_token_id": 151643,
[36m(WorkerDict pid=55315)[0m   "rms_norm_eps": 1e-06,
[36m(WorkerDict pid=55315)[0m   "rope_parameters": {
[36m(WorkerDict pid=55315)[0m     "rope_theta": 1000000.0,
[36m(WorkerDict pid=55315)[0m     "rope_type": "default"
[36m(WorkerDict pid=55315)[0m   },
[36m(WorkerDict pid=55315)[0m   "sliding_window": null,
[36m(WorkerDict pid=55315)[0m   "tie_word_embeddings": true,
[36m(WorkerDict pid=55315)[0m   "transformers_version": "5.9.0",
[36m(WorkerDict pid=55315)[0m   "use_cache": true,
[36m(WorkerDict pid=55315)[0m   "use_sliding_window": false,
[36m(WorkerDict pid=55315)[0m   "vocab_size": 151936
[36m(WorkerDict pid=55315)[0m }
[36m(WorkerDict pid=55315)[0m 
[36m(WorkerDict pid=55315)[0m Qwen2ForCausalLM contains 3.09B parameters
[36m(WorkerDict pid=55315)[0m wrap_policy: functools.partial(<function _or_policy at 0x7fd15dd431a0>, policies=[functools.partial(<function transformer_auto_wrap_policy at 0x7fd15dd43060>, transformer_layer_cls={<class 'transformers.models.qwen2.modeling_qwen2.Qwen2DecoderLayer'>})])
[36m(WorkerDict pid=55315)[0m Actor use_remove_padding=True
[36m(WorkerDict pid=55315)[0m Model config after override: Qwen2Config {
[36m(WorkerDict pid=55315)[0m   "architectures": [
[36m(WorkerDict pid=55315)[0m     "Qwen2ForCausalLM"
[36m(WorkerDict pid=55315)[0m   ],
[36m(WorkerDict pid=55315)[0m   "attention_dropout": 0.0,
[36m(WorkerDict pid=55315)[0m   "bos_token_id": null,
[36m(WorkerDict pid=55315)[0m   "dtype": "bfloat16",
[36m(WorkerDict pid=55315)[0m   "eos_token_id": 151645,
[36m(WorkerDict pid=55315)[0m   "hidden_act": "silu",
[36m(WorkerDict pid=55315)[0m   "hidden_size": 2048,
[36m(WorkerDict pid=55315)[0m   "initializer_range": 0.02,
[36m(WorkerDict pid=55315)[0m   "intermediate_size": 11008,
[36m(WorkerDict pid=55315)[0m   "layer_types": [
[36m(WorkerDict pid=55315)[0m     "full_attention",
[36m(WorkerDict pid=55315)[0m     "full_attention",
[36m(WorkerDict pid=55315)[0m     "full_attention",
[36m(WorkerDict pid=55315)[0m     "full_attention",
[36m(WorkerDict pid=55315)[0m     "full_attention",
[36m(WorkerDict pid=55315)[0m     "full_attention",
[36m(WorkerDict pid=55315)[0m     "full_attention",
[36m(WorkerDict pid=55315)[0m     "full_attention",
[36m(WorkerDict pid=55315)[0m     "full_attention",
[36m(WorkerDict pid=55315)[0m     "full_attention",
[36m(WorkerDict pid=55315)[0m     "full_attention",
[36m(WorkerDict pid=55315)[0m     "full_attention",
[36m(WorkerDict pid=55315)[0m     "full_attention",
[36m(WorkerDict pid=55315)[0m     "full_attention",
[36m(WorkerDict pid=55315)[0m     "full_attention",
[36m(WorkerDict pid=55315)[0m     "full_attention",
[36m(WorkerDict pid=55315)[0m     "full_attention",
[36m(WorkerDict pid=55315)[0m     "full_attention",
[36m(WorkerDict pid=55315)[0m     "full_attention",
[36m(WorkerDict pid=55315)[0m     "full_attention",
[36m(WorkerDict pid=55315)[0m     "full_attention",
[36m(WorkerDict pid=55315)[0m     "full_attention",
[36m(WorkerDict pid=55315)[0m     "full_attention",
[36m(WorkerDict pid=55315)[0m     "full_attention",
[36m(WorkerDict pid=55315)[0m     "full_attention",
[36m(WorkerDict pid=55315)[0m     "full_attention",
[36m(WorkerDict pid=55315)[0m     "full_attention",
[36m(WorkerDict pid=55315)[0m     "full_attention",
[36m(WorkerDict pid=55315)[0m     "full_attention",
[36m(WorkerDict pid=55315)[0m     "full_attention",
[36m(WorkerDict pid=55315)[0m     "full_attention",
[36m(WorkerDict pid=55315)[0m     "full_attention",
[36m(WorkerDict pid=55315)[0m     "full_attention",
[36m(WorkerDict pid=55315)[0m     "full_attention",
[36m(WorkerDict pid=55315)[0m     "full_attention",
[36m(WorkerDict pid=55315)[0m     "full_attention"
[36m(WorkerDict pid=55315)[0m   ],
[36m(WorkerDict pid=55315)[0m   "max_position_embeddings": 32768,
[36m(WorkerDict pid=55315)[0m   "max_window_layers": 70,
[36m(WorkerDict pid=55315)[0m   "model_type": "qwen2",
[36m(WorkerDict pid=55315)[0m   "num_attention_heads": 16,
[36m(WorkerDict pid=55315)[0m   "num_hidden_layers": 36,
[36m(WorkerDict pid=55315)[0m   "num_key_value_heads": 2,
[36m(WorkerDict pid=55315)[0m   "pad_token_id": 151643,
[36m(WorkerDict pid=55315)[0m   "rms_norm_eps": 1e-06,
[36m(WorkerDict pid=55315)[0m   "rope_parameters": {
[36m(WorkerDict pid=55315)[0m     "rope_theta": 1000000.0,
[36m(WorkerDict pid=55315)[0m     "rope_type": "default"
[36m(WorkerDict pid=55315)[0m   },
[36m(WorkerDict pid=55315)[0m   "sliding_window": null,
[36m(WorkerDict pid=55315)[0m   "tie_word_embeddings": true,
[36m(WorkerDict pid=55315)[0m   "transformers_version": "5.9.0",
[36m(WorkerDict pid=55315)[0m   "use_cache": true,
[36m(WorkerDict pid=55315)[0m   "use_sliding_window": false,
[36m(WorkerDict pid=55315)[0m   "vocab_size": 151936
[36m(WorkerDict pid=55315)[0m }
[36m(WorkerDict pid=55315)[0m 
[36m(WorkerDict pid=55315)[0m trainable params: 29,491,200 || all params: 3,115,429,888 || trainable%: 0.9466
[36m(WorkerDict pid=55315)[0m [LoRA] Injected LoRA adapters: rank=64, alpha=16
[36m(WorkerDict pid=55315)[0m PeftModelForCausalLM contains 3.12B parameters
[36m(WorkerDict pid=55315)[0m wrap_policy: functools.partial(<function _or_policy at 0x7fd15dd431a0>, policies=[functools.partial(<function lambda_auto_wrap_policy at 0x7fd15dd42b60>, lambda_fn=<function get_fsdp_wrap_policy.<locals>.lambda_policy_fn at 0x7fce80ddec00>), functools.partial(<function transformer_auto_wrap_policy at 0x7fd15dd43060>, transformer_layer_cls={<class 'transformers.models.qwen2.modeling_qwen2.Qwen2DecoderLayer'>})])
[36m(WorkerDict pid=55315)[0m Total steps: 30, num_warmup_steps: 0
[36m(WorkerDict pid=55315)[0m Actor use_remove_padding=True
[36m(WorkerDict pid=55315)[0m Before building vllm rollout, memory allocated (GB): 11.676271915435791, memory reserved (GB): 12.408203125
[36m(WorkerDict pid=55315)[0m INFO 05-25 15:02:13 [utils.py:240] non-default args: {'dtype': 'bfloat16', 'max_model_len': 1024, 'distributed_executor_backend': 'external_launcher', 'enable_prefix_caching': True, 'gpu_memory_utilization': 0.3, 'max_num_batched_tokens': 2048, 'disable_log_stats': True, 'enforce_eager': True, 'disable_custom_all_reduce': True, 'enable_chunked_prefill': True, 'enable_sleep_mode': True, 'model': '/root/autodl-tmp/models/Qwen/Qwen2.5-3B-Instruct'}
[36m(WorkerDict pid=55315)[0m INFO 05-25 15:02:13 [model.py:568] Resolved architecture: Qwen2ForCausalLM
[36m(WorkerDict pid=55315)[0m INFO 05-25 15:02:13 [model.py:1697] Using max model len 1024
[36m(WorkerDict pid=55315)[0m Loading safetensors checkpoint shards:   0% Completed | 0/2 [00:00<?, ?it/s]
[36m(WorkerDict pid=55315)[0m Loading safetensors checkpoint shards:  50% Completed | 1/2 [00:00<00:00,  1.43it/s]
[36m(WorkerDict pid=55315)[0m Loading safetensors checkpoint shards: 100% Completed | 2/2 [00:01<00:00,  1.83it/s]
[36m(WorkerDict pid=55315)[0m Loading safetensors checkpoint shards: 100% Completed | 2/2 [00:01<00:00,  1.75it/s]
[36m(WorkerDict pid=55315)[0m 
[36m(WorkerDict pid=55315)[0m /root/DeepResearcher/verl/workers/sharding_manager/fsdp_vllm.py:52: FutureWarning: FSDP.state_dict_type() and FSDP.set_state_dict_type() are being deprecated. Please use APIs, get_state_dict() and set_state_dict(), which can support different parallelisms, FSDP1, FSDP2, DDP. API doc: https://pytorch.org/docs/stable/distributed.checkpoint.html#torch.distributed.checkpoint.state_dict.get_state_dict .Tutorial: https://pytorch.org/tutorials/recipes/distributed_checkpoint_recipe.html .
[36m(WorkerDict pid=55315)[0m   FSDP.set_state_dict_type(self.module,
[36m(WorkerDict pid=55315)[0m INFO 05-25 15:02:13 [arg_utils.py:1739] Using ray runtime env (env vars redacted): {'env_vars': {'NCCL_DEBUG': '***', 'RANK': '***', 'RAY_LOCAL_RANK': '***', 'RAY_LOCAL_WORLD_SIZE': '***', 'TOKENIZERS_PARALLELISM': '***', 'WG_BACKEND': '***', 'WG_PREFIX': '***', 'WORLD_SIZE': '***'}}
[36m(WorkerDict pid=55315)[0m INFO 05-25 15:02:13 [parallel.py:769] Using external launcher for distributed inference.
[36m(WorkerDict pid=55315)[0m INFO 05-25 15:02:13 [parallel.py:829] Disabling V1 multiprocessing for external launcher.
[36m(WorkerDict pid=55315)[0m INFO 05-25 15:02:13 [scheduler.py:239] Chunked prefill is enabled with max_num_batched_tokens=2048.
[36m(WorkerDict pid=55315)[0m INFO 05-25 15:02:13 [vllm.py:886] Asynchronous scheduling is enabled.
[36m(WorkerDict pid=55315)[0m WARNING 05-25 15:02:13 [vllm.py:942] Enforce eager set, disabling torch.compile and CUDAGraphs. This is equivalent to setting -cc.mode=none -cc.cudagraph_mode=none
[36m(WorkerDict pid=55315)[0m WARNING 05-25 15:02:13 [vllm.py:960] Inductor compilation was disabled by user settings, optimizations settings that are only active during inductor compilation will be ignored.
[36m(WorkerDict pid=55315)[0m INFO 05-25 15:02:13 [kernel.py:212] Final IR op priority after setting platform defaults: IrOpPriorityConfig(rms_norm=['vllm_c', 'native'], fused_add_rms_norm=['vllm_c', 'native'])
[36m(WorkerDict pid=55315)[0m INFO 05-25 15:02:13 [vllm.py:1135] Cudagraph is disabled under eager mode
[36m(WorkerDict pid=55315)[0m INFO 05-25 15:02:13 [compilation.py:303] Enabled custom fusions: norm_quant, act_quant
[36m(WorkerDict pid=55315)[0m INFO 05-25 15:02:14 [core.py:109] Initializing a V1 LLM engine (v0.21.0) with config: model='/root/autodl-tmp/models/Qwen/Qwen2.5-3B-Instruct', speculative_config=None, tokenizer='/root/autodl-tmp/models/Qwen/Qwen2.5-3B-Instruct', skip_tokenizer_init=False, tokenizer_mode=auto, revision=None, tokenizer_revision=None, trust_remote_code=False, dtype=torch.bfloat16, max_seq_len=1024, download_dir=None, load_format=auto, tensor_parallel_size=1, pipeline_parallel_size=1, data_parallel_size=1, decode_context_parallel_size=1, dcp_comm_backend=ag_rs, disable_custom_all_reduce=True, quantization=None, quantization_config=None, enforce_eager=True, enable_return_routed_experts=False, kv_cache_dtype=auto, device_config=cuda, structured_outputs_config=StructuredOutputsConfig(backend='auto', disable_any_whitespace=False, disable_additional_properties=False, reasoning_parser='', reasoning_parser_plugin='', enable_in_reasoning=False), observability_config=ObservabilityConfig(show_hidden_metrics_for_version=None, otlp_traces_endpoint=None, collect_detailed_traces=None, kv_cache_metrics=False, kv_cache_metrics_sample=0.01, cudagraph_metrics=False, enable_layerwise_nvtx_tracing=False, enable_mfu_metrics=False, enable_mm_processor_stats=False, enable_logging_iteration_details=False), seed=0, served_model_name=/root/autodl-tmp/models/Qwen/Qwen2.5-3B-Instruct, enable_prefix_caching=True, enable_chunked_prefill=True, pooler_config=None, compilation_config={'mode': <CompilationMode.NONE: 0>, 'debug_dump_path': None, 'cache_dir': '', 'compile_cache_save_format': 'binary', 'backend': 'inductor', 'custom_ops': ['all'], 'ir_enable_torch_wrap': False, 'splitting_ops': [], 'compile_mm_encoder': False, 'cudagraph_mm_encoder': False, 'encoder_cudagraph_token_budgets': [], 'encoder_cudagraph_max_vision_items_per_batch': 0, 'encoder_cudagraph_max_frames_per_batch': None, 'compile_sizes': [], 'compile_ranges_endpoints': [2048], 'inductor_compile_config': {'enable_auto_functionalized_v2': False, 'size_asserts': False, 'alignment_asserts': False, 'scalar_asserts': False, 'combo_kernels': True, 'benchmark_combo_kernel': True}, 'inductor_passes': {}, 'cudagraph_mode': <CUDAGraphMode.NONE: 0>, 'cudagraph_num_of_warmups': 0, 'cudagraph_capture_sizes': [], 'cudagraph_copy_inputs': False, 'cudagraph_specialize_lora': True, 'use_inductor_graph_partition': False, 'pass_config': {'fuse_norm_quant': True, 'fuse_act_quant': True, 'fuse_attn_quant': False, 'enable_sp': False, 'fuse_gemm_comms': False, 'fuse_allreduce_rms': False, 'fuse_act_padding': False}, 'max_cudagraph_capture_size': 0, 'dynamic_shapes_config': {'type': <DynamicShapesType.BACKED: 'backed'>, 'evaluate_guards': False, 'assume_32_bit_indexing': False}, 'local_cache_dir': None, 'fast_moe_cold_start': False, 'static_all_moe_layers': []}, kernel_config=KernelConfig(ir_op_priority=IrOpPriorityConfig(rms_norm=['vllm_c', 'native'], fused_add_rms_norm=['vllm_c', 'native']), enable_flashinfer_autotune=False, moe_backend='auto')
[36m(WorkerDict pid=55315)[0m INFO 05-25 15:02:14 [parallel_state.py:1723] rank 0 in world size 1 is assigned as DP rank 0, PP rank 0, PCP rank 0, TP rank 0, EP rank N/A, EPLB rank N/A
[36m(WorkerDict pid=55315)[0m INFO 05-25 15:02:15 [topk_topp_sampler.py:45] Using FlashInfer for top-p & top-k sampling.
[36m(WorkerDict pid=55315)[0m INFO 05-25 15:02:15 [gpu_model_runner.py:4857] Starting to load model /root/autodl-tmp/models/Qwen/Qwen2.5-3B-Instruct...
[36m(WorkerDict pid=55315)[0m INFO 05-25 15:02:15 [cuda.py:372] Using FLASH_ATTN attention backend out of potential backends: ['FLASH_ATTN', 'FLASHINFER', 'TRITON_ATTN', 'FLEX_ATTENTION'].
[36m(WorkerDict pid=55315)[0m INFO 05-25 15:02:15 [flash_attn.py:641] Using FlashAttention version 2
[36m(WorkerDict pid=55315)[0m INFO 05-25 15:02:15 [weight_utils.py:938] Filesystem type for checkpoints: XFS. Checkpoint size: 5.75 GiB. Available RAM: 965.15 GiB.
[36m(WorkerDict pid=55315)[0m INFO 05-25 15:02:15 [weight_utils.py:961] Auto-prefetch is disabled because the filesystem (XFS) is not a recognized network FS (NFS/Lustre). If you want to force prefetching, start vLLM with --safetensors-load-strategy=prefetch.
[36m(WorkerDict pid=55315)[0m INFO 05-25 15:02:17 [default_loader.py:397] Loading weights took 1.17 seconds
[36m(WorkerDict pid=55315)[0m INFO 05-25 15:02:17 [gpu_model_runner.py:4959] Model loading took 5.79 GiB memory and 1.341796 seconds
[36m(WorkerDict pid=55315)[0m INFO 05-25 15:02:18 [gpu_worker.py:462] Available KV cache memory: 20.52 GiB
[36m(WorkerDict pid=55315)[0m INFO 05-25 15:02:18 [kv_cache_utils.py:1710] GPU KV cache size: 597,632 tokens
[36m(WorkerDict pid=55315)[0m INFO 05-25 15:02:18 [kv_cache_utils.py:1711] Maximum concurrency for 1,024 tokens per request: 583.62x
[36m(WorkerDict pid=55315)[0m INFO 05-25 15:02:19 [kernel_warmup.py:44] Skipping FlashInfer autotune because it is disabled.
[36m(WorkerDict pid=55315)[0m INFO 05-25 15:02:19 [jit_monitor.py:54] Kernel JIT monitor activated — Triton JIT compilations during inference will be logged as warnings.
[36m(WorkerDict pid=55315)[0m INFO 05-25 15:02:19 [core.py:306] init engine (profile, create kv cache, warmup model) took 1.45 s
[36m(WorkerDict pid=55315)[0m INFO 05-25 15:02:19 [block_pool.py:471] Successfully reset prefix cache
[36m(WorkerDict pid=55315)[0m INFO 05-25 15:02:22 [cumem.py:209] CuMemAllocator: sleep freed 26.41 GiB memory in total, of which 5.88 GiB is backed up in CPU and the rest 20.53 GiB is discarded directly.
[36m(WorkerDict pid=55315)[0m INFO 05-25 15:02:22 [gpu_worker.py:178] Sleep mode freed 28.13 GiB memory, 13.52 GiB memory is still in use.
[36m(WorkerDict pid=55315)[0m INFO 05-25 15:02:22 [abstract.py:331] It took 3.263092 seconds to fall asleep.
[36m(WorkerDict pid=55315)[0m kwargs: {'n': 1, 'logprobs': 0, 'max_tokens': 512, 'detokenize': False, 'temperature': 1.0, 'top_k': -1, 'top_p': 1, 'ignore_eos': False}
[36m(WorkerDict pid=55315)[0m After building vllm rollout, memory allocated (GB): 38.12354898452759, memory reserved (GB): 38.73046875
[36m(WorkerDict pid=55315)[0m After building sharding manager, memory allocated (GB): 38.12354898452759, memory reserved (GB): 38.73046875
[36m(main_task pid=55183)[0m swanlab: Tracking run with swanlab version 0.7.19
[36m(main_task pid=55183)[0m swanlab: Run data will be saved locally in 
[36m(main_task pid=55183)[0m /root/DeepResearcher/swanlog/run-20260525_150224-40fzsk50rc73qkngwtcvj
[36m(WorkerDict pid=55315)[0m /root/miniconda3/lib/python3.12/site-packages/torch/utils/_contextlib.py:124: UserWarning: When using ``NO_SHARD`` for ``ShardingStrategy``, full_state_dict will be returned.
[36m(WorkerDict pid=55315)[0m   return func(*args, **kwargs)
[36m(main_task pid=55183)[0m swanlab: 👋 Hi Fyrgo,welcome to swanlab!
[36m(main_task pid=55183)[0m swanlab: Syncing run exp03_lora_rank64_alpha16 to the cloud
[36m(main_task pid=55183)[0m swanlab: 🏠 View project at https://swanlab.cn/@Fyrgo/verl_examples
[36m(main_task pid=55183)[0m swanlab: 🚀 View run at 
[36m(main_task pid=55183)[0m https://swanlab.cn/@Fyrgo/verl_examples/runs/40fzsk50rc73qkngwtcvj
[36m(main_task pid=55183)[0m Using LocalLogger is deprecated. The constructor API will change 
[36m(main_task pid=55183)[0m Checkpoint tracker file does not exist: %s /root/DeepResearcher/./ckpts/verl_examples/exp03_lora_rank64_alpha16/latest_checkpointed_iteration.txt
[36m(main_task pid=55183)[0m Training from scratch
[36m(main_task pid=55183)[0m node 0 in fit function!
[36m(main_task pid=55183)[0m node 0 gains 512 datas!
[36m(main_task pid=55183)[0m node 0 step 0 start!
[36m(main_task pid=55183)[0m rollout_step_1_round_0.json 写入完成
[36m(main_task pid=55183)[0m node 0, turn 0 rollings_active is 1024 datas
[36m(WorkerDict pid=55315)[0m INFO 05-25 15:02:26 [abstract.py:349] It took 0.188317 seconds to wake up tags {'weights', 'kv_cache'}.
[36m(WorkerDict pid=55315)[0m WARNING 05-25 15:02:26 [jit_monitor.py:103] Triton kernel JIT compilation during inference: _compute_slot_mapping_kernel. This causes a latency spike; consider extending warmup to cover this shape/config.
[36m(WorkerDict pid=55315)[0m INFO 05-25 15:04:11 [block_pool.py:471] Successfully reset prefix cache
[36m(WorkerDict pid=55315)[0m INFO 05-25 15:04:11 [cumem.py:209] CuMemAllocator: sleep freed 26.41 GiB memory in total, of which 5.88 GiB is backed up in CPU and the rest 20.53 GiB is discarded directly.
[36m(main_task pid=55183)[0m swanlab: 🏠 View project at https://swanlab.cn/@Fyrgo/verl_examples
[36m(main_task pid=55183)[0m swanlab: 🚀 View run at 
[36m(main_task pid=55183)[0m https://swanlab.cn/@Fyrgo/verl_examples/runs/40fzsk50rc73qkngwtcvj
[36m(WorkerDict pid=55315)[0m INFO 05-25 15:04:11 [gpu_worker.py:178] Sleep mode freed 39.92 GiB memory, 13.56 GiB memory is still in use.
[36m(WorkerDict pid=55315)[0m INFO 05-25 15:04:11 [abstract.py:331] It took 0.215396 seconds to fall asleep.
Error executing job with overrides: ['actor_rollout_ref.model.path=/root/autodl-tmp/models/Qwen/Qwen2.5-3B-Instruct', 'actor_rollout_ref.model.use_remove_padding=true', 'actor_rollout_ref.model.use_lora=true', 'actor_rollout_ref.model.lora_rank=64', 'actor_rollout_ref.model.lora_alpha=16', 'actor_rollout_ref.model.lora_dropout=0.0', '+actor_rollout_ref.actor.fsdp_config.model_dtype=bf16', 'actor_rollout_ref.actor.fsdp_config.param_offload=false', 'actor_rollout_ref.actor.fsdp_config.optimizer_offload=False', 'actor_rollout_ref.actor.ulysses_sequence_parallel_size=1', 'actor_rollout_ref.ref.fsdp_config.param_offload=true', 'actor_rollout_ref.ref.ulysses_sequence_parallel_size=1', 'actor_rollout_ref.rollout.tensor_model_parallel_size=1', 'actor_rollout_ref.rollout.gpu_memory_utilization=0.3', 'actor_rollout_ref.rollout.max_model_len=2048', 'actor_rollout_ref.rollout.max_num_batched_tokens=2048', 'critic.model.path=/root/autodl-tmp/models/Qwen/Qwen2.5-3B-Instruct', 'critic.ulysses_sequence_parallel_size=1', 'data.train_files=/root/DeepResearcher/data/train.parquet', 'data.max_prompt_length=512', 'data.max_response_length=512', 'data.train_batch_size=512', '+data.num_workers=0', 'algorithm.adv_estimator=drgrpo', 'algorithm.kl_penalty=kl', 'algorithm.kl_ctrl.type=fixed', 'algorithm.kl_ctrl.kl_coef=0.001', 'algorithm.gamma=1.0', 'algorithm.lam=1.0', 'trainer.total_training_steps=30', 'trainer.experiment_name=exp03_lora_rank64_alpha16', "trainer.logger=['console','swanlab']", 'trainer.save_freq=500', 'trainer.test_freq=100', '+trainer.val_before_train=false', 'trainer.nnodes=1', 'trainer.n_gpus_per_node=1', 'max_turns=6', 'do_search=true', 'agent_grpo.n=2', 'search_engine=searxng', 'reward_model.reward_manager=naive', 'reward_model.use_pbrs=false', 'reward_model.use_curriculum=false', 'reward_model.use_query_monitoring=false', 'algorithm.entropy_bonus_coef=0.0']
Traceback (most recent call last):
  File "/root/DeepResearcher/verl/trainer/main_ppo.py", line 168, in <module>
    main()
  File "/root/miniconda3/lib/python3.12/site-packages/hydra/main.py", line 94, in decorated_main
    _run_hydra(
  File "/root/miniconda3/lib/python3.12/site-packages/hydra/_internal/utils.py", line 394, in _run_hydra
    _run_app(
  File "/root/miniconda3/lib/python3.12/site-packages/hydra/_internal/utils.py", line 457, in _run_app
    run_and_report(
  File "/root/miniconda3/lib/python3.12/site-packages/hydra/_internal/utils.py", line 223, in run_and_report
    raise ex
  File "/root/miniconda3/lib/python3.12/site-packages/hydra/_internal/utils.py", line 220, in run_and_report
    return func()
           ^^^^^^
  File "/root/miniconda3/lib/python3.12/site-packages/hydra/_internal/utils.py", line 458, in <lambda>
    lambda: hydra.run(
            ^^^^^^^^^^
  File "/root/miniconda3/lib/python3.12/site-packages/hydra/_internal/hydra.py", line 132, in run
    _ = ret.return_value
        ^^^^^^^^^^^^^^^^
  File "/root/miniconda3/lib/python3.12/site-packages/hydra/core/utils.py", line 260, in return_value
    raise self._return_value
  File "/root/miniconda3/lib/python3.12/site-packages/hydra/core/utils.py", line 186, in run_job
    ret.return_value = task_function(task_cfg)
                       ^^^^^^^^^^^^^^^^^^^^^^^
  File "/root/DeepResearcher/verl/trainer/main_ppo.py", line 26, in main
    run_ppo(config)
  File "/root/DeepResearcher/verl/trainer/main_ppo.py", line 34, in run_ppo
    ray.get(main_task.remote(config, compute_score))
  File "/root/miniconda3/lib/python3.12/site-packages/ray/_private/auto_init_hook.py", line 22, in auto_init_wrapper
    return fn(*args, **kwargs)
           ^^^^^^^^^^^^^^^^^^^
  File "/root/miniconda3/lib/python3.12/site-packages/ray/_private/client_mode_hook.py", line 107, in wrapper
    return func(*args, **kwargs)
           ^^^^^^^^^^^^^^^^^^^^^
  File "/root/miniconda3/lib/python3.12/site-packages/ray/_private/worker.py", line 2980, in get
    values, debugger_breakpoint = worker.get_objects(
                                  ^^^^^^^^^^^^^^^^^^^
  File "/root/miniconda3/lib/python3.12/site-packages/ray/_private/worker.py", line 1023, in get_objects
    raise value.as_instanceof_cause()
ray.exceptions.RayTaskError(AttributeError): [36mray::main_task()[39m (pid=55183, ip=172.17.0.6)
  File "/root/DeepResearcher/verl/trainer/main_ppo.py", line 164, in main_task
    trainer.fit()
  File "/root/DeepResearcher/verl/trainer/ppo/ray_trainer.py", line 1122, in fit
    gen_str_list, gen_batch_output = generation_manager.run_llm_loop(
                                     ^^^^^^^^^^^^^^^^^^^^^^^^^^^^^^^^
  File "/root/DeepResearcher/scrl/llm_agent/generation.py", line 463, in run_llm_loop
    gen_output = self._generate_with_gpu_padding(rollings_active)
                 ^^^^^^^^^^^^^^^^^^^^^^^^^^^^^^^^^^^^^^^^^^^^^^^^
  File "/root/DeepResearcher/scrl/llm_agent/generation.py", line 307, in _generate_with_gpu_padding
    return self.actor_rollout_wg.generate_sequences(active_batch)
           ^^^^^^^^^^^^^^^^^^^^^^^^^^^^^^^^^^^^^^^^^^^^^^^^^^^^^^
  File "/root/DeepResearcher/verl/single_controller/ray/base.py", line 42, in func
    output = ray.get(output)
             ^^^^^^^^^^^^^^^
           ^^^^^^^^^^^^^^^^^^^
           ^^^^^^^^^^^^^^^^^^^^^
                                  ^^^^^^^^^^^^^^^^^^^
ray.exceptions.RayTaskError(AttributeError): [36mray::WorkerDict.actor_rollout_generate_sequences()[39m (pid=55315, ip=172.17.0.6, actor_id=b61b246df50bd89eee4c329c01000000, repr=<verl.single_controller.ray.base.WorkerDict object at 0x7fcf0ff0b830>)
           ^^^^^^^^^^^^^^^^^^^^^^^^^^^^^^^^^^^^
           ^^^^^^^^^^^^^^^^^^^^^^^^^^^^^^^
  File "/root/DeepResearcher/verl/single_controller/ray/base.py", line 399, in func
    return getattr(self.worker_dict[key], name)(*args, **kwargs)
           ^^^^^^^^^^^^^^^^^^^^^^^^^^^^^^^^^^^^^^^^^^^^^^^^^^^^^
  File "/root/DeepResearcher/verl/single_controller/base/decorator.py", line 404, in inner
    return func(*args, **kwargs)
           ^^^^^^^^^^^^^^^^^^^^^
  File "/root/DeepResearcher/verl/workers/fsdp_workers.py", line 553, in generate_sequences
    output = self.rollout_sharding_manager.postprocess_data(output)
             ^^^^^^^^^^^^^^^^^^^^^^^^^^^^^^^^^^^^^^^^^^^^^^^^^^^^^^
  File "/root/DeepResearcher/verl/workers/sharding_manager/fsdp_vllm.py", line 171, in postprocess_data
    group=vllm_ps.get_tensor_model_parallel_group().device_group)
          ^^^^^^^^^^^^^^^^^^^^^^^^^^^^^^^^^^^^^^^
AttributeError: module 'vllm.distributed.parallel_state' has no attribute 'get_tensor_model_parallel_group'. Did you mean: 'get_tensor_model_parallel_rank'?
2026-05-25 15:06:35,409	WARNING utils.py:461 -- Detecting docker specified CPUs. In previous versions of Ray, CPU detection in containers was incorrect. Please ensure that Ray has enough CPUs allocated. As a temporary workaround to revert to the prior behavior, set `RAY_USE_MULTIPROCESSING_CPU_COUNT=1` as an env var before starting Ray. Set the env var: `RAY_DISABLE_DOCKER_CPU_WARNING=1` to mute this warning.
2026-05-25 15:06:37,685	INFO worker.py:2012 -- Started a local Ray instance.
/root/miniconda3/lib/python3.12/site-packages/ray/_private/worker.py:2051: FutureWarning: Tip: In future versions of Ray, Ray will no longer override accelerator visible devices env var if num_gpus=0 or num_gpus=None (default). To enable this behavior and turn off this error message, set RAY_ACCEL_ENV_VAR_OVERRIDE_ON_ZERO=0
  warnings.warn(
[36m(main_task pid=57677)[0m {'actor_rollout_ref': {'actor': {'clip_ratio': 0.2,
[36m(main_task pid=57677)[0m                                  'entropy_coeff': 0.001,
[36m(main_task pid=57677)[0m                                  'fsdp_config': {'fsdp_size': -1,
[36m(main_task pid=57677)[0m                                                  'model_dtype': 'bf16',
[36m(main_task pid=57677)[0m                                                  'optimizer_offload': False,
[36m(main_task pid=57677)[0m                                                  'param_offload': False,
[36m(main_task pid=57677)[0m                                                  'wrap_policy': {'min_num_params': 0}},
[36m(main_task pid=57677)[0m                                  'grad_clip': 1.0,
[36m(main_task pid=57677)[0m                                  'kl_loss_coef': 0.001,
[36m(main_task pid=57677)[0m                                  'kl_loss_type': 'low_var_kl',
[36m(main_task pid=57677)[0m                                  'optim': {'lr': 1e-06,
[36m(main_task pid=57677)[0m                                            'lr_warmup_steps_ratio': 0.0,
[36m(main_task pid=57677)[0m                                            'min_lr_ratio': None,
[36m(main_task pid=57677)[0m                                            'total_training_steps': -1,
[36m(main_task pid=57677)[0m                                            'warmup_style': 'constant'},
[36m(main_task pid=57677)[0m                                  'ppo_epochs': 1,
[36m(main_task pid=57677)[0m                                  'ppo_max_token_len_per_gpu': 8192,
[36m(main_task pid=57677)[0m                                  'ppo_micro_batch_size': None,
[36m(main_task pid=57677)[0m                                  'ppo_micro_batch_size_per_gpu': None,
[36m(main_task pid=57677)[0m                                  'ppo_mini_batch_size': 256,
[36m(main_task pid=57677)[0m                                  'shuffle': False,
[36m(main_task pid=57677)[0m                                  'strategy': 'fsdp',
[36m(main_task pid=57677)[0m                                  'ulysses_sequence_parallel_size': 1,
[36m(main_task pid=57677)[0m                                  'use_dynamic_bsz': True,
[36m(main_task pid=57677)[0m                                  'use_kl_loss': True},
[36m(main_task pid=57677)[0m                        'hybrid_engine': True,
[36m(main_task pid=57677)[0m                        'model': {'enable_gradient_checkpointing': True,
[36m(main_task pid=57677)[0m                                  'external_lib': None,
[36m(main_task pid=57677)[0m                                  'lora_alpha': 16,
[36m(main_task pid=57677)[0m                                  'lora_dropout': 0.0,
[36m(main_task pid=57677)[0m                                  'lora_rank': 64,
[36m(main_task pid=57677)[0m                                  'override_config': {},
[36m(main_task pid=57677)[0m                                  'path': '/root/autodl-tmp/models/Qwen/Qwen2.5-3B-Instruct',
[36m(main_task pid=57677)[0m                                  'use_lora': True,
[36m(main_task pid=57677)[0m                                  'use_remove_padding': True},
[36m(main_task pid=57677)[0m                        'ref': {'fsdp_config': {'param_offload': True,
[36m(main_task pid=57677)[0m                                                'wrap_policy': {'min_num_params': 0}},
[36m(main_task pid=57677)[0m                                'log_prob_max_token_len_per_gpu': 8192,
[36m(main_task pid=57677)[0m                                'log_prob_micro_batch_size': None,
[36m(main_task pid=57677)[0m                                'log_prob_micro_batch_size_per_gpu': None,
[36m(main_task pid=57677)[0m                                'log_prob_use_dynamic_bsz': True,
[36m(main_task pid=57677)[0m                                'ulysses_sequence_parallel_size': 1},
[36m(main_task pid=57677)[0m                        'rollout': {'disable_log_stats': True,
[36m(main_task pid=57677)[0m                                    'do_sample': True,
[36m(main_task pid=57677)[0m                                    'dtype': 'bfloat16',
[36m(main_task pid=57677)[0m                                    'enable_chunked_prefill': True,
[36m(main_task pid=57677)[0m                                    'enforce_eager': True,
[36m(main_task pid=57677)[0m                                    'free_cache_engine': True,
[36m(main_task pid=57677)[0m                                    'gpu_memory_utilization': 0.3,
[36m(main_task pid=57677)[0m                                    'ignore_eos': False,
[36m(main_task pid=57677)[0m                                    'load_format': 'dummy_dtensor',
[36m(main_task pid=57677)[0m                                    'log_prob_max_token_len_per_gpu': 8192,
[36m(main_task pid=57677)[0m                                    'log_prob_micro_batch_size': None,
[36m(main_task pid=57677)[0m                                    'log_prob_micro_batch_size_per_gpu': None,
[36m(main_task pid=57677)[0m                                    'log_prob_use_dynamic_bsz': True,
[36m(main_task pid=57677)[0m                                    'max_model_len': 2048,
[36m(main_task pid=57677)[0m                                    'max_num_batched_tokens': 2048,
[36m(main_task pid=57677)[0m                                    'max_num_seqs': 1024,
[36m(main_task pid=57677)[0m                                    'n': 1,
[36m(main_task pid=57677)[0m                                    'name': 'vllm',
[36m(main_task pid=57677)[0m                                    'prompt_length': 512,
[36m(main_task pid=57677)[0m                                    'response_length': 512,
[36m(main_task pid=57677)[0m                                    'temperature': 1.0,
[36m(main_task pid=57677)[0m                                    'tensor_model_parallel_size': 1,
[36m(main_task pid=57677)[0m                                    'top_k': -1,
[36m(main_task pid=57677)[0m                                    'top_p': 1,
[36m(main_task pid=57677)[0m                                    'use_fire_sampling': False}},
[36m(main_task pid=57677)[0m  'agent_grpo': {'n': 2},
[36m(main_task pid=57677)[0m  'algorithm': {'adv_estimator': 'drgrpo',
[36m(main_task pid=57677)[0m                'entropy_bonus_coef': 0.0,
[36m(main_task pid=57677)[0m                'gamma': 1.0,
[36m(main_task pid=57677)[0m                'kl_ctrl': {'kl_coef': 0.001, 'type': 'fixed'},
[36m(main_task pid=57677)[0m                'kl_penalty': 'kl',
[36m(main_task pid=57677)[0m                'lam': 1.0},
[36m(main_task pid=57677)[0m  'critic': {'cliprange_value': 0.5,
[36m(main_task pid=57677)[0m             'forward_max_token_len_per_gpu': 32768,
[36m(main_task pid=57677)[0m             'forward_micro_batch_size': None,
[36m(main_task pid=57677)[0m             'forward_micro_batch_size_per_gpu': None,
[36m(main_task pid=57677)[0m             'grad_clip': 1.0,
[36m(main_task pid=57677)[0m             'model': {'enable_gradient_checkpointing': True,
[36m(main_task pid=57677)[0m                       'external_lib': None,
[36m(main_task pid=57677)[0m                       'fsdp_config': {'fsdp_size': -1,
[36m(main_task pid=57677)[0m                                       'optimizer_offload': False,
[36m(main_task pid=57677)[0m                                       'param_offload': False,
[36m(main_task pid=57677)[0m                                       'wrap_policy': {'min_num_params': 0}},
[36m(main_task pid=57677)[0m                       'override_config': {},
[36m(main_task pid=57677)[0m                       'path': '/root/autodl-tmp/models/Qwen/Qwen2.5-3B-Instruct',
[36m(main_task pid=57677)[0m                       'tokenizer_path': '/root/autodl-tmp/models/Qwen/Qwen2.5-3B-Instruct',
[36m(main_task pid=57677)[0m                       'use_remove_padding': True},
[36m(main_task pid=57677)[0m             'optim': {'lr': 1e-05,
[36m(main_task pid=57677)[0m W0525 15:06:46.309000 57677 site-packages/torch/utils/cpp_extension.py:140] No CUDA runtime is found, using CUDA_HOME='/usr/local/cuda'
[36m(main_task pid=57677)[0m                       'lr_warmup_steps_ratio': 0.0,
[36m(main_task pid=57677)[0m                       'min_lr_ratio': None,
[36m(main_task pid=57677)[0m                       'total_training_steps': -1,
[36m(main_task pid=57677)[0m                       'warmup_style': 'constant'},
[36m(main_task pid=57677)[0m             'ppo_epochs': 1,
[36m(main_task pid=57677)[0m             'ppo_max_token_len_per_gpu': 32768,
[36m(main_task pid=57677)[0m             'ppo_micro_batch_size': None,
[36m(main_task pid=57677)[0m             'ppo_micro_batch_size_per_gpu': None,
[36m(main_task pid=57677)[0m             'ppo_mini_batch_size': 256,
[36m(main_task pid=57677)[0m             'shuffle': False,
[36m(main_task pid=57677)[0m             'strategy': 'fsdp',
[36m(main_task pid=57677)[0m             'ulysses_sequence_parallel_size': 1,
[36m(main_task pid=57677)[0m             'use_dynamic_bsz': True},
[36m(main_task pid=57677)[0m  'data': {'data_writing_file': './signal/data.json',
[36m(main_task pid=57677)[0m           'image_key': 'images',
[36m(main_task pid=57677)[0m           'max_prompt_length': 512,
[36m(main_task pid=57677)[0m           'max_response_length': 512,
[36m(main_task pid=57677)[0m           'n_gpus_per_node': 8,
[36m(main_task pid=57677)[0m           'num_workers': 0,
[36m(main_task pid=57677)[0m           'prompt_key': 'prompt',
[36m(main_task pid=57677)[0m           'query_signal': 1,
[36m(main_task pid=57677)[0m           'response_signal': 0,
[36m(main_task pid=57677)[0m           'return_raw_chat': False,
[36m(main_task pid=57677)[0m           'return_raw_input_ids': False,
[36m(main_task pid=57677)[0m           'shuffle': True,
[36m(main_task pid=57677)[0m           'signal_writing_file': './signal/signal.json',
[36m(main_task pid=57677)[0m           'tokenizer': None,
[36m(main_task pid=57677)[0m           'train_batch_size': 512,
[36m(main_task pid=57677)[0m           'train_files': '/root/DeepResearcher/data/train.parquet',
[36m(main_task pid=57677)[0m           'val_batch_size': None,
[36m(main_task pid=57677)[0m           'val_files': '~/data/rlhf/gsm8k/test.parquet'},
[36m(main_task pid=57677)[0m  'do_search': True,
[36m(main_task pid=57677)[0m  'max_turns': 6,
[36m(main_task pid=57677)[0m  'reward_model': {'curriculum_bonus_coef': 0.05,
[36m(main_task pid=57677)[0m                   'curriculum_end_turn': 5,
[36m(main_task pid=57677)[0m                   'curriculum_start_turn': 2,
[36m(main_task pid=57677)[0m                   'early_stop_penalty_coef': 0.05,
[36m(main_task pid=57677)[0m                   'enable': False,
[36m(main_task pid=57677)[0m                   'forward_max_token_len_per_gpu': 32768,
[36m(main_task pid=57677)[0m                   'max_length': None,
[36m(main_task pid=57677)[0m                   'micro_batch_size': None,
[36m(main_task pid=57677)[0m                   'micro_batch_size_per_gpu': None,
[36m(main_task pid=57677)[0m                   'model': {'external_lib': None,
[36m(main_task pid=57677)[0m                             'fsdp_config': {'fsdp_size': -1,
[36m(main_task pid=57677)[0m                                             'min_num_params': 0,
[36m(main_task pid=57677)[0m                                             'param_offload': False},
[36m(main_task pid=57677)[0m                             'input_tokenizer': '/root/autodl-tmp/models/Qwen/Qwen2.5-3B-Instruct',
[36m(main_task pid=57677)[0m                             'path': '~/models/FsfairX-LLaMA3-RM-v0.1',
[36m(main_task pid=57677)[0m                             'use_remove_padding': True},
[36m(main_task pid=57677)[0m                   'pbrs_gamma': 0.5,
[36m(main_task pid=57677)[0m                   'query_repetition_penalty_coef': 0.05,
[36m(main_task pid=57677)[0m                   'reward_manager': 'naive',
[36m(main_task pid=57677)[0m                   'strategy': 'fsdp',
[36m(main_task pid=57677)[0m                   'ulysses_sequence_parallel_size': 2,
[36m(main_task pid=57677)[0m                   'use_curriculum': False,
[36m(main_task pid=57677)[0m                   'use_dynamic_bsz': True,
[36m(main_task pid=57677)[0m                   'use_pbrs': False,
[36m(main_task pid=57677)[0m                   'use_query_monitoring': False},
[36m(main_task pid=57677)[0m  'search_engine': 'searxng',
[36m(main_task pid=57677)[0m  'trainer': {'critic_warmup': 0,
[36m(main_task pid=57677)[0m              'default_hdfs_dir': None,
[36m(main_task pid=57677)[0m              'default_local_dir': './ckpts/verl_examples/exp03_lora_rank64_alpha16',
[36m(main_task pid=57677)[0m              'del_local_ckpt_after_load': False,
[36m(main_task pid=57677)[0m              'experiment_name': 'exp03_lora_rank64_alpha16',
[36m(main_task pid=57677)[0m              'logger': ['console', 'swanlab'],
[36m(main_task pid=57677)[0m              'n_gpus_per_node': 1,
[36m(main_task pid=57677)[0m              'nnodes': 1,
[36m(main_task pid=57677)[0m              'project_name': 'verl_examples',
[36m(main_task pid=57677)[0m              'remove_previous_ckpt_in_save': False,
[36m(main_task pid=57677)[0m              'resume_from_path': False,
[36m(main_task pid=57677)[0m              'resume_mode': 'auto',
[36m(main_task pid=57677)[0m              'save_freq': 500,
[36m(main_task pid=57677)[0m              'test_freq': 100,
[36m(main_task pid=57677)[0m              'total_epochs': 30,
[36m(main_task pid=57677)[0m              'total_training_steps': 30,
[36m(main_task pid=57677)[0m              'val_before_train': False,
[36m(main_task pid=57677)[0m              'val_generations_to_log_to_wandb': 0}}
[36m(main_task pid=57677)[0m update signal file finish!
[36m(main_task pid=57677)[0m [validate_config] All configuration checks passed successfully!
[36m(main_task pid=57677)[0m original dataset len: 80000
[36m(main_task pid=57677)[0m filter dataset len: 80000
[36m(main_task pid=57677)[0m original dataset len: 3197
[36m(main_task pid=57677)[0m filter dataset len: 3197
[36m(main_task pid=57677)[0m Size of train dataloader: 156
[36m(main_task pid=57677)[0m Total training steps: 30
[36m(WorkerDict pid=57805)[0m Model config after override: Qwen2Config {
[36m(WorkerDict pid=57805)[0m   "architectures": [
[36m(WorkerDict pid=57805)[0m     "Qwen2ForCausalLM"
[36m(WorkerDict pid=57805)[0m   ],
[36m(WorkerDict pid=57805)[0m   "attention_dropout": 0.0,
[36m(WorkerDict pid=57805)[0m   "bos_token_id": null,
[36m(WorkerDict pid=57805)[0m   "dtype": "bfloat16",
[36m(WorkerDict pid=57805)[0m   "eos_token_id": 151645,
[36m(WorkerDict pid=57805)[0m   "hidden_act": "silu",
[36m(WorkerDict pid=57805)[0m   "hidden_size": 2048,
[36m(WorkerDict pid=57805)[0m   "initializer_range": 0.02,
[36m(WorkerDict pid=57805)[0m   "intermediate_size": 11008,
[36m(WorkerDict pid=57805)[0m   "layer_types": [
[36m(WorkerDict pid=57805)[0m     "full_attention",
[36m(WorkerDict pid=57805)[0m     "full_attention",
[36m(WorkerDict pid=57805)[0m     "full_attention",
[36m(WorkerDict pid=57805)[0m     "full_attention",
[36m(WorkerDict pid=57805)[0m     "full_attention",
[36m(WorkerDict pid=57805)[0m     "full_attention",
[36m(WorkerDict pid=57805)[0m     "full_attention",
[36m(WorkerDict pid=57805)[0m     "full_attention",
[36m(WorkerDict pid=57805)[0m     "full_attention",
[36m(WorkerDict pid=57805)[0m     "full_attention",
[36m(WorkerDict pid=57805)[0m     "full_attention",
[36m(WorkerDict pid=57805)[0m     "full_attention",
[36m(WorkerDict pid=57805)[0m     "full_attention",
[36m(WorkerDict pid=57805)[0m     "full_attention",
[36m(WorkerDict pid=57805)[0m     "full_attention",
[36m(WorkerDict pid=57805)[0m     "full_attention",
[36m(WorkerDict pid=57805)[0m     "full_attention",
[36m(WorkerDict pid=57805)[0m     "full_attention",
[36m(WorkerDict pid=57805)[0m     "full_attention",
[36m(WorkerDict pid=57805)[0m     "full_attention",
[36m(WorkerDict pid=57805)[0m     "full_attention",
[36m(WorkerDict pid=57805)[0m Loading weights:   0%|          | 0/434 [00:00<?, ?it/s]Loading weights: 100%|██████████| 434/434 [00:00<00:00, 8752.38it/s]
[36m(WorkerDict pid=57805)[0m /root/miniconda3/lib/python3.12/site-packages/torch/distributed/c10d_logger.py:83: UserWarning: barrier(): using the device under current context. You can specify `device_id` in `init_process_group` to mute this warning.
[36m(WorkerDict pid=57805)[0m   return func(*args, **kwargs)
[36m(WorkerDict pid=57805)[0m [rank0]:[W525 15:07:07.584236948 ProcessGroupNCCL.cpp:5188] Guessing device ID based on global rank. This can cause a hang if rank to GPU mapping is heterogeneous. You can specify device_id in init_process_group()
[36m(WorkerDict pid=57805)[0m /root/miniconda3/lib/python3.12/site-packages/torch/distributed/fsdp/fully_sharded_data_parallel.py:478: UserWarning: FSDP is switching to use `NO_SHARD` instead of ShardingStrategy.FULL_SHARD since the world size is 1.
[36m(WorkerDict pid=57805)[0m   _init_core_state(
[36m(WorkerDict pid=57805)[0m Loading weights:   0%|          | 0/434 [00:00<?, ?it/s]
[36m(WorkerDict pid=57805)[0m Loading weights: 100%|██████████| 434/434 [00:00<00:00, 10166.53it/s]
[36m(WorkerDict pid=57805)[0m /root/miniconda3/lib/python3.12/site-packages/torch/distributed/c10d_logger.py:83: UserWarning: barrier(): using the device under current context. You can specify `device_id` in `init_process_group` to mute this warning.
[36m(WorkerDict pid=57805)[0m   return func(*args, **kwargs)
[36m(WorkerDict pid=57805)[0m /root/miniconda3/lib/python3.12/site-packages/torch/distributed/fsdp/fully_sharded_data_parallel.py:478: UserWarning: FSDP is switching to use `NO_SHARD` instead of ShardingStrategy.FULL_SHARD since the world size is 1.
[36m(WorkerDict pid=57805)[0m   _init_core_state(
[36m(WorkerDict pid=57805)[0m     "full_attention",
[36m(WorkerDict pid=57805)[0m     "full_attention",
[36m(WorkerDict pid=57805)[0m     "full_attention",
[36m(WorkerDict pid=57805)[0m     "full_attention",
[36m(WorkerDict pid=57805)[0m     "full_attention",
[36m(WorkerDict pid=57805)[0m     "full_attention",
[36m(WorkerDict pid=57805)[0m     "full_attention",
[36m(WorkerDict pid=57805)[0m     "full_attention",
[36m(WorkerDict pid=57805)[0m     "full_attention",
[36m(WorkerDict pid=57805)[0m     "full_attention",
[36m(WorkerDict pid=57805)[0m     "full_attention",
[36m(WorkerDict pid=57805)[0m     "full_attention",
[36m(WorkerDict pid=57805)[0m     "full_attention",
[36m(WorkerDict pid=57805)[0m     "full_attention",
[36m(WorkerDict pid=57805)[0m     "full_attention"
[36m(WorkerDict pid=57805)[0m   ],
[36m(WorkerDict pid=57805)[0m   "max_position_embeddings": 32768,
[36m(WorkerDict pid=57805)[0m   "max_window_layers": 70,
[36m(WorkerDict pid=57805)[0m   "model_type": "qwen2",
[36m(WorkerDict pid=57805)[0m   "num_attention_heads": 16,
[36m(WorkerDict pid=57805)[0m   "num_hidden_layers": 36,
[36m(WorkerDict pid=57805)[0m   "num_key_value_heads": 2,
[36m(WorkerDict pid=57805)[0m   "pad_token_id": 151643,
[36m(WorkerDict pid=57805)[0m   "rms_norm_eps": 1e-06,
[36m(WorkerDict pid=57805)[0m   "rope_parameters": {
[36m(WorkerDict pid=57805)[0m     "rope_theta": 1000000.0,
[36m(WorkerDict pid=57805)[0m     "rope_type": "default"
[36m(WorkerDict pid=57805)[0m   },
[36m(WorkerDict pid=57805)[0m   "sliding_window": null,
[36m(WorkerDict pid=57805)[0m   "tie_word_embeddings": true,
[36m(WorkerDict pid=57805)[0m   "transformers_version": "5.9.0",
[36m(WorkerDict pid=57805)[0m   "use_cache": true,
[36m(WorkerDict pid=57805)[0m   "use_sliding_window": false,
[36m(WorkerDict pid=57805)[0m   "vocab_size": 151936
[36m(WorkerDict pid=57805)[0m }
[36m(WorkerDict pid=57805)[0m 
[36m(WorkerDict pid=57805)[0m Qwen2ForCausalLM contains 3.09B parameters
[36m(WorkerDict pid=57805)[0m wrap_policy: functools.partial(<function _or_policy at 0x7f586eb671a0>, policies=[functools.partial(<function transformer_auto_wrap_policy at 0x7f586eb67060>, transformer_layer_cls={<class 'transformers.models.qwen2.modeling_qwen2.Qwen2DecoderLayer'>})])
[36m(WorkerDict pid=57805)[0m Actor use_remove_padding=True
[36m(WorkerDict pid=57805)[0m Model config after override: Qwen2Config {
[36m(WorkerDict pid=57805)[0m   "architectures": [
[36m(WorkerDict pid=57805)[0m     "Qwen2ForCausalLM"
[36m(WorkerDict pid=57805)[0m   ],
[36m(WorkerDict pid=57805)[0m   "attention_dropout": 0.0,
[36m(WorkerDict pid=57805)[0m   "bos_token_id": null,
[36m(WorkerDict pid=57805)[0m   "dtype": "bfloat16",
[36m(WorkerDict pid=57805)[0m   "eos_token_id": 151645,
[36m(WorkerDict pid=57805)[0m   "hidden_act": "silu",
[36m(WorkerDict pid=57805)[0m   "hidden_size": 2048,
[36m(WorkerDict pid=57805)[0m   "initializer_range": 0.02,
[36m(WorkerDict pid=57805)[0m   "intermediate_size": 11008,
[36m(WorkerDict pid=57805)[0m   "layer_types": [
[36m(WorkerDict pid=57805)[0m     "full_attention",
[36m(WorkerDict pid=57805)[0m     "full_attention",
[36m(WorkerDict pid=57805)[0m     "full_attention",
[36m(WorkerDict pid=57805)[0m     "full_attention",
[36m(WorkerDict pid=57805)[0m     "full_attention",
[36m(WorkerDict pid=57805)[0m     "full_attention",
[36m(WorkerDict pid=57805)[0m     "full_attention",
[36m(WorkerDict pid=57805)[0m     "full_attention",
[36m(WorkerDict pid=57805)[0m     "full_attention",
[36m(WorkerDict pid=57805)[0m     "full_attention",
[36m(WorkerDict pid=57805)[0m     "full_attention",
[36m(WorkerDict pid=57805)[0m     "full_attention",
[36m(WorkerDict pid=57805)[0m     "full_attention",
[36m(WorkerDict pid=57805)[0m     "full_attention",
[36m(WorkerDict pid=57805)[0m     "full_attention",
[36m(WorkerDict pid=57805)[0m     "full_attention",
[36m(WorkerDict pid=57805)[0m     "full_attention",
[36m(WorkerDict pid=57805)[0m     "full_attention",
[36m(WorkerDict pid=57805)[0m     "full_attention",
[36m(WorkerDict pid=57805)[0m     "full_attention",
[36m(WorkerDict pid=57805)[0m     "full_attention",
[36m(WorkerDict pid=57805)[0m     "full_attention",
[36m(WorkerDict pid=57805)[0m     "full_attention",
[36m(WorkerDict pid=57805)[0m     "full_attention",
[36m(WorkerDict pid=57805)[0m     "full_attention",
[36m(WorkerDict pid=57805)[0m     "full_attention",
[36m(WorkerDict pid=57805)[0m     "full_attention",
[36m(WorkerDict pid=57805)[0m     "full_attention",
[36m(WorkerDict pid=57805)[0m     "full_attention",
[36m(WorkerDict pid=57805)[0m     "full_attention",
[36m(WorkerDict pid=57805)[0m     "full_attention",
[36m(WorkerDict pid=57805)[0m     "full_attention",
[36m(WorkerDict pid=57805)[0m     "full_attention",
[36m(WorkerDict pid=57805)[0m     "full_attention",
[36m(WorkerDict pid=57805)[0m     "full_attention",
[36m(WorkerDict pid=57805)[0m     "full_attention"
[36m(WorkerDict pid=57805)[0m   ],
[36m(WorkerDict pid=57805)[0m   "max_position_embeddings": 32768,
[36m(WorkerDict pid=57805)[0m   "max_window_layers": 70,
[36m(WorkerDict pid=57805)[0m   "model_type": "qwen2",
[36m(WorkerDict pid=57805)[0m   "num_attention_heads": 16,
[36m(WorkerDict pid=57805)[0m   "num_hidden_layers": 36,
[36m(WorkerDict pid=57805)[0m   "num_key_value_heads": 2,
[36m(WorkerDict pid=57805)[0m   "pad_token_id": 151643,
[36m(WorkerDict pid=57805)[0m   "rms_norm_eps": 1e-06,
[36m(WorkerDict pid=57805)[0m   "rope_parameters": {
[36m(WorkerDict pid=57805)[0m     "rope_theta": 1000000.0,
[36m(WorkerDict pid=57805)[0m     "rope_type": "default"
[36m(WorkerDict pid=57805)[0m   },
[36m(WorkerDict pid=57805)[0m   "sliding_window": null,
[36m(WorkerDict pid=57805)[0m   "tie_word_embeddings": true,
[36m(WorkerDict pid=57805)[0m   "transformers_version": "5.9.0",
[36m(WorkerDict pid=57805)[0m   "use_cache": true,
[36m(WorkerDict pid=57805)[0m   "use_sliding_window": false,
[36m(WorkerDict pid=57805)[0m   "vocab_size": 151936
[36m(WorkerDict pid=57805)[0m }
[36m(WorkerDict pid=57805)[0m 
[36m(WorkerDict pid=57805)[0m trainable params: 29,491,200 || all params: 3,115,429,888 || trainable%: 0.9466
[36m(WorkerDict pid=57805)[0m [LoRA] Injected LoRA adapters: rank=64, alpha=16
[36m(WorkerDict pid=57805)[0m PeftModelForCausalLM contains 3.12B parameters
[36m(WorkerDict pid=57805)[0m wrap_policy: functools.partial(<function _or_policy at 0x7f586eb671a0>, policies=[functools.partial(<function lambda_auto_wrap_policy at 0x7f586eb66b60>, lambda_fn=<function get_fsdp_wrap_policy.<locals>.lambda_policy_fn at 0x7f5591002c00>), functools.partial(<function transformer_auto_wrap_policy at 0x7f586eb67060>, transformer_layer_cls={<class 'transformers.models.qwen2.modeling_qwen2.Qwen2DecoderLayer'>})])
[36m(WorkerDict pid=57805)[0m Total steps: 30, num_warmup_steps: 0
[36m(WorkerDict pid=57805)[0m Actor use_remove_padding=True
[36m(WorkerDict pid=57805)[0m Before building vllm rollout, memory allocated (GB): 11.676271915435791, memory reserved (GB): 12.408203125
[36m(WorkerDict pid=57805)[0m INFO 05-25 15:07:14 [utils.py:240] non-default args: {'dtype': 'bfloat16', 'max_model_len': 1024, 'distributed_executor_backend': 'external_launcher', 'enable_prefix_caching': True, 'gpu_memory_utilization': 0.3, 'max_num_batched_tokens': 2048, 'disable_log_stats': True, 'enforce_eager': True, 'disable_custom_all_reduce': True, 'enable_chunked_prefill': True, 'enable_sleep_mode': True, 'model': '/root/autodl-tmp/models/Qwen/Qwen2.5-3B-Instruct'}
[36m(WorkerDict pid=57805)[0m INFO 05-25 15:07:14 [model.py:568] Resolved architecture: Qwen2ForCausalLM
[36m(WorkerDict pid=57805)[0m INFO 05-25 15:07:14 [model.py:1697] Using max model len 1024
[36m(WorkerDict pid=57805)[0m Loading safetensors checkpoint shards:   0% Completed | 0/2 [00:00<?, ?it/s]
[36m(WorkerDict pid=57805)[0m Loading safetensors checkpoint shards:  50% Completed | 1/2 [00:00<00:00,  1.45it/s]
[36m(WorkerDict pid=57805)[0m Loading safetensors checkpoint shards: 100% Completed | 2/2 [00:01<00:00,  1.85it/s]
[36m(WorkerDict pid=57805)[0m Loading safetensors checkpoint shards: 100% Completed | 2/2 [00:01<00:00,  1.78it/s]
[36m(WorkerDict pid=57805)[0m 
[36m(WorkerDict pid=57805)[0m /root/DeepResearcher/verl/workers/sharding_manager/fsdp_vllm.py:52: FutureWarning: FSDP.state_dict_type() and FSDP.set_state_dict_type() are being deprecated. Please use APIs, get_state_dict() and set_state_dict(), which can support different parallelisms, FSDP1, FSDP2, DDP. API doc: https://pytorch.org/docs/stable/distributed.checkpoint.html#torch.distributed.checkpoint.state_dict.get_state_dict .Tutorial: https://pytorch.org/tutorials/recipes/distributed_checkpoint_recipe.html .
[36m(WorkerDict pid=57805)[0m   FSDP.set_state_dict_type(self.module,
[36m(WorkerDict pid=57805)[0m INFO 05-25 15:07:14 [arg_utils.py:1739] Using ray runtime env (env vars redacted): {'env_vars': {'NCCL_DEBUG': '***', 'RANK': '***', 'RAY_LOCAL_RANK': '***', 'RAY_LOCAL_WORLD_SIZE': '***', 'TOKENIZERS_PARALLELISM': '***', 'WG_BACKEND': '***', 'WG_PREFIX': '***', 'WORLD_SIZE': '***'}}
[36m(WorkerDict pid=57805)[0m INFO 05-25 15:07:14 [parallel.py:769] Using external launcher for distributed inference.
[36m(WorkerDict pid=57805)[0m INFO 05-25 15:07:14 [parallel.py:829] Disabling V1 multiprocessing for external launcher.
[36m(WorkerDict pid=57805)[0m INFO 05-25 15:07:14 [scheduler.py:239] Chunked prefill is enabled with max_num_batched_tokens=2048.
[36m(WorkerDict pid=57805)[0m INFO 05-25 15:07:14 [vllm.py:886] Asynchronous scheduling is enabled.
[36m(WorkerDict pid=57805)[0m WARNING 05-25 15:07:14 [vllm.py:942] Enforce eager set, disabling torch.compile and CUDAGraphs. This is equivalent to setting -cc.mode=none -cc.cudagraph_mode=none
[36m(WorkerDict pid=57805)[0m WARNING 05-25 15:07:14 [vllm.py:960] Inductor compilation was disabled by user settings, optimizations settings that are only active during inductor compilation will be ignored.
[36m(WorkerDict pid=57805)[0m INFO 05-25 15:07:14 [kernel.py:212] Final IR op priority after setting platform defaults: IrOpPriorityConfig(rms_norm=['vllm_c', 'native'], fused_add_rms_norm=['vllm_c', 'native'])
[36m(WorkerDict pid=57805)[0m INFO 05-25 15:07:14 [vllm.py:1135] Cudagraph is disabled under eager mode
[36m(WorkerDict pid=57805)[0m INFO 05-25 15:07:14 [compilation.py:303] Enabled custom fusions: norm_quant, act_quant
[36m(WorkerDict pid=57805)[0m INFO 05-25 15:07:16 [core.py:109] Initializing a V1 LLM engine (v0.21.0) with config: model='/root/autodl-tmp/models/Qwen/Qwen2.5-3B-Instruct', speculative_config=None, tokenizer='/root/autodl-tmp/models/Qwen/Qwen2.5-3B-Instruct', skip_tokenizer_init=False, tokenizer_mode=auto, revision=None, tokenizer_revision=None, trust_remote_code=False, dtype=torch.bfloat16, max_seq_len=1024, download_dir=None, load_format=auto, tensor_parallel_size=1, pipeline_parallel_size=1, data_parallel_size=1, decode_context_parallel_size=1, dcp_comm_backend=ag_rs, disable_custom_all_reduce=True, quantization=None, quantization_config=None, enforce_eager=True, enable_return_routed_experts=False, kv_cache_dtype=auto, device_config=cuda, structured_outputs_config=StructuredOutputsConfig(backend='auto', disable_any_whitespace=False, disable_additional_properties=False, reasoning_parser='', reasoning_parser_plugin='', enable_in_reasoning=False), observability_config=ObservabilityConfig(show_hidden_metrics_for_version=None, otlp_traces_endpoint=None, collect_detailed_traces=None, kv_cache_metrics=False, kv_cache_metrics_sample=0.01, cudagraph_metrics=False, enable_layerwise_nvtx_tracing=False, enable_mfu_metrics=False, enable_mm_processor_stats=False, enable_logging_iteration_details=False), seed=0, served_model_name=/root/autodl-tmp/models/Qwen/Qwen2.5-3B-Instruct, enable_prefix_caching=True, enable_chunked_prefill=True, pooler_config=None, compilation_config={'mode': <CompilationMode.NONE: 0>, 'debug_dump_path': None, 'cache_dir': '', 'compile_cache_save_format': 'binary', 'backend': 'inductor', 'custom_ops': ['all'], 'ir_enable_torch_wrap': False, 'splitting_ops': [], 'compile_mm_encoder': False, 'cudagraph_mm_encoder': False, 'encoder_cudagraph_token_budgets': [], 'encoder_cudagraph_max_vision_items_per_batch': 0, 'encoder_cudagraph_max_frames_per_batch': None, 'compile_sizes': [], 'compile_ranges_endpoints': [2048], 'inductor_compile_config': {'enable_auto_functionalized_v2': False, 'size_asserts': False, 'alignment_asserts': False, 'scalar_asserts': False, 'combo_kernels': True, 'benchmark_combo_kernel': True}, 'inductor_passes': {}, 'cudagraph_mode': <CUDAGraphMode.NONE: 0>, 'cudagraph_num_of_warmups': 0, 'cudagraph_capture_sizes': [], 'cudagraph_copy_inputs': False, 'cudagraph_specialize_lora': True, 'use_inductor_graph_partition': False, 'pass_config': {'fuse_norm_quant': True, 'fuse_act_quant': True, 'fuse_attn_quant': False, 'enable_sp': False, 'fuse_gemm_comms': False, 'fuse_allreduce_rms': False, 'fuse_act_padding': False}, 'max_cudagraph_capture_size': 0, 'dynamic_shapes_config': {'type': <DynamicShapesType.BACKED: 'backed'>, 'evaluate_guards': False, 'assume_32_bit_indexing': False}, 'local_cache_dir': None, 'fast_moe_cold_start': False, 'static_all_moe_layers': []}, kernel_config=KernelConfig(ir_op_priority=IrOpPriorityConfig(rms_norm=['vllm_c', 'native'], fused_add_rms_norm=['vllm_c', 'native']), enable_flashinfer_autotune=False, moe_backend='auto')
[36m(WorkerDict pid=57805)[0m INFO 05-25 15:07:16 [parallel_state.py:1723] rank 0 in world size 1 is assigned as DP rank 0, PP rank 0, PCP rank 0, TP rank 0, EP rank N/A, EPLB rank N/A
[36m(WorkerDict pid=57805)[0m INFO 05-25 15:07:16 [topk_topp_sampler.py:45] Using FlashInfer for top-p & top-k sampling.
[36m(WorkerDict pid=57805)[0m INFO 05-25 15:07:16 [gpu_model_runner.py:4857] Starting to load model /root/autodl-tmp/models/Qwen/Qwen2.5-3B-Instruct...
[36m(WorkerDict pid=57805)[0m INFO 05-25 15:07:17 [cuda.py:372] Using FLASH_ATTN attention backend out of potential backends: ['FLASH_ATTN', 'FLASHINFER', 'TRITON_ATTN', 'FLEX_ATTENTION'].
[36m(WorkerDict pid=57805)[0m INFO 05-25 15:07:17 [flash_attn.py:641] Using FlashAttention version 2
[36m(WorkerDict pid=57805)[0m INFO 05-25 15:07:17 [weight_utils.py:938] Filesystem type for checkpoints: XFS. Checkpoint size: 5.75 GiB. Available RAM: 965.11 GiB.
[36m(WorkerDict pid=57805)[0m INFO 05-25 15:07:17 [weight_utils.py:961] Auto-prefetch is disabled because the filesystem (XFS) is not a recognized network FS (NFS/Lustre). If you want to force prefetching, start vLLM with --safetensors-load-strategy=prefetch.
[36m(WorkerDict pid=57805)[0m INFO 05-25 15:07:18 [default_loader.py:397] Loading weights took 1.15 seconds
[36m(WorkerDict pid=57805)[0m INFO 05-25 15:07:18 [gpu_model_runner.py:4959] Model loading took 5.79 GiB memory and 1.316476 seconds
[36m(WorkerDict pid=57805)[0m INFO 05-25 15:07:20 [gpu_worker.py:462] Available KV cache memory: 20.52 GiB
[36m(WorkerDict pid=57805)[0m INFO 05-25 15:07:20 [kv_cache_utils.py:1710] GPU KV cache size: 597,632 tokens
[36m(WorkerDict pid=57805)[0m INFO 05-25 15:07:20 [kv_cache_utils.py:1711] Maximum concurrency for 1,024 tokens per request: 583.62x
[36m(WorkerDict pid=57805)[0m INFO 05-25 15:07:20 [kernel_warmup.py:44] Skipping FlashInfer autotune because it is disabled.
[36m(WorkerDict pid=57805)[0m INFO 05-25 15:07:20 [jit_monitor.py:54] Kernel JIT monitor activated — Triton JIT compilations during inference will be logged as warnings.
[36m(WorkerDict pid=57805)[0m INFO 05-25 15:07:20 [core.py:306] init engine (profile, create kv cache, warmup model) took 1.48 s
[36m(WorkerDict pid=57805)[0m INFO 05-25 15:07:20 [block_pool.py:471] Successfully reset prefix cache
[36m(WorkerDict pid=57805)[0m INFO 05-25 15:07:23 [cumem.py:209] CuMemAllocator: sleep freed 26.41 GiB memory in total, of which 5.88 GiB is backed up in CPU and the rest 20.53 GiB is discarded directly.
[36m(WorkerDict pid=57805)[0m INFO 05-25 15:07:23 [gpu_worker.py:178] Sleep mode freed 28.13 GiB memory, 13.52 GiB memory is still in use.
[36m(WorkerDict pid=57805)[0m INFO 05-25 15:07:23 [abstract.py:331] It took 3.128425 seconds to fall asleep.
[36m(WorkerDict pid=57805)[0m kwargs: {'n': 1, 'logprobs': 0, 'max_tokens': 512, 'detokenize': False, 'temperature': 1.0, 'top_k': -1, 'top_p': 1, 'ignore_eos': False}
[36m(WorkerDict pid=57805)[0m After building vllm rollout, memory allocated (GB): 38.12354898452759, memory reserved (GB): 38.73046875
[36m(WorkerDict pid=57805)[0m After building sharding manager, memory allocated (GB): 38.12354898452759, memory reserved (GB): 38.73046875
[36m(main_task pid=57677)[0m swanlab: Tracking run with swanlab version 0.7.19
[36m(main_task pid=57677)[0m swanlab: Run data will be saved locally in 
[36m(main_task pid=57677)[0m /root/DeepResearcher/swanlog/run-20260525_150725-8lbgtf0hyqf4qnxc9h027
[36m(WorkerDict pid=57805)[0m /root/miniconda3/lib/python3.12/site-packages/torch/utils/_contextlib.py:124: UserWarning: When using ``NO_SHARD`` for ``ShardingStrategy``, full_state_dict will be returned.
[36m(WorkerDict pid=57805)[0m   return func(*args, **kwargs)
[36m(main_task pid=57677)[0m swanlab: 👋 Hi Fyrgo,welcome to swanlab!
[36m(main_task pid=57677)[0m swanlab: Syncing run exp03_lora_rank64_alpha16 to the cloud
[36m(main_task pid=57677)[0m swanlab: 🏠 View project at https://swanlab.cn/@Fyrgo/verl_examples
[36m(main_task pid=57677)[0m swanlab: 🚀 View run at 
[36m(main_task pid=57677)[0m https://swanlab.cn/@Fyrgo/verl_examples/runs/8lbgtf0hyqf4qnxc9h027
[36m(main_task pid=57677)[0m Using LocalLogger is deprecated. The constructor API will change 
[36m(main_task pid=57677)[0m Checkpoint tracker file does not exist: %s /root/DeepResearcher/./ckpts/verl_examples/exp03_lora_rank64_alpha16/latest_checkpointed_iteration.txt
[36m(main_task pid=57677)[0m Training from scratch
[36m(main_task pid=57677)[0m node 0 in fit function!
[36m(main_task pid=57677)[0m node 0 gains 512 datas!
[36m(main_task pid=57677)[0m node 0 step 0 start!
[36m(main_task pid=57677)[0m rollout_step_1_round_0.json 写入完成
[36m(main_task pid=57677)[0m node 0, turn 0 rollings_active is 1024 datas
[36m(WorkerDict pid=57805)[0m INFO 05-25 15:07:27 [abstract.py:349] It took 0.184631 seconds to wake up tags {'kv_cache', 'weights'}.
[36m(WorkerDict pid=57805)[0m WARNING 05-25 15:07:28 [jit_monitor.py:103] Triton kernel JIT compilation during inference: _compute_slot_mapping_kernel. This causes a latency spike; consider extending warmup to cover this shape/config.
[36m(WorkerDict pid=57805)[0m INFO 05-25 15:07:37 [block_pool.py:471] Successfully reset prefix cache
[36m(WorkerDict pid=57805)[0m INFO 05-25 15:07:37 [cumem.py:209] CuMemAllocator: sleep freed 26.41 GiB memory in total, of which 5.88 GiB is backed up in CPU and the rest 20.53 GiB is discarded directly.
[36m(WorkerDict pid=57805)[0m INFO 05-25 15:07:37 [gpu_worker.py:178] Sleep mode freed 39.92 GiB memory, 13.56 GiB memory is still in use.
[36m(WorkerDict pid=57805)[0m INFO 05-25 15:07:37 [abstract.py:331] It took 0.211771 seconds to fall asleep.
[36m(main_task pid=57677)[0m node 0, turn 0 gen_output 1024 datas
[36m(main_task pid=57677)[0m model tool call format error: Expecting value: line 2 column 1 (char 1)
[36m(main_task pid=57677)[0m model tool call format error: Expecting value: line 2 column 2 (char 2)
[36m(main_task pid=57677)[0m model tool call format error: Expecting value: line 2 column 1 (char 1)
[36m(main_task pid=57677)[0m model tool call format error: no valid query in tool_call
[36m(main_task pid=57677)[0m model tool call format error: no valid query in tool_call
[36m(main_task pid=57677)[0m model tool call format error: Expecting value: line 2 column 1 (char 1)
[36m(main_task pid=57677)[0m model tool call format error: Expecting value: line 2 column 1 (char 1)
[36m(main_task pid=57677)[0m model tool call format error: Expecting value: line 2 column 1 (char 1)
[36m(main_task pid=57677)[0m model tool call format error: Expecting value: line 2 column 1 (char 1)
[36m(main_task pid=57677)[0m model tool call format error: no valid query in tool_call
[36m(main_task pid=57677)[0m model tool call format error: Expecting value: line 2 column 1 (char 1)
[36m(main_task pid=57677)[0m model tool call format error: Expecting value: line 2 column 1 (char 1)
[36m(main_task pid=57677)[0m model tool call format error: Expecting ',' delimiter: line 2 column 115 (char 115)
[36m(main_task pid=57677)[0m model tool call format error: Expecting value: line 2 column 1 (char 1)
[36m(main_task pid=57677)[0m model tool call format error: Expecting value: line 2 column 2 (char 2)
[36m(main_task pid=57677)[0m model tool call format error: Expecting value: line 2 column 1 (char 1)
[36m(main_task pid=57677)[0m model tool call format error: Expecting value: line 2 column 2 (char 2)
[36m(main_task pid=57677)[0m model tool call format error: Expecting value: line 2 column 2 (char 2)
[36m(main_task pid=57677)[0m model tool call format error: Expecting value: line 2 column 1 (char 1)
[36m(main_task pid=57677)[0m model tool call format error: Expecting value: line 2 column 2 (char 2)
[36m(main_task pid=57677)[0m model tool call format error: Expecting value: line 2 column 1 (char 1)
[36m(main_task pid=57677)[0m model tool call format error: Expecting value: line 2 column 1 (char 1)
[36m(main_task pid=57677)[0m model tool call format error: Expecting value: line 2 column 2 (char 2)
[36m(main_task pid=57677)[0m model tool call format error: Expecting value: line 2 column 1 (char 1)
[36m(main_task pid=57677)[0m model tool call format error: Expecting value: line 2 column 2 (char 2)
[36m(main_task pid=57677)[0m model tool call format error: Expecting value: line 2 column 2 (char 2)
[36m(main_task pid=57677)[0m model tool call format error: Expecting value: line 2 column 1 (char 1)
[36m(main_task pid=57677)[0m model tool call format error: Expecting ',' delimiter: line 2 column 196 (char 196)
[36m(main_task pid=57677)[0m model tool call format error: Expecting value: line 2 column 1 (char 1)
[36m(main_task pid=57677)[0m model tool call format error: Expecting value: line 2 column 1 (char 1)
[36m(main_task pid=57677)[0m model tool call format error: Expecting value: line 2 column 1 (char 1)
[36m(main_task pid=57677)[0m model tool call format error: Expecting value: line 2 column 1 (char 1)
[36m(main_task pid=57677)[0m model tool call format error: Expecting ',' delimiter: line 2 column 301 (char 301)
[36m(main_task pid=57677)[0m model tool call format error: Expecting value: line 2 column 1 (char 1)
[36m(main_task pid=57677)[0m model tool call format error: Expecting value: line 2 column 1 (char 1)
[36m(main_task pid=57677)[0m model tool call format error: Expecting ',' delimiter: line 2 column 105 (char 105)
[36m(main_task pid=57677)[0m model tool call format error: Expecting value: line 2 column 1 (char 1)
[36m(main_task pid=57677)[0m model tool call format error: Expecting ',' delimiter: line 2 column 72 (char 72)
[36m(main_task pid=57677)[0m model tool call format error: Expecting value: line 2 column 2 (char 2)
[36m(main_task pid=57677)[0m model tool call format error: Expecting value: line 2 column 2 (char 2)
[36m(main_task pid=57677)[0m model tool call format error: Expecting value: line 2 column 1 (char 1)
[36m(main_task pid=57677)[0m model tool call format error: Expecting ',' delimiter: line 2 column 253 (char 253)
[36m(main_task pid=57677)[0m model tool call format error: Expecting value: line 2 column 1 (char 1)
[36m(main_task pid=57677)[0m model tool call format error: Expecting value: line 2 column 1 (char 1)
[36m(main_task pid=57677)[0m model tool call format error: Expecting value: line 2 column 1 (char 1)
[36m(main_task pid=57677)[0m model tool call format error: Expecting value: line 2 column 1 (char 1)
[36m(main_task pid=57677)[0m model tool call format error: Expecting value: line 2 column 1 (char 1)
[36m(main_task pid=57677)[0m model tool call format error: Expecting value: line 2 column 1 (char 1)
[36m(main_task pid=57677)[0m model tool call format error: Expecting value: line 2 column 2 (char 2)
[36m(main_task pid=57677)[0m model tool call format error: Expecting ',' delimiter: line 2 column 137 (char 137)
[36m(main_task pid=57677)[0m model tool call format error: Expecting value: line 2 column 1 (char 1)
[36m(main_task pid=57677)[0m model tool call format error: Expecting value: line 2 column 2 (char 2)
[36m(main_task pid=57677)[0m model tool call format error: Expecting value: line 2 column 2 (char 2)
[36m(main_task pid=57677)[0m model tool call format error: Expecting value: line 2 column 1 (char 1)
[36m(main_task pid=57677)[0m model tool call format error: Expecting value: line 2 column 2 (char 2)
[36m(main_task pid=57677)[0m model tool call format error: Expecting value: line 2 column 1 (char 1)
[36m(main_task pid=57677)[0m model tool call format error: Expecting value: line 2 column 1 (char 1)
[36m(main_task pid=57677)[0m model tool call format error: Expecting value: line 2 column 1 (char 1)
[36m(main_task pid=57677)[0m model tool call format error: Expecting value: line 2 column 1 (char 1)
2026-05-25 15:31:44,140	WARNING utils.py:461 -- Detecting docker specified CPUs. In previous versions of Ray, CPU detection in containers was incorrect. Please ensure that Ray has enough CPUs allocated. As a temporary workaround to revert to the prior behavior, set `RAY_USE_MULTIPROCESSING_CPU_COUNT=1` as an env var before starting Ray. Set the env var: `RAY_DISABLE_DOCKER_CPU_WARNING=1` to mute this warning.
2026-05-25 15:31:47,428	INFO worker.py:2012 -- Started a local Ray instance.
/root/miniconda3/lib/python3.12/site-packages/ray/_private/worker.py:2051: FutureWarning: Tip: In future versions of Ray, Ray will no longer override accelerator visible devices env var if num_gpus=0 or num_gpus=None (default). To enable this behavior and turn off this error message, set RAY_ACCEL_ENV_VAR_OVERRIDE_ON_ZERO=0
  warnings.warn(
[36m(main_task pid=4702)[0m {'actor_rollout_ref': {'actor': {'clip_ratio': 0.2,
[36m(main_task pid=4702)[0m                                  'entropy_coeff': 0.001,
[36m(main_task pid=4702)[0m                                  'fsdp_config': {'fsdp_size': -1,
[36m(main_task pid=4702)[0m                                                  'model_dtype': 'bf16',
[36m(main_task pid=4702)[0m                                                  'optimizer_offload': False,
[36m(main_task pid=4702)[0m                                                  'param_offload': False,
[36m(main_task pid=4702)[0m                                                  'wrap_policy': {'min_num_params': 0}},
[36m(main_task pid=4702)[0m                                  'grad_clip': 1.0,
[36m(main_task pid=4702)[0m                                  'kl_loss_coef': 0.001,
[36m(main_task pid=4702)[0m                                  'kl_loss_type': 'low_var_kl',
[36m(main_task pid=4702)[0m                                  'optim': {'lr': 1e-06,
[36m(main_task pid=4702)[0m                                            'lr_warmup_steps_ratio': 0.0,
[36m(main_task pid=4702)[0m                                            'min_lr_ratio': None,
[36m(main_task pid=4702)[0m                                            'total_training_steps': -1,
[36m(main_task pid=4702)[0m                                            'warmup_style': 'constant'},
[36m(main_task pid=4702)[0m                                  'ppo_epochs': 1,
[36m(main_task pid=4702)[0m                                  'ppo_max_token_len_per_gpu': 8192,
[36m(main_task pid=4702)[0m                                  'ppo_micro_batch_size': None,
[36m(main_task pid=4702)[0m                                  'ppo_micro_batch_size_per_gpu': None,
[36m(main_task pid=4702)[0m                                  'ppo_mini_batch_size': 256,
[36m(main_task pid=4702)[0m                                  'shuffle': False,
[36m(main_task pid=4702)[0m                                  'strategy': 'fsdp',
[36m(main_task pid=4702)[0m                                  'ulysses_sequence_parallel_size': 1,
[36m(main_task pid=4702)[0m                                  'use_dynamic_bsz': True,
[36m(main_task pid=4702)[0m                                  'use_kl_loss': True},
[36m(main_task pid=4702)[0m                        'hybrid_engine': True,
[36m(main_task pid=4702)[0m                        'model': {'enable_gradient_checkpointing': True,
[36m(main_task pid=4702)[0m                                  'external_lib': None,
[36m(main_task pid=4702)[0m                                  'lora_alpha': 16,
[36m(main_task pid=4702)[0m                                  'lora_dropout': 0.0,
[36m(main_task pid=4702)[0m                                  'lora_rank': 64,
[36m(main_task pid=4702)[0m                                  'override_config': {},
[36m(main_task pid=4702)[0m                                  'path': '/root/autodl-tmp/models/Qwen/Qwen2.5-3B-Instruct',
[36m(main_task pid=4702)[0m                                  'use_lora': True,
[36m(main_task pid=4702)[0m                                  'use_remove_padding': True},
[36m(main_task pid=4702)[0m                        'ref': {'fsdp_config': {'param_offload': True,
[36m(main_task pid=4702)[0m                                                'wrap_policy': {'min_num_params': 0}},
[36m(main_task pid=4702)[0m                                'log_prob_max_token_len_per_gpu': 8192,
[36m(main_task pid=4702)[0m                                'log_prob_micro_batch_size': None,
[36m(main_task pid=4702)[0m                                'log_prob_micro_batch_size_per_gpu': None,
[36m(main_task pid=4702)[0m                                'log_prob_use_dynamic_bsz': True,
[36m(main_task pid=4702)[0m                                'ulysses_sequence_parallel_size': 1},
[36m(main_task pid=4702)[0m                        'rollout': {'disable_log_stats': True,
[36m(main_task pid=4702)[0m                                    'do_sample': True,
[36m(main_task pid=4702)[0m                                    'dtype': 'bfloat16',
[36m(main_task pid=4702)[0m                                    'enable_chunked_prefill': True,
[36m(main_task pid=4702)[0m                                    'enforce_eager': True,
[36m(main_task pid=4702)[0m                                    'free_cache_engine': True,
[36m(main_task pid=4702)[0m                                    'gpu_memory_utilization': 0.3,
[36m(main_task pid=4702)[0m                                    'ignore_eos': False,
[36m(main_task pid=4702)[0m                                    'load_format': 'dummy_dtensor',
[36m(main_task pid=4702)[0m                                    'log_prob_max_token_len_per_gpu': 8192,
[36m(main_task pid=4702)[0m                                    'log_prob_micro_batch_size': None,
[36m(main_task pid=4702)[0m                                    'log_prob_micro_batch_size_per_gpu': None,
[36m(main_task pid=4702)[0m                                    'log_prob_use_dynamic_bsz': True,
[36m(main_task pid=4702)[0m                                    'max_model_len': 2048,
[36m(main_task pid=4702)[0m                                    'max_num_batched_tokens': 2048,
[36m(main_task pid=4702)[0m                                    'max_num_seqs': 1024,
[36m(main_task pid=4702)[0m                                    'n': 1,
[36m(main_task pid=4702)[0m                                    'name': 'vllm',
[36m(main_task pid=4702)[0m                                    'prompt_length': 512,
[36m(main_task pid=4702)[0m                                    'response_length': 512,
[36m(main_task pid=4702)[0m                                    'temperature': 1.0,
[36m(main_task pid=4702)[0m                                    'tensor_model_parallel_size': 1,
[36m(main_task pid=4702)[0m                                    'top_k': -1,
[36m(main_task pid=4702)[0m                                    'top_p': 1,
[36m(main_task pid=4702)[0m                                    'use_fire_sampling': False}},
[36m(main_task pid=4702)[0m  'agent_grpo': {'n': 2},
[36m(main_task pid=4702)[0m  'algorithm': {'adv_estimator': 'drgrpo',
[36m(main_task pid=4702)[0m                'entropy_bonus_coef': 0.0,
[36m(main_task pid=4702)[0m                'gamma': 1.0,
[36m(main_task pid=4702)[0m                'kl_ctrl': {'kl_coef': 0.001, 'type': 'fixed'},
[36m(main_task pid=4702)[0m                'kl_penalty': 'kl',
[36m(main_task pid=4702)[0m                'lam': 1.0},
[36m(main_task pid=4702)[0m  'critic': {'cliprange_value': 0.5,
[36m(main_task pid=4702)[0m             'forward_max_token_len_per_gpu': 32768,
[36m(main_task pid=4702)[0m             'forward_micro_batch_size': None,
[36m(main_task pid=4702)[0m             'forward_micro_batch_size_per_gpu': None,
[36m(main_task pid=4702)[0m             'grad_clip': 1.0,
[36m(main_task pid=4702)[0m             'model': {'enable_gradient_checkpointing': True,
[36m(main_task pid=4702)[0m                       'external_lib': None,
[36m(main_task pid=4702)[0m                       'fsdp_config': {'fsdp_size': -1,
[36m(main_task pid=4702)[0m                                       'optimizer_offload': False,
[36m(main_task pid=4702)[0m                                       'param_offload': False,
[36m(main_task pid=4702)[0m                                       'wrap_policy': {'min_num_params': 0}},
[36m(main_task pid=4702)[0m                       'override_config': {},
[36m(main_task pid=4702)[0m                       'path': '/root/autodl-tmp/models/Qwen/Qwen2.5-3B-Instruct',
[36m(main_task pid=4702)[0m                       'tokenizer_path': '/root/autodl-tmp/models/Qwen/Qwen2.5-3B-Instruct',
[36m(main_task pid=4702)[0m                       'use_remove_padding': True},
[36m(main_task pid=4702)[0m             'optim': {'lr': 1e-05,
[36m(main_task pid=4702)[0m                       'lr_warmup_steps_ratio': 0.0,
[36m(main_task pid=4702)[0m W0525 15:31:56.659000 4702 site-packages/torch/utils/cpp_extension.py:140] No CUDA runtime is found, using CUDA_HOME='/usr/local/cuda'
[36m(main_task pid=4702)[0m                       'min_lr_ratio': None,
[36m(main_task pid=4702)[0m                       'total_training_steps': -1,
[36m(main_task pid=4702)[0m                       'warmup_style': 'constant'},
[36m(main_task pid=4702)[0m             'ppo_epochs': 1,
[36m(main_task pid=4702)[0m             'ppo_max_token_len_per_gpu': 32768,
[36m(main_task pid=4702)[0m             'ppo_micro_batch_size': None,
[36m(main_task pid=4702)[0m             'ppo_micro_batch_size_per_gpu': None,
[36m(main_task pid=4702)[0m             'ppo_mini_batch_size': 256,
[36m(main_task pid=4702)[0m             'shuffle': False,
[36m(main_task pid=4702)[0m             'strategy': 'fsdp',
[36m(main_task pid=4702)[0m             'ulysses_sequence_parallel_size': 1,
[36m(main_task pid=4702)[0m             'use_dynamic_bsz': True},
[36m(main_task pid=4702)[0m  'data': {'data_writing_file': './signal/data.json',
[36m(main_task pid=4702)[0m           'image_key': 'images',
[36m(main_task pid=4702)[0m           'max_prompt_length': 512,
[36m(main_task pid=4702)[0m           'max_response_length': 512,
[36m(main_task pid=4702)[0m           'n_gpus_per_node': 8,
[36m(main_task pid=4702)[0m           'num_workers': 0,
[36m(main_task pid=4702)[0m           'prompt_key': 'prompt',
[36m(main_task pid=4702)[0m           'query_signal': 1,
[36m(main_task pid=4702)[0m           'response_signal': 0,
[36m(main_task pid=4702)[0m           'return_raw_chat': False,
[36m(main_task pid=4702)[0m           'return_raw_input_ids': False,
[36m(main_task pid=4702)[0m           'shuffle': True,
[36m(main_task pid=4702)[0m           'signal_writing_file': './signal/signal.json',
[36m(main_task pid=4702)[0m           'tokenizer': None,
[36m(main_task pid=4702)[0m           'train_batch_size': 512,
[36m(main_task pid=4702)[0m           'train_files': '/root/DeepResearcher/data/train.parquet',
[36m(main_task pid=4702)[0m           'val_batch_size': None,
[36m(main_task pid=4702)[0m           'val_files': '~/data/rlhf/gsm8k/test.parquet'},
[36m(main_task pid=4702)[0m  'do_search': True,
[36m(main_task pid=4702)[0m  'max_turns': 6,
[36m(main_task pid=4702)[0m  'reward_model': {'curriculum_bonus_coef': 0.05,
[36m(main_task pid=4702)[0m                   'curriculum_end_turn': 5,
[36m(main_task pid=4702)[0m                   'curriculum_start_turn': 2,
[36m(main_task pid=4702)[0m                   'early_stop_penalty_coef': 0.05,
[36m(main_task pid=4702)[0m                   'enable': False,
[36m(main_task pid=4702)[0m                   'forward_max_token_len_per_gpu': 32768,
[36m(main_task pid=4702)[0m                   'max_length': None,
[36m(main_task pid=4702)[0m                   'micro_batch_size': None,
[36m(main_task pid=4702)[0m                   'micro_batch_size_per_gpu': None,
[36m(main_task pid=4702)[0m                   'model': {'external_lib': None,
[36m(main_task pid=4702)[0m                             'fsdp_config': {'fsdp_size': -1,
[36m(main_task pid=4702)[0m                                             'min_num_params': 0,
[36m(main_task pid=4702)[0m                                             'param_offload': False},
[36m(main_task pid=4702)[0m                             'input_tokenizer': '/root/autodl-tmp/models/Qwen/Qwen2.5-3B-Instruct',
[36m(main_task pid=4702)[0m                             'path': '~/models/FsfairX-LLaMA3-RM-v0.1',
[36m(main_task pid=4702)[0m                             'use_remove_padding': True},
[36m(main_task pid=4702)[0m                   'pbrs_gamma': 0.5,
[36m(main_task pid=4702)[0m                   'query_repetition_penalty_coef': 0.05,
[36m(main_task pid=4702)[0m                   'reward_manager': 'naive',
[36m(main_task pid=4702)[0m                   'strategy': 'fsdp',
[36m(main_task pid=4702)[0m                   'ulysses_sequence_parallel_size': 2,
[36m(main_task pid=4702)[0m                   'use_curriculum': False,
[36m(main_task pid=4702)[0m                   'use_dynamic_bsz': True,
[36m(main_task pid=4702)[0m                   'use_pbrs': False,
[36m(main_task pid=4702)[0m                   'use_query_monitoring': False},
[36m(main_task pid=4702)[0m  'search_engine': 'searxng',
[36m(main_task pid=4702)[0m  'trainer': {'critic_warmup': 0,
[36m(main_task pid=4702)[0m              'default_hdfs_dir': None,
[36m(main_task pid=4702)[0m              'default_local_dir': './ckpts/verl_examples/exp03_lora_rank64_alpha16',
[36m(main_task pid=4702)[0m              'del_local_ckpt_after_load': False,
[36m(main_task pid=4702)[0m              'experiment_name': 'exp03_lora_rank64_alpha16',
[36m(main_task pid=4702)[0m              'logger': ['console', 'swanlab'],
[36m(main_task pid=4702)[0m              'n_gpus_per_node': 1,
[36m(main_task pid=4702)[0m              'nnodes': 1,
[36m(main_task pid=4702)[0m              'project_name': 'verl_examples',
[36m(main_task pid=4702)[0m              'remove_previous_ckpt_in_save': False,
[36m(main_task pid=4702)[0m              'resume_from_path': False,
[36m(main_task pid=4702)[0m              'resume_mode': 'auto',
[36m(main_task pid=4702)[0m              'save_freq': 500,
[36m(main_task pid=4702)[0m              'test_freq': 100,
[36m(main_task pid=4702)[0m              'total_epochs': 30,
[36m(main_task pid=4702)[0m              'total_training_steps': 30,
[36m(main_task pid=4702)[0m              'val_before_train': False,
[36m(main_task pid=4702)[0m              'val_generations_to_log_to_wandb': 0}}
[36m(main_task pid=4702)[0m update signal file finish!
[36m(main_task pid=4702)[0m [validate_config] All configuration checks passed successfully!
[36m(main_task pid=4702)[0m original dataset len: 80000
[36m(main_task pid=4702)[0m filter dataset len: 80000
[36m(main_task pid=4702)[0m original dataset len: 3197
[36m(main_task pid=4702)[0m filter dataset len: 3197
[36m(main_task pid=4702)[0m Size of train dataloader: 156
[36m(main_task pid=4702)[0m Total training steps: 30
[36m(WorkerDict pid=4831)[0m Model config after override: Qwen2Config {
[36m(WorkerDict pid=4831)[0m   "architectures": [
[36m(WorkerDict pid=4831)[0m     "Qwen2ForCausalLM"
[36m(WorkerDict pid=4831)[0m   ],
[36m(WorkerDict pid=4831)[0m   "attention_dropout": 0.0,
[36m(WorkerDict pid=4831)[0m   "bos_token_id": null,
[36m(WorkerDict pid=4831)[0m   "dtype": "bfloat16",
[36m(WorkerDict pid=4831)[0m   "eos_token_id": 151645,
[36m(WorkerDict pid=4831)[0m   "hidden_act": "silu",
[36m(WorkerDict pid=4831)[0m   "hidden_size": 2048,
[36m(WorkerDict pid=4831)[0m   "initializer_range": 0.02,
[36m(WorkerDict pid=4831)[0m   "intermediate_size": 11008,
[36m(WorkerDict pid=4831)[0m   "layer_types": [
[36m(WorkerDict pid=4831)[0m     "full_attention",
[36m(WorkerDict pid=4831)[0m     "full_attention",
[36m(WorkerDict pid=4831)[0m     "full_attention",
[36m(WorkerDict pid=4831)[0m     "full_attention",
[36m(WorkerDict pid=4831)[0m     "full_attention",
[36m(WorkerDict pid=4831)[0m     "full_attention",
[36m(WorkerDict pid=4831)[0m     "full_attention",
[36m(WorkerDict pid=4831)[0m     "full_attention",
[36m(WorkerDict pid=4831)[0m     "full_attention",
[36m(WorkerDict pid=4831)[0m     "full_attention",
[36m(WorkerDict pid=4831)[0m     "full_attention",
[36m(WorkerDict pid=4831)[0m     "full_attention",
[36m(WorkerDict pid=4831)[0m     "full_attention",
[36m(WorkerDict pid=4831)[0m     "full_attention",
[36m(WorkerDict pid=4831)[0m     "full_attention",
[36m(WorkerDict pid=4831)[0m     "full_attention",
[36m(WorkerDict pid=4831)[0m     "full_attention",
[36m(WorkerDict pid=4831)[0m     "full_attention",
[36m(WorkerDict pid=4831)[0m     "full_attention",
[36m(WorkerDict pid=4831)[0m     "full_attention",
[36m(WorkerDict pid=4831)[0m     "full_attention",
[36m(WorkerDict pid=4831)[0m     "full_attention",
[36m(WorkerDict pid=4831)[0m     "full_attention",
[36m(WorkerDict pid=4831)[0m     "full_attention",
[36m(WorkerDict pid=4831)[0m     "full_attention",
[36m(WorkerDict pid=4831)[0m Loading weights:   0%|          | 0/434 [00:00<?, ?it/s]Loading weights: 100%|██████████| 434/434 [00:00<00:00, 9970.47it/s]
[36m(WorkerDict pid=4831)[0m /root/miniconda3/lib/python3.12/site-packages/torch/distributed/c10d_logger.py:83: UserWarning: barrier(): using the device under current context. You can specify `device_id` in `init_process_group` to mute this warning.
[36m(WorkerDict pid=4831)[0m   return func(*args, **kwargs)
[36m(WorkerDict pid=4831)[0m [rank0]:[W525 15:32:18.383792990 ProcessGroupNCCL.cpp:5188] Guessing device ID based on global rank. This can cause a hang if rank to GPU mapping is heterogeneous. You can specify device_id in init_process_group()
[36m(WorkerDict pid=4831)[0m /root/miniconda3/lib/python3.12/site-packages/torch/distributed/fsdp/fully_sharded_data_parallel.py:478: UserWarning: FSDP is switching to use `NO_SHARD` instead of ShardingStrategy.FULL_SHARD since the world size is 1.
[36m(WorkerDict pid=4831)[0m   _init_core_state(
[36m(WorkerDict pid=4831)[0m Loading weights:   0%|          | 0/434 [00:00<?, ?it/s]
[36m(WorkerDict pid=4831)[0m Loading weights: 100%|██████████| 434/434 [00:00<00:00, 9667.84it/s]
[36m(WorkerDict pid=4831)[0m /root/miniconda3/lib/python3.12/site-packages/torch/distributed/c10d_logger.py:83: UserWarning: barrier(): using the device under current context. You can specify `device_id` in `init_process_group` to mute this warning.
[36m(WorkerDict pid=4831)[0m   return func(*args, **kwargs)
[36m(WorkerDict pid=4831)[0m /root/miniconda3/lib/python3.12/site-packages/torch/distributed/fsdp/fully_sharded_data_parallel.py:478: UserWarning: FSDP is switching to use `NO_SHARD` instead of ShardingStrategy.FULL_SHARD since the world size is 1.
[36m(WorkerDict pid=4831)[0m   _init_core_state(
[36m(WorkerDict pid=4831)[0m     "full_attention",
[36m(WorkerDict pid=4831)[0m     "full_attention",
[36m(WorkerDict pid=4831)[0m     "full_attention",
[36m(WorkerDict pid=4831)[0m     "full_attention",
[36m(WorkerDict pid=4831)[0m     "full_attention",
[36m(WorkerDict pid=4831)[0m     "full_attention",
[36m(WorkerDict pid=4831)[0m     "full_attention",
[36m(WorkerDict pid=4831)[0m     "full_attention",
[36m(WorkerDict pid=4831)[0m     "full_attention",
[36m(WorkerDict pid=4831)[0m     "full_attention",
[36m(WorkerDict pid=4831)[0m     "full_attention"
[36m(WorkerDict pid=4831)[0m   ],
[36m(WorkerDict pid=4831)[0m   "max_position_embeddings": 32768,
[36m(WorkerDict pid=4831)[0m   "max_window_layers": 70,
[36m(WorkerDict pid=4831)[0m   "model_type": "qwen2",
[36m(WorkerDict pid=4831)[0m   "num_attention_heads": 16,
[36m(WorkerDict pid=4831)[0m   "num_hidden_layers": 36,
[36m(WorkerDict pid=4831)[0m   "num_key_value_heads": 2,
[36m(WorkerDict pid=4831)[0m   "pad_token_id": 151643,
[36m(WorkerDict pid=4831)[0m   "rms_norm_eps": 1e-06,
[36m(WorkerDict pid=4831)[0m   "rope_parameters": {
[36m(WorkerDict pid=4831)[0m     "rope_theta": 1000000.0,
[36m(WorkerDict pid=4831)[0m     "rope_type": "default"
[36m(WorkerDict pid=4831)[0m   },
[36m(WorkerDict pid=4831)[0m   "sliding_window": null,
[36m(WorkerDict pid=4831)[0m   "tie_word_embeddings": true,
[36m(WorkerDict pid=4831)[0m   "transformers_version": "5.9.0",
[36m(WorkerDict pid=4831)[0m   "use_cache": true,
[36m(WorkerDict pid=4831)[0m   "use_sliding_window": false,
[36m(WorkerDict pid=4831)[0m   "vocab_size": 151936
[36m(WorkerDict pid=4831)[0m }
[36m(WorkerDict pid=4831)[0m 
[36m(WorkerDict pid=4831)[0m Qwen2ForCausalLM contains 3.09B parameters
[36m(WorkerDict pid=4831)[0m wrap_policy: functools.partial(<function _or_policy at 0x7fad6033f1a0>, policies=[functools.partial(<function transformer_auto_wrap_policy at 0x7fad6033f060>, transformer_layer_cls={<class 'transformers.models.qwen2.modeling_qwen2.Qwen2DecoderLayer'>})])
[36m(WorkerDict pid=4831)[0m Actor use_remove_padding=True
[36m(WorkerDict pid=4831)[0m Model config after override: Qwen2Config {
[36m(WorkerDict pid=4831)[0m   "architectures": [
[36m(WorkerDict pid=4831)[0m     "Qwen2ForCausalLM"
[36m(WorkerDict pid=4831)[0m   ],
[36m(WorkerDict pid=4831)[0m   "attention_dropout": 0.0,
[36m(WorkerDict pid=4831)[0m   "bos_token_id": null,
[36m(WorkerDict pid=4831)[0m   "dtype": "bfloat16",
[36m(WorkerDict pid=4831)[0m   "eos_token_id": 151645,
[36m(WorkerDict pid=4831)[0m   "hidden_act": "silu",
[36m(WorkerDict pid=4831)[0m   "hidden_size": 2048,
[36m(WorkerDict pid=4831)[0m   "initializer_range": 0.02,
[36m(WorkerDict pid=4831)[0m   "intermediate_size": 11008,
[36m(WorkerDict pid=4831)[0m   "layer_types": [
[36m(WorkerDict pid=4831)[0m     "full_attention",
[36m(WorkerDict pid=4831)[0m     "full_attention",
[36m(WorkerDict pid=4831)[0m     "full_attention",
[36m(WorkerDict pid=4831)[0m     "full_attention",
[36m(WorkerDict pid=4831)[0m     "full_attention",
[36m(WorkerDict pid=4831)[0m     "full_attention",
[36m(WorkerDict pid=4831)[0m     "full_attention",
[36m(WorkerDict pid=4831)[0m     "full_attention",
[36m(WorkerDict pid=4831)[0m     "full_attention",
[36m(WorkerDict pid=4831)[0m     "full_attention",
[36m(WorkerDict pid=4831)[0m     "full_attention",
[36m(WorkerDict pid=4831)[0m     "full_attention",
[36m(WorkerDict pid=4831)[0m     "full_attention",
[36m(WorkerDict pid=4831)[0m     "full_attention",
[36m(WorkerDict pid=4831)[0m     "full_attention",
[36m(WorkerDict pid=4831)[0m     "full_attention",
[36m(WorkerDict pid=4831)[0m     "full_attention",
[36m(WorkerDict pid=4831)[0m     "full_attention",
[36m(WorkerDict pid=4831)[0m     "full_attention",
[36m(WorkerDict pid=4831)[0m     "full_attention",
[36m(WorkerDict pid=4831)[0m     "full_attention",
[36m(WorkerDict pid=4831)[0m     "full_attention",
[36m(WorkerDict pid=4831)[0m     "full_attention",
[36m(WorkerDict pid=4831)[0m     "full_attention",
[36m(WorkerDict pid=4831)[0m     "full_attention",
[36m(WorkerDict pid=4831)[0m     "full_attention",
[36m(WorkerDict pid=4831)[0m     "full_attention",
[36m(WorkerDict pid=4831)[0m     "full_attention",
[36m(WorkerDict pid=4831)[0m     "full_attention",
[36m(WorkerDict pid=4831)[0m     "full_attention",
[36m(WorkerDict pid=4831)[0m     "full_attention",
[36m(WorkerDict pid=4831)[0m     "full_attention",
[36m(WorkerDict pid=4831)[0m     "full_attention",
[36m(WorkerDict pid=4831)[0m     "full_attention",
[36m(WorkerDict pid=4831)[0m     "full_attention",
[36m(WorkerDict pid=4831)[0m     "full_attention"
[36m(WorkerDict pid=4831)[0m   ],
[36m(WorkerDict pid=4831)[0m   "max_position_embeddings": 32768,
[36m(WorkerDict pid=4831)[0m   "max_window_layers": 70,
[36m(WorkerDict pid=4831)[0m   "model_type": "qwen2",
[36m(WorkerDict pid=4831)[0m   "num_attention_heads": 16,
[36m(WorkerDict pid=4831)[0m   "num_hidden_layers": 36,
[36m(WorkerDict pid=4831)[0m   "num_key_value_heads": 2,
[36m(WorkerDict pid=4831)[0m   "pad_token_id": 151643,
[36m(WorkerDict pid=4831)[0m   "rms_norm_eps": 1e-06,
[36m(WorkerDict pid=4831)[0m   "rope_parameters": {
[36m(WorkerDict pid=4831)[0m     "rope_theta": 1000000.0,
[36m(WorkerDict pid=4831)[0m     "rope_type": "default"
[36m(WorkerDict pid=4831)[0m   },
[36m(WorkerDict pid=4831)[0m   "sliding_window": null,
[36m(WorkerDict pid=4831)[0m   "tie_word_embeddings": true,
[36m(WorkerDict pid=4831)[0m   "transformers_version": "5.9.0",
[36m(WorkerDict pid=4831)[0m   "use_cache": true,
[36m(WorkerDict pid=4831)[0m   "use_sliding_window": false,
[36m(WorkerDict pid=4831)[0m   "vocab_size": 151936
[36m(WorkerDict pid=4831)[0m }
[36m(WorkerDict pid=4831)[0m 
[36m(WorkerDict pid=4831)[0m trainable params: 29,491,200 || all params: 3,115,429,888 || trainable%: 0.9466
[36m(WorkerDict pid=4831)[0m [LoRA] Injected LoRA adapters: rank=64, alpha=16
[36m(WorkerDict pid=4831)[0m PeftModelForCausalLM contains 3.12B parameters
[36m(WorkerDict pid=4831)[0m wrap_policy: functools.partial(<function _or_policy at 0x7fad6033f1a0>, policies=[functools.partial(<function lambda_auto_wrap_policy at 0x7fad6033eb60>, lambda_fn=<function get_fsdp_wrap_policy.<locals>.lambda_policy_fn at 0x7faa82686ca0>), functools.partial(<function transformer_auto_wrap_policy at 0x7fad6033f060>, transformer_layer_cls={<class 'transformers.models.qwen2.modeling_qwen2.Qwen2DecoderLayer'>})])
[36m(WorkerDict pid=4831)[0m Total steps: 30, num_warmup_steps: 0
[36m(WorkerDict pid=4831)[0m Actor use_remove_padding=True
[36m(WorkerDict pid=4831)[0m Before building vllm rollout, memory allocated (GB): 11.676271915435791, memory reserved (GB): 12.408203125
[36m(WorkerDict pid=4831)[0m INFO 05-25 15:32:25 [utils.py:240] non-default args: {'dtype': 'bfloat16', 'max_model_len': 1024, 'distributed_executor_backend': 'external_launcher', 'enable_prefix_caching': True, 'gpu_memory_utilization': 0.3, 'max_num_batched_tokens': 2048, 'disable_log_stats': True, 'enforce_eager': True, 'disable_custom_all_reduce': True, 'enable_chunked_prefill': True, 'enable_sleep_mode': True, 'model': '/root/autodl-tmp/models/Qwen/Qwen2.5-3B-Instruct'}
[36m(WorkerDict pid=4831)[0m INFO 05-25 15:32:25 [model.py:568] Resolved architecture: Qwen2ForCausalLM
[36m(WorkerDict pid=4831)[0m INFO 05-25 15:32:25 [model.py:1697] Using max model len 1024
[36m(WorkerDict pid=4831)[0m INFO 05-25 15:32:25 [arg_utils.py:1739] Using ray runtime env (env vars redacted): {'env_vars': {'NCCL_DEBUG': '***', 'RANK': '***', 'RAY_LOCAL_RANK': '***', 'RAY_LOCAL_WORLD_SIZE': '***', 'TOKENIZERS_PARALLELISM': '***', 'WG_BACKEND': '***', 'WG_PREFIX': '***', 'WORLD_SIZE': '***'}}
[36m(WorkerDict pid=4831)[0m INFO 05-25 15:32:25 [parallel.py:769] Using external launcher for distributed inference.
[36m(WorkerDict pid=4831)[0m INFO 05-25 15:32:25 [parallel.py:829] Disabling V1 multiprocessing for external launcher.
[36m(WorkerDict pid=4831)[0m Loading safetensors checkpoint shards:   0% Completed | 0/2 [00:00<?, ?it/s]
[36m(WorkerDict pid=4831)[0m Loading safetensors checkpoint shards:  50% Completed | 1/2 [00:00<00:00,  1.50it/s]
[36m(WorkerDict pid=4831)[0m Loading safetensors checkpoint shards: 100% Completed | 2/2 [00:01<00:00,  1.80it/s]
[36m(WorkerDict pid=4831)[0m Loading safetensors checkpoint shards: 100% Completed | 2/2 [00:01<00:00,  1.74it/s]
[36m(WorkerDict pid=4831)[0m 
[36m(WorkerDict pid=4831)[0m /root/DeepResearcher/verl/workers/sharding_manager/fsdp_vllm.py:52: FutureWarning: FSDP.state_dict_type() and FSDP.set_state_dict_type() are being deprecated. Please use APIs, get_state_dict() and set_state_dict(), which can support different parallelisms, FSDP1, FSDP2, DDP. API doc: https://pytorch.org/docs/stable/distributed.checkpoint.html#torch.distributed.checkpoint.state_dict.get_state_dict .Tutorial: https://pytorch.org/tutorials/recipes/distributed_checkpoint_recipe.html .
[36m(WorkerDict pid=4831)[0m   FSDP.set_state_dict_type(self.module,
[36m(WorkerDict pid=4831)[0m INFO 05-25 15:32:25 [scheduler.py:239] Chunked prefill is enabled with max_num_batched_tokens=2048.
[36m(WorkerDict pid=4831)[0m INFO 05-25 15:32:25 [vllm.py:886] Asynchronous scheduling is enabled.
[36m(WorkerDict pid=4831)[0m WARNING 05-25 15:32:25 [vllm.py:942] Enforce eager set, disabling torch.compile and CUDAGraphs. This is equivalent to setting -cc.mode=none -cc.cudagraph_mode=none
[36m(WorkerDict pid=4831)[0m WARNING 05-25 15:32:25 [vllm.py:960] Inductor compilation was disabled by user settings, optimizations settings that are only active during inductor compilation will be ignored.
[36m(WorkerDict pid=4831)[0m INFO 05-25 15:32:25 [kernel.py:212] Final IR op priority after setting platform defaults: IrOpPriorityConfig(rms_norm=['vllm_c', 'native'], fused_add_rms_norm=['vllm_c', 'native'])
[36m(WorkerDict pid=4831)[0m INFO 05-25 15:32:25 [vllm.py:1135] Cudagraph is disabled under eager mode
[36m(WorkerDict pid=4831)[0m INFO 05-25 15:32:25 [compilation.py:303] Enabled custom fusions: norm_quant, act_quant
[36m(WorkerDict pid=4831)[0m INFO 05-25 15:32:27 [core.py:109] Initializing a V1 LLM engine (v0.21.0) with config: model='/root/autodl-tmp/models/Qwen/Qwen2.5-3B-Instruct', speculative_config=None, tokenizer='/root/autodl-tmp/models/Qwen/Qwen2.5-3B-Instruct', skip_tokenizer_init=False, tokenizer_mode=auto, revision=None, tokenizer_revision=None, trust_remote_code=False, dtype=torch.bfloat16, max_seq_len=1024, download_dir=None, load_format=auto, tensor_parallel_size=1, pipeline_parallel_size=1, data_parallel_size=1, decode_context_parallel_size=1, dcp_comm_backend=ag_rs, disable_custom_all_reduce=True, quantization=None, quantization_config=None, enforce_eager=True, enable_return_routed_experts=False, kv_cache_dtype=auto, device_config=cuda, structured_outputs_config=StructuredOutputsConfig(backend='auto', disable_any_whitespace=False, disable_additional_properties=False, reasoning_parser='', reasoning_parser_plugin='', enable_in_reasoning=False), observability_config=ObservabilityConfig(show_hidden_metrics_for_version=None, otlp_traces_endpoint=None, collect_detailed_traces=None, kv_cache_metrics=False, kv_cache_metrics_sample=0.01, cudagraph_metrics=False, enable_layerwise_nvtx_tracing=False, enable_mfu_metrics=False, enable_mm_processor_stats=False, enable_logging_iteration_details=False), seed=0, served_model_name=/root/autodl-tmp/models/Qwen/Qwen2.5-3B-Instruct, enable_prefix_caching=True, enable_chunked_prefill=True, pooler_config=None, compilation_config={'mode': <CompilationMode.NONE: 0>, 'debug_dump_path': None, 'cache_dir': '', 'compile_cache_save_format': 'binary', 'backend': 'inductor', 'custom_ops': ['all'], 'ir_enable_torch_wrap': False, 'splitting_ops': [], 'compile_mm_encoder': False, 'cudagraph_mm_encoder': False, 'encoder_cudagraph_token_budgets': [], 'encoder_cudagraph_max_vision_items_per_batch': 0, 'encoder_cudagraph_max_frames_per_batch': None, 'compile_sizes': [], 'compile_ranges_endpoints': [2048], 'inductor_compile_config': {'enable_auto_functionalized_v2': False, 'size_asserts': False, 'alignment_asserts': False, 'scalar_asserts': False, 'combo_kernels': True, 'benchmark_combo_kernel': True}, 'inductor_passes': {}, 'cudagraph_mode': <CUDAGraphMode.NONE: 0>, 'cudagraph_num_of_warmups': 0, 'cudagraph_capture_sizes': [], 'cudagraph_copy_inputs': False, 'cudagraph_specialize_lora': True, 'use_inductor_graph_partition': False, 'pass_config': {'fuse_norm_quant': True, 'fuse_act_quant': True, 'fuse_attn_quant': False, 'enable_sp': False, 'fuse_gemm_comms': False, 'fuse_allreduce_rms': False, 'fuse_act_padding': False}, 'max_cudagraph_capture_size': 0, 'dynamic_shapes_config': {'type': <DynamicShapesType.BACKED: 'backed'>, 'evaluate_guards': False, 'assume_32_bit_indexing': False}, 'local_cache_dir': None, 'fast_moe_cold_start': False, 'static_all_moe_layers': []}, kernel_config=KernelConfig(ir_op_priority=IrOpPriorityConfig(rms_norm=['vllm_c', 'native'], fused_add_rms_norm=['vllm_c', 'native']), enable_flashinfer_autotune=False, moe_backend='auto')
[36m(WorkerDict pid=4831)[0m INFO 05-25 15:32:27 [parallel_state.py:1723] rank 0 in world size 1 is assigned as DP rank 0, PP rank 0, PCP rank 0, TP rank 0, EP rank N/A, EPLB rank N/A
[36m(WorkerDict pid=4831)[0m INFO 05-25 15:32:27 [topk_topp_sampler.py:45] Using FlashInfer for top-p & top-k sampling.
[36m(WorkerDict pid=4831)[0m INFO 05-25 15:32:27 [gpu_model_runner.py:4857] Starting to load model /root/autodl-tmp/models/Qwen/Qwen2.5-3B-Instruct...
[36m(WorkerDict pid=4831)[0m INFO 05-25 15:32:28 [cuda.py:372] Using FLASH_ATTN attention backend out of potential backends: ['FLASH_ATTN', 'FLASHINFER', 'TRITON_ATTN', 'FLEX_ATTENTION'].
[36m(WorkerDict pid=4831)[0m INFO 05-25 15:32:28 [flash_attn.py:641] Using FlashAttention version 2
[36m(WorkerDict pid=4831)[0m INFO 05-25 15:32:28 [weight_utils.py:938] Filesystem type for checkpoints: XFS. Checkpoint size: 5.75 GiB. Available RAM: 829.53 GiB.
[36m(WorkerDict pid=4831)[0m INFO 05-25 15:32:28 [weight_utils.py:961] Auto-prefetch is disabled because the filesystem (XFS) is not a recognized network FS (NFS/Lustre). If you want to force prefetching, start vLLM with --safetensors-load-strategy=prefetch.
[36m(WorkerDict pid=4831)[0m INFO 05-25 15:32:29 [default_loader.py:397] Loading weights took 1.22 seconds
[36m(WorkerDict pid=4831)[0m INFO 05-25 15:32:30 [gpu_model_runner.py:4959] Model loading took 5.79 GiB memory and 1.369916 seconds
[36m(WorkerDict pid=4831)[0m INFO 05-25 15:32:31 [gpu_worker.py:462] Available KV cache memory: 20.52 GiB
[36m(WorkerDict pid=4831)[0m INFO 05-25 15:32:31 [kv_cache_utils.py:1710] GPU KV cache size: 597,632 tokens
[36m(WorkerDict pid=4831)[0m INFO 05-25 15:32:31 [kv_cache_utils.py:1711] Maximum concurrency for 1,024 tokens per request: 583.62x
[36m(WorkerDict pid=4831)[0m INFO 05-25 15:32:31 [kernel_warmup.py:44] Skipping FlashInfer autotune because it is disabled.
[36m(WorkerDict pid=4831)[0m INFO 05-25 15:32:31 [jit_monitor.py:54] Kernel JIT monitor activated — Triton JIT compilations during inference will be logged as warnings.
[36m(WorkerDict pid=4831)[0m INFO 05-25 15:32:31 [core.py:306] init engine (profile, create kv cache, warmup model) took 1.58 s
[36m(WorkerDict pid=4831)[0m INFO 05-25 15:32:32 [block_pool.py:471] Successfully reset prefix cache
[36m(WorkerDict pid=4831)[0m INFO 05-25 15:32:34 [cumem.py:209] CuMemAllocator: sleep freed 26.41 GiB memory in total, of which 5.88 GiB is backed up in CPU and the rest 20.53 GiB is discarded directly.
[36m(WorkerDict pid=4831)[0m INFO 05-25 15:32:34 [gpu_worker.py:178] Sleep mode freed 28.13 GiB memory, 13.52 GiB memory is still in use.
[36m(WorkerDict pid=4831)[0m INFO 05-25 15:32:34 [abstract.py:331] It took 2.613888 seconds to fall asleep.
[36m(WorkerDict pid=4831)[0m kwargs: {'n': 1, 'logprobs': 0, 'max_tokens': 512, 'detokenize': False, 'temperature': 1.0, 'top_k': -1, 'top_p': 1, 'ignore_eos': False}
[36m(WorkerDict pid=4831)[0m After building vllm rollout, memory allocated (GB): 38.12354898452759, memory reserved (GB): 38.73046875
[36m(WorkerDict pid=4831)[0m After building sharding manager, memory allocated (GB): 38.12354898452759, memory reserved (GB): 38.73046875
[36m(main_task pid=4702)[0m swanlab: Tracking run with swanlab version 0.7.19
[36m(main_task pid=4702)[0m swanlab: Run data will be saved locally in 
[36m(main_task pid=4702)[0m /root/DeepResearcher/swanlog/run-20260525_153236-puqq2poimyae1agatsetw
[36m(main_task pid=4702)[0m swanlab: 👋 Hi Fyrgo,welcome to swanlab!
[36m(main_task pid=4702)[0m swanlab: Syncing run exp03_lora_rank64_alpha16 to the cloud
[36m(main_task pid=4702)[0m swanlab: 🏠 View project at https://swanlab.cn/@Fyrgo/verl_examples
[36m(main_task pid=4702)[0m swanlab: 🚀 View run at 
[36m(main_task pid=4702)[0m https://swanlab.cn/@Fyrgo/verl_examples/runs/puqq2poimyae1agatsetw
[36m(main_task pid=4702)[0m Using LocalLogger is deprecated. The constructor API will change 
[36m(WorkerDict pid=4831)[0m /root/miniconda3/lib/python3.12/site-packages/torch/utils/_contextlib.py:124: UserWarning: When using ``NO_SHARD`` for ``ShardingStrategy``, full_state_dict will be returned.
[36m(WorkerDict pid=4831)[0m   return func(*args, **kwargs)
2026-05-25 15:34:10,546	WARNING utils.py:461 -- Detecting docker specified CPUs. In previous versions of Ray, CPU detection in containers was incorrect. Please ensure that Ray has enough CPUs allocated. As a temporary workaround to revert to the prior behavior, set `RAY_USE_MULTIPROCESSING_CPU_COUNT=1` as an env var before starting Ray. Set the env var: `RAY_DISABLE_DOCKER_CPU_WARNING=1` to mute this warning.
2026-05-25 15:34:13,828	INFO worker.py:2012 -- Started a local Ray instance.
/root/miniconda3/lib/python3.12/site-packages/ray/_private/worker.py:2051: FutureWarning: Tip: In future versions of Ray, Ray will no longer override accelerator visible devices env var if num_gpus=0 or num_gpus=None (default). To enable this behavior and turn off this error message, set RAY_ACCEL_ENV_VAR_OVERRIDE_ON_ZERO=0
  warnings.warn(
[36m(main_task pid=4702)[0m Checkpoint tracker file does not exist: %s /root/DeepResearcher/./ckpts/verl_examples/exp03_lora_rank64_alpha16/latest_checkpointed_iteration.txt
[36m(main_task pid=4702)[0m Training from scratch
[36m(main_task pid=4702)[0m node 0 in fit function!
[36m(main_task pid=4702)[0m node 0 gains 512 datas!
[36m(main_task pid=4702)[0m node 0 step 0 start!
[36m(main_task pid=4702)[0m rollout_step_1_round_0.json 写入完成
[36m(main_task pid=4702)[0m node 0, turn 0 rollings_active is 1024 datas
[36m(WorkerDict pid=4831)[0m INFO 05-25 15:32:37 [abstract.py:349] It took 0.183919 seconds to wake up tags {'weights', 'kv_cache'}.
[36m(WorkerDict pid=4831)[0m WARNING 05-25 15:32:38 [jit_monitor.py:103] Triton kernel JIT compilation during inference: _compute_slot_mapping_kernel. This causes a latency spike; consider extending warmup to cover this shape/config.
[36m(WorkerDict pid=4831)[0m INFO 05-25 15:34:18 [block_pool.py:471] Successfully reset prefix cache
[36m(WorkerDict pid=4831)[0m INFO 05-25 15:34:18 [cumem.py:209] CuMemAllocator: sleep freed 26.41 GiB memory in total, of which 5.88 GiB is backed up in CPU and the rest 20.53 GiB is discarded directly.
[36m(WorkerDict pid=4831)[0m INFO 05-25 15:34:18 [gpu_worker.py:178] Sleep mode freed 39.92 GiB memory, 13.56 GiB memory is still in use.
[36m(WorkerDict pid=4831)[0m INFO 05-25 15:34:18 [abstract.py:331] It took 0.227029 seconds to fall asleep.
[36m(main_task pid=4702)[0m node 0, turn 0 gen_output 1024 datas
[36m(main_task pid=4702)[0m model tool call format error: Expecting value: line 2 column 1 (char 1)
[36m(main_task pid=4702)[0m model tool call format error: Expecting value: line 2 column 2 (char 2)
[36m(main_task pid=4702)[0m model tool call format error: Expecting value: line 2 column 1 (char 1)
[36m(main_task pid=4702)[0m model tool call format error: no valid query in tool_call
[36m(main_task pid=4702)[0m model tool call format error: no valid query in tool_call
[36m(main_task pid=4702)[0m model tool call format error: Expecting value: line 2 column 1 (char 1)
[36m(main_task pid=4702)[0m model tool call format error: Expecting value: line 2 column 1 (char 1)
[36m(main_task pid=4702)[0m model tool call format error: Expecting value: line 2 column 1 (char 1)
[36m(main_task pid=4702)[0m model tool call format error: Expecting value: line 2 column 1 (char 1)
[36m(main_task pid=4702)[0m model tool call format error: no valid query in tool_call
[36m(main_task pid=4702)[0m model tool call format error: Expecting value: line 2 column 1 (char 1)
[36m(main_task pid=4702)[0m model tool call format error: Expecting value: line 2 column 1 (char 1)
[36m(main_task pid=4702)[0m model tool call format error: Expecting ',' delimiter: line 2 column 115 (char 115)
[36m(main_task pid=4702)[0m model tool call format error: Expecting value: line 2 column 1 (char 1)
[36m(main_task pid=4702)[0m model tool call format error: Expecting value: line 2 column 2 (char 2)
[36m(main_task pid=4702)[0m model tool call format error: Expecting value: line 2 column 1 (char 1)
[36m(main_task pid=4702)[0m model tool call format error: Expecting value: line 2 column 2 (char 2)
[36m(main_task pid=4702)[0m model tool call format error: Expecting value: line 2 column 2 (char 2)
[36m(main_task pid=4702)[0m model tool call format error: Expecting value: line 2 column 1 (char 1)
[36m(main_task pid=4702)[0m model tool call format error: Expecting value: line 2 column 2 (char 2)
[36m(main_task pid=4702)[0m model tool call format error: Expecting value: line 2 column 1 (char 1)
[36m(main_task pid=4702)[0m model tool call format error: Expecting value: line 2 column 1 (char 1)
[36m(main_task pid=4702)[0m model tool call format error: Expecting value: line 2 column 2 (char 2)
[36m(main_task pid=4702)[0m model tool call format error: Expecting value: line 2 column 1 (char 1)
[36m(main_task pid=4702)[0m model tool call format error: Expecting value: line 2 column 2 (char 2)
[36m(main_task pid=4702)[0m model tool call format error: Expecting value: line 2 column 2 (char 2)
[36m(main_task pid=4702)[0m model tool call format error: Expecting value: line 2 column 1 (char 1)
[36m(main_task pid=4702)[0m model tool call format error: Expecting ',' delimiter: line 2 column 196 (char 196)
[36m(main_task pid=4702)[0m model tool call format error: Expecting value: line 2 column 1 (char 1)
[36m(main_task pid=4702)[0m model tool call format error: Expecting value: line 2 column 1 (char 1)
[36m(main_task pid=4702)[0m model tool call format error: Expecting value: line 2 column 1 (char 1)
[36m(main_task pid=4702)[0m model tool call format error: Expecting value: line 2 column 1 (char 1)
[36m(main_task pid=4702)[0m model tool call format error: Expecting ',' delimiter: line 2 column 301 (char 301)
[36m(main_task pid=4702)[0m model tool call format error: Expecting value: line 2 column 1 (char 1)
[36m(main_task pid=4702)[0m model tool call format error: Expecting value: line 2 column 1 (char 1)
[36m(main_task pid=4702)[0m model tool call format error: Expecting ',' delimiter: line 2 column 105 (char 105)
[36m(main_task pid=4702)[0m model tool call format error: Expecting value: line 2 column 1 (char 1)
[36m(main_task pid=4702)[0m model tool call format error: Expecting ',' delimiter: line 2 column 72 (char 72)
[36m(main_task pid=4702)[0m model tool call format error: Expecting value: line 2 column 2 (char 2)
[36m(main_task pid=4702)[0m model tool call format error: Expecting value: line 2 column 2 (char 2)
[36m(main_task pid=4702)[0m model tool call format error: Expecting value: line 2 column 1 (char 1)
[36m(main_task pid=4702)[0m model tool call format error: Expecting ',' delimiter: line 2 column 253 (char 253)
[36m(main_task pid=4702)[0m model tool call format error: Expecting value: line 2 column 1 (char 1)
[36m(main_task pid=4702)[0m model tool call format error: Expecting value: line 2 column 1 (char 1)
[36m(main_task pid=4702)[0m model tool call format error: Expecting value: line 2 column 1 (char 1)
[36m(main_task pid=4702)[0m model tool call format error: Expecting value: line 2 column 1 (char 1)
[36m(main_task pid=4702)[0m model tool call format error: Expecting value: line 2 column 1 (char 1)
[36m(main_task pid=4702)[0m model tool call format error: Expecting value: line 2 column 1 (char 1)
[36m(main_task pid=4702)[0m model tool call format error: Expecting value: line 2 column 2 (char 2)
[36m(main_task pid=4702)[0m model tool call format error: Expecting ',' delimiter: line 2 column 137 (char 137)
[36m(main_task pid=4702)[0m model tool call format error: Expecting value: line 2 column 1 (char 1)
[36m(main_task pid=4702)[0m model tool call format error: Expecting value: line 2 column 2 (char 2)
[36m(main_task pid=4702)[0m model tool call format error: Expecting value: line 2 column 2 (char 2)
[36m(main_task pid=4702)[0m model tool call format error: Expecting value: line 2 column 1 (char 1)
[36m(main_task pid=4702)[0m model tool call format error: Expecting value: line 2 column 2 (char 2)
[36m(main_task pid=4702)[0m model tool call format error: Expecting value: line 2 column 1 (char 1)
[36m(main_task pid=4702)[0m model tool call format error: Expecting value: line 2 column 1 (char 1)
[36m(main_task pid=4702)[0m model tool call format error: Expecting value: line 2 column 1 (char 1)
[36m(main_task pid=4702)[0m model tool call format error: Expecting value: line 2 column 1 (char 1)
[36m(main_task pid=4702)[0m model tool call format error: Expecting value: line 2 column 1 (char 1)
[36m(main_task pid=4702)[0m model tool call format error: Extra data: line 2 column 111 (char 111)
[36m(main_task pid=4702)[0m model tool call format error: Expecting ',' delimiter: line 2 column 145 (char 145)
[36m(main_task pid=4702)[0m model tool call format error: Expecting value: line 2 column 1 (char 1)
[36m(main_task pid=4702)[0m model tool call format error: Expecting value: line 2 column 1 (char 1)
[36m(main_task pid=7055)[0m {'actor_rollout_ref': {'actor': {'clip_ratio': 0.2,
[36m(main_task pid=7055)[0m                                  'entropy_coeff': 0.001,
[36m(main_task pid=7055)[0m                                  'fsdp_config': {'fsdp_size': -1,
[36m(main_task pid=7055)[0m                                                  'model_dtype': 'bf16',
[36m(main_task pid=7055)[0m                                                  'optimizer_offload': False,
[36m(main_task pid=7055)[0m                                                  'param_offload': False,
[36m(main_task pid=7055)[0m                                                  'wrap_policy': {'min_num_params': 0}},
[36m(main_task pid=7055)[0m                                  'grad_clip': 1.0,
[36m(main_task pid=7055)[0m                                  'kl_loss_coef': 0.001,
[36m(main_task pid=7055)[0m                                  'kl_loss_type': 'low_var_kl',
[36m(main_task pid=7055)[0m                                  'optim': {'lr': 1e-06,
[36m(main_task pid=7055)[0m                                            'lr_warmup_steps_ratio': 0.0,
[36m(main_task pid=7055)[0m                                            'min_lr_ratio': None,
[36m(main_task pid=7055)[0m                                            'total_training_steps': -1,
[36m(main_task pid=7055)[0m                                            'warmup_style': 'constant'},
[36m(main_task pid=7055)[0m                                  'ppo_epochs': 1,
[36m(main_task pid=7055)[0m                                  'ppo_max_token_len_per_gpu': 8192,
[36m(main_task pid=7055)[0m                                  'ppo_micro_batch_size': None,
[36m(main_task pid=7055)[0m                                  'ppo_micro_batch_size_per_gpu': None,
[36m(main_task pid=7055)[0m                                  'ppo_mini_batch_size': 256,
[36m(main_task pid=7055)[0m                                  'shuffle': False,
[36m(main_task pid=7055)[0m                                  'strategy': 'fsdp',
[36m(main_task pid=7055)[0m                                  'ulysses_sequence_parallel_size': 1,
[36m(main_task pid=7055)[0m                                  'use_dynamic_bsz': True,
[36m(main_task pid=7055)[0m                                  'use_kl_loss': True},
[36m(main_task pid=7055)[0m                        'hybrid_engine': True,
[36m(main_task pid=7055)[0m                        'model': {'enable_gradient_checkpointing': True,
[36m(main_task pid=7055)[0m                                  'external_lib': None,
[36m(main_task pid=7055)[0m                                  'lora_alpha': 16,
[36m(main_task pid=7055)[0m                                  'lora_dropout': 0.0,
[36m(main_task pid=7055)[0m                                  'lora_rank': 64,
[36m(main_task pid=7055)[0m                                  'override_config': {},
[36m(main_task pid=7055)[0m                                  'path': '/root/autodl-tmp/models/Qwen/Qwen2.5-3B-Instruct',
[36m(main_task pid=7055)[0m                                  'use_lora': True,
[36m(main_task pid=7055)[0m                                  'use_remove_padding': True},
[36m(main_task pid=7055)[0m                        'ref': {'fsdp_config': {'param_offload': True,
[36m(main_task pid=7055)[0m                                                'wrap_policy': {'min_num_params': 0}},
[36m(main_task pid=7055)[0m                                'log_prob_max_token_len_per_gpu': 8192,
[36m(main_task pid=7055)[0m                                'log_prob_micro_batch_size': None,
[36m(main_task pid=7055)[0m                                'log_prob_micro_batch_size_per_gpu': None,
[36m(main_task pid=7055)[0m                                'log_prob_use_dynamic_bsz': True,
[36m(main_task pid=7055)[0m                                'ulysses_sequence_parallel_size': 1},
[36m(main_task pid=7055)[0m                        'rollout': {'disable_log_stats': True,
[36m(main_task pid=7055)[0m                                    'do_sample': True,
[36m(main_task pid=7055)[0m                                    'dtype': 'bfloat16',
[36m(main_task pid=7055)[0m                                    'enable_chunked_prefill': True,
[36m(main_task pid=7055)[0m                                    'enforce_eager': True,
[36m(main_task pid=7055)[0m                                    'free_cache_engine': True,
[36m(main_task pid=7055)[0m                                    'gpu_memory_utilization': 0.3,
[36m(main_task pid=7055)[0m                                    'ignore_eos': False,
[36m(main_task pid=7055)[0m                                    'load_format': 'dummy_dtensor',
[36m(main_task pid=7055)[0m                                    'log_prob_max_token_len_per_gpu': 8192,
[36m(main_task pid=7055)[0m                                    'log_prob_micro_batch_size': None,
[36m(main_task pid=7055)[0m                                    'log_prob_micro_batch_size_per_gpu': None,
[36m(main_task pid=7055)[0m                                    'log_prob_use_dynamic_bsz': True,
[36m(main_task pid=7055)[0m                                    'max_model_len': 2048,
[36m(main_task pid=7055)[0m                                    'max_num_batched_tokens': 2048,
[36m(main_task pid=7055)[0m                                    'max_num_seqs': 1024,
[36m(main_task pid=7055)[0m                                    'n': 1,
[36m(main_task pid=7055)[0m                                    'name': 'vllm',
[36m(main_task pid=7055)[0m                                    'prompt_length': 512,
[36m(main_task pid=7055)[0m                                    'response_length': 512,
[36m(main_task pid=7055)[0m                                    'temperature': 1.0,
[36m(main_task pid=7055)[0m                                    'tensor_model_parallel_size': 1,
[36m(main_task pid=7055)[0m                                    'top_k': -1,
[36m(main_task pid=7055)[0m                                    'top_p': 1,
[36m(main_task pid=7055)[0m                                    'use_fire_sampling': False}},
[36m(main_task pid=7055)[0m  'agent_grpo': {'n': 2},
[36m(main_task pid=7055)[0m  'algorithm': {'adv_estimator': 'drgrpo',
[36m(main_task pid=7055)[0m                'entropy_bonus_coef': 0.0,
[36m(main_task pid=7055)[0m                'gamma': 1.0,
[36m(main_task pid=7055)[0m                'kl_ctrl': {'kl_coef': 0.001, 'type': 'fixed'},
[36m(main_task pid=7055)[0m                'kl_penalty': 'kl',
[36m(main_task pid=7055)[0m                'lam': 1.0},
[36m(main_task pid=7055)[0m  'critic': {'cliprange_value': 0.5,
[36m(main_task pid=7055)[0m             'forward_max_token_len_per_gpu': 32768,
[36m(main_task pid=7055)[0m             'forward_micro_batch_size': None,
[36m(main_task pid=7055)[0m             'forward_micro_batch_size_per_gpu': None,
[36m(main_task pid=7055)[0m             'grad_clip': 1.0,
[36m(main_task pid=7055)[0m             'model': {'enable_gradient_checkpointing': True,
[36m(main_task pid=7055)[0m                       'external_lib': None,
[36m(main_task pid=7055)[0m                       'fsdp_config': {'fsdp_size': -1,
[36m(main_task pid=7055)[0m                                       'optimizer_offload': False,
[36m(main_task pid=7055)[0m                                       'param_offload': False,
[36m(main_task pid=7055)[0m                                       'wrap_policy': {'min_num_params': 0}},
[36m(main_task pid=7055)[0m                       'override_config': {},
[36m(main_task pid=7055)[0m                       'path': '/root/autodl-tmp/models/Qwen/Qwen2.5-3B-Instruct',
[36m(main_task pid=7055)[0m                       'tokenizer_path': '/root/autodl-tmp/models/Qwen/Qwen2.5-3B-Instruct',
[36m(main_task pid=7055)[0m                       'use_remove_padding': True},
[36m(main_task pid=7055)[0m             'optim': {'lr': 1e-05,
[36m(main_task pid=7055)[0m                       'lr_warmup_steps_ratio': 0.0,
[36m(main_task pid=7055)[0m W0525 15:34:23.285000 7055 site-packages/torch/utils/cpp_extension.py:140] No CUDA runtime is found, using CUDA_HOME='/usr/local/cuda'
[36m(main_task pid=7055)[0m                       'min_lr_ratio': None,
[36m(main_task pid=7055)[0m                       'total_training_steps': -1,
[36m(main_task pid=7055)[0m                       'warmup_style': 'constant'},
[36m(main_task pid=7055)[0m             'ppo_epochs': 1,
[36m(main_task pid=7055)[0m             'ppo_max_token_len_per_gpu': 32768,
[36m(main_task pid=7055)[0m             'ppo_micro_batch_size': None,
[36m(main_task pid=7055)[0m             'ppo_micro_batch_size_per_gpu': None,
[36m(main_task pid=7055)[0m             'ppo_mini_batch_size': 256,
[36m(main_task pid=7055)[0m             'shuffle': False,
[36m(main_task pid=7055)[0m             'strategy': 'fsdp',
[36m(main_task pid=7055)[0m             'ulysses_sequence_parallel_size': 1,
[36m(main_task pid=7055)[0m             'use_dynamic_bsz': True},
[36m(main_task pid=7055)[0m  'data': {'data_writing_file': './signal/data.json',
[36m(main_task pid=7055)[0m           'image_key': 'images',
[36m(main_task pid=7055)[0m           'max_prompt_length': 512,
[36m(main_task pid=7055)[0m           'max_response_length': 512,
[36m(main_task pid=7055)[0m           'n_gpus_per_node': 8,
[36m(main_task pid=7055)[0m           'num_workers': 0,
[36m(main_task pid=7055)[0m           'prompt_key': 'prompt',
[36m(main_task pid=7055)[0m           'query_signal': 1,
[36m(main_task pid=7055)[0m           'response_signal': 0,
[36m(main_task pid=7055)[0m           'return_raw_chat': False,
[36m(main_task pid=7055)[0m           'return_raw_input_ids': False,
[36m(main_task pid=7055)[0m           'shuffle': True,
[36m(main_task pid=7055)[0m           'signal_writing_file': './signal/signal.json',
[36m(main_task pid=7055)[0m           'tokenizer': None,
[36m(main_task pid=7055)[0m           'train_batch_size': 512,
[36m(main_task pid=7055)[0m           'train_files': '/root/DeepResearcher/data/train.parquet',
[36m(main_task pid=7055)[0m           'val_batch_size': None,
[36m(main_task pid=7055)[0m           'val_files': '~/data/rlhf/gsm8k/test.parquet'},
[36m(main_task pid=7055)[0m  'do_search': True,
[36m(main_task pid=7055)[0m  'max_turns': 6,
[36m(main_task pid=7055)[0m  'reward_model': {'curriculum_bonus_coef': 0.05,
[36m(main_task pid=7055)[0m                   'curriculum_end_turn': 5,
[36m(main_task pid=7055)[0m                   'curriculum_start_turn': 2,
[36m(main_task pid=7055)[0m                   'early_stop_penalty_coef': 0.05,
[36m(main_task pid=7055)[0m                   'enable': False,
[36m(main_task pid=7055)[0m                   'forward_max_token_len_per_gpu': 32768,
[36m(main_task pid=7055)[0m                   'max_length': None,
[36m(main_task pid=7055)[0m                   'micro_batch_size': None,
[36m(main_task pid=7055)[0m                   'micro_batch_size_per_gpu': None,
[36m(main_task pid=7055)[0m                   'model': {'external_lib': None,
[36m(main_task pid=7055)[0m                             'fsdp_config': {'fsdp_size': -1,
[36m(main_task pid=7055)[0m                                             'min_num_params': 0,
[36m(main_task pid=7055)[0m                                             'param_offload': False},
[36m(main_task pid=7055)[0m                             'input_tokenizer': '/root/autodl-tmp/models/Qwen/Qwen2.5-3B-Instruct',
[36m(main_task pid=7055)[0m                             'path': '~/models/FsfairX-LLaMA3-RM-v0.1',
[36m(main_task pid=7055)[0m                             'use_remove_padding': True},
[36m(main_task pid=7055)[0m                   'pbrs_gamma': 0.5,
[36m(main_task pid=7055)[0m                   'query_repetition_penalty_coef': 0.05,
[36m(main_task pid=7055)[0m                   'reward_manager': 'naive',
[36m(main_task pid=7055)[0m                   'strategy': 'fsdp',
[36m(main_task pid=7055)[0m                   'ulysses_sequence_parallel_size': 2,
[36m(main_task pid=7055)[0m                   'use_curriculum': False,
[36m(main_task pid=7055)[0m                   'use_dynamic_bsz': True,
[36m(main_task pid=7055)[0m                   'use_pbrs': False,
[36m(main_task pid=7055)[0m                   'use_query_monitoring': False},
[36m(main_task pid=7055)[0m  'search_engine': 'searxng',
[36m(main_task pid=7055)[0m  'trainer': {'critic_warmup': 0,
[36m(main_task pid=7055)[0m              'default_hdfs_dir': None,
[36m(main_task pid=7055)[0m              'default_local_dir': './ckpts/verl_examples/exp03_lora_rank64_alpha16',
[36m(main_task pid=7055)[0m              'del_local_ckpt_after_load': False,
[36m(main_task pid=7055)[0m              'experiment_name': 'exp03_lora_rank64_alpha16',
[36m(main_task pid=7055)[0m              'logger': ['console', 'swanlab'],
[36m(main_task pid=7055)[0m              'n_gpus_per_node': 1,
[36m(main_task pid=7055)[0m              'nnodes': 1,
[36m(main_task pid=7055)[0m              'project_name': 'verl_examples',
[36m(main_task pid=7055)[0m              'remove_previous_ckpt_in_save': False,
[36m(main_task pid=7055)[0m              'resume_from_path': False,
[36m(main_task pid=7055)[0m              'resume_mode': 'auto',
[36m(main_task pid=7055)[0m              'save_freq': 500,
[36m(main_task pid=7055)[0m              'test_freq': 100,
[36m(main_task pid=7055)[0m              'total_epochs': 30,
[36m(main_task pid=7055)[0m              'total_training_steps': 30,
[36m(main_task pid=7055)[0m              'val_before_train': False,
[36m(main_task pid=7055)[0m              'val_generations_to_log_to_wandb': 0}}
[36m(main_task pid=7055)[0m update signal file finish!
[36m(main_task pid=7055)[0m [validate_config] All configuration checks passed successfully!
[36m(main_task pid=7055)[0m original dataset len: 80000
[36m(main_task pid=7055)[0m filter dataset len: 80000
[36m(main_task pid=7055)[0m original dataset len: 3197
[36m(main_task pid=7055)[0m filter dataset len: 3197
[36m(main_task pid=7055)[0m Size of train dataloader: 156
[36m(main_task pid=7055)[0m Total training steps: 30
[36m(WorkerDict pid=7179)[0m Model config after override: Qwen2Config {
[36m(WorkerDict pid=7179)[0m   "architectures": [
[36m(WorkerDict pid=7179)[0m     "Qwen2ForCausalLM"
[36m(WorkerDict pid=7179)[0m   ],
[36m(WorkerDict pid=7179)[0m   "attention_dropout": 0.0,
[36m(WorkerDict pid=7179)[0m   "bos_token_id": null,
[36m(WorkerDict pid=7179)[0m   "dtype": "bfloat16",
[36m(WorkerDict pid=7179)[0m   "eos_token_id": 151645,
[36m(WorkerDict pid=7179)[0m   "hidden_act": "silu",
[36m(WorkerDict pid=7179)[0m   "hidden_size": 2048,
[36m(WorkerDict pid=7179)[0m   "initializer_range": 0.02,
[36m(WorkerDict pid=7179)[0m   "intermediate_size": 11008,
[36m(WorkerDict pid=7179)[0m   "layer_types": [
[36m(WorkerDict pid=7179)[0m     "full_attention",
[36m(WorkerDict pid=7179)[0m     "full_attention",
[36m(WorkerDict pid=7179)[0m     "full_attention",
[36m(WorkerDict pid=7179)[0m     "full_attention",
[36m(WorkerDict pid=7179)[0m     "full_attention",
[36m(WorkerDict pid=7179)[0m     "full_attention",
[36m(WorkerDict pid=7179)[0m     "full_attention",
[36m(WorkerDict pid=7179)[0m     "full_attention",
[36m(WorkerDict pid=7179)[0m     "full_attention",
[36m(WorkerDict pid=7179)[0m     "full_attention",
[36m(WorkerDict pid=7179)[0m     "full_attention",
[36m(WorkerDict pid=7179)[0m     "full_attention",
[36m(WorkerDict pid=7179)[0m     "full_attention",
[36m(WorkerDict pid=7179)[0m     "full_attention",
[36m(WorkerDict pid=7179)[0m     "full_attention",
[36m(WorkerDict pid=7179)[0m     "full_attention",
[36m(WorkerDict pid=7179)[0m     "full_attention",
[36m(WorkerDict pid=7179)[0m     "full_attention",
[36m(WorkerDict pid=7179)[0m     "full_attention",
[36m(WorkerDict pid=7179)[0m     "full_attention",
[36m(WorkerDict pid=7179)[0m     "full_attention",
[36m(WorkerDict pid=7179)[0m     "full_attention",
[36m(WorkerDict pid=7179)[0m     "full_attention",
[36m(WorkerDict pid=7179)[0m     "full_attention",
[36m(WorkerDict pid=7179)[0m     "full_attention",
[36m(WorkerDict pid=7179)[0m Loading weights:   0%|          | 0/434 [00:00<?, ?it/s]
[36m(WorkerDict pid=7179)[0m Loading weights: 100%|██████████| 434/434 [00:00<00:00, 10132.30it/s]
[36m(WorkerDict pid=7179)[0m /root/miniconda3/lib/python3.12/site-packages/torch/distributed/c10d_logger.py:83: UserWarning: barrier(): using the device under current context. You can specify `device_id` in `init_process_group` to mute this warning.
[36m(WorkerDict pid=7179)[0m   return func(*args, **kwargs)
[36m(WorkerDict pid=7179)[0m [rank0]:[W525 15:34:45.806105200 ProcessGroupNCCL.cpp:5188] Guessing device ID based on global rank. This can cause a hang if rank to GPU mapping is heterogeneous. You can specify device_id in init_process_group()
[36m(WorkerDict pid=7179)[0m /root/miniconda3/lib/python3.12/site-packages/torch/distributed/fsdp/fully_sharded_data_parallel.py:478: UserWarning: FSDP is switching to use `NO_SHARD` instead of ShardingStrategy.FULL_SHARD since the world size is 1.
[36m(WorkerDict pid=7179)[0m   _init_core_state(
[36m(WorkerDict pid=7179)[0m Loading weights:   0%|          | 0/434 [00:00<?, ?it/s]
[36m(WorkerDict pid=7179)[0m Loading weights: 100%|██████████| 434/434 [00:00<00:00, 10388.75it/s]
[36m(WorkerDict pid=7179)[0m /root/miniconda3/lib/python3.12/site-packages/torch/distributed/c10d_logger.py:83: UserWarning: barrier(): using the device under current context. You can specify `device_id` in `init_process_group` to mute this warning.
[36m(WorkerDict pid=7179)[0m   return func(*args, **kwargs)
[36m(WorkerDict pid=7179)[0m /root/miniconda3/lib/python3.12/site-packages/torch/distributed/fsdp/fully_sharded_data_parallel.py:478: UserWarning: FSDP is switching to use `NO_SHARD` instead of ShardingStrategy.FULL_SHARD since the world size is 1.
[36m(WorkerDict pid=7179)[0m   _init_core_state(
[36m(WorkerDict pid=7179)[0m     "full_attention",
[36m(WorkerDict pid=7179)[0m     "full_attention",
[36m(WorkerDict pid=7179)[0m     "full_attention",
[36m(WorkerDict pid=7179)[0m     "full_attention",
[36m(WorkerDict pid=7179)[0m     "full_attention",
[36m(WorkerDict pid=7179)[0m     "full_attention",
[36m(WorkerDict pid=7179)[0m     "full_attention",
[36m(WorkerDict pid=7179)[0m     "full_attention",
[36m(WorkerDict pid=7179)[0m     "full_attention",
[36m(WorkerDict pid=7179)[0m     "full_attention",
[36m(WorkerDict pid=7179)[0m     "full_attention"
[36m(WorkerDict pid=7179)[0m   ],
[36m(WorkerDict pid=7179)[0m   "max_position_embeddings": 32768,
[36m(WorkerDict pid=7179)[0m   "max_window_layers": 70,
[36m(WorkerDict pid=7179)[0m   "model_type": "qwen2",
[36m(WorkerDict pid=7179)[0m   "num_attention_heads": 16,
[36m(WorkerDict pid=7179)[0m   "num_hidden_layers": 36,
[36m(WorkerDict pid=7179)[0m   "num_key_value_heads": 2,
[36m(WorkerDict pid=7179)[0m   "pad_token_id": 151643,
[36m(WorkerDict pid=7179)[0m   "rms_norm_eps": 1e-06,
[36m(WorkerDict pid=7179)[0m   "rope_parameters": {
[36m(WorkerDict pid=7179)[0m     "rope_theta": 1000000.0,
[36m(WorkerDict pid=7179)[0m     "rope_type": "default"
[36m(WorkerDict pid=7179)[0m   },
[36m(WorkerDict pid=7179)[0m   "sliding_window": null,
[36m(WorkerDict pid=7179)[0m   "tie_word_embeddings": true,
[36m(WorkerDict pid=7179)[0m   "transformers_version": "5.9.0",
[36m(WorkerDict pid=7179)[0m   "use_cache": true,
[36m(WorkerDict pid=7179)[0m   "use_sliding_window": false,
[36m(WorkerDict pid=7179)[0m   "vocab_size": 151936
[36m(WorkerDict pid=7179)[0m }
[36m(WorkerDict pid=7179)[0m 
[36m(WorkerDict pid=7179)[0m Qwen2ForCausalLM contains 3.09B parameters
[36m(WorkerDict pid=7179)[0m wrap_policy: functools.partial(<function _or_policy at 0x7f094af031a0>, policies=[functools.partial(<function transformer_auto_wrap_policy at 0x7f094af03060>, transformer_layer_cls={<class 'transformers.models.qwen2.modeling_qwen2.Qwen2DecoderLayer'>})])
[36m(WorkerDict pid=7179)[0m Actor use_remove_padding=True
[36m(WorkerDict pid=7179)[0m Model config after override: Qwen2Config {
[36m(WorkerDict pid=7179)[0m   "architectures": [
[36m(WorkerDict pid=7179)[0m     "Qwen2ForCausalLM"
[36m(WorkerDict pid=7179)[0m   ],
[36m(WorkerDict pid=7179)[0m   "attention_dropout": 0.0,
[36m(WorkerDict pid=7179)[0m   "bos_token_id": null,
[36m(WorkerDict pid=7179)[0m   "dtype": "bfloat16",
[36m(WorkerDict pid=7179)[0m   "eos_token_id": 151645,
[36m(WorkerDict pid=7179)[0m   "hidden_act": "silu",
[36m(WorkerDict pid=7179)[0m   "hidden_size": 2048,
[36m(WorkerDict pid=7179)[0m   "initializer_range": 0.02,
[36m(WorkerDict pid=7179)[0m   "intermediate_size": 11008,
[36m(WorkerDict pid=7179)[0m   "layer_types": [
[36m(WorkerDict pid=7179)[0m     "full_attention",
[36m(WorkerDict pid=7179)[0m     "full_attention",
[36m(WorkerDict pid=7179)[0m     "full_attention",
[36m(WorkerDict pid=7179)[0m     "full_attention",
[36m(WorkerDict pid=7179)[0m     "full_attention",
[36m(WorkerDict pid=7179)[0m     "full_attention",
[36m(WorkerDict pid=7179)[0m     "full_attention",
[36m(WorkerDict pid=7179)[0m     "full_attention",
[36m(WorkerDict pid=7179)[0m     "full_attention",
[36m(WorkerDict pid=7179)[0m     "full_attention",
[36m(WorkerDict pid=7179)[0m     "full_attention",
[36m(WorkerDict pid=7179)[0m     "full_attention",
[36m(WorkerDict pid=7179)[0m     "full_attention",
[36m(WorkerDict pid=7179)[0m     "full_attention",
[36m(WorkerDict pid=7179)[0m     "full_attention",
[36m(WorkerDict pid=7179)[0m     "full_attention",
[36m(WorkerDict pid=7179)[0m     "full_attention",
[36m(WorkerDict pid=7179)[0m     "full_attention",
[36m(WorkerDict pid=7179)[0m     "full_attention",
[36m(WorkerDict pid=7179)[0m     "full_attention",
[36m(WorkerDict pid=7179)[0m     "full_attention",
[36m(WorkerDict pid=7179)[0m     "full_attention",
[36m(WorkerDict pid=7179)[0m     "full_attention",
[36m(WorkerDict pid=7179)[0m     "full_attention",
[36m(WorkerDict pid=7179)[0m     "full_attention",
[36m(WorkerDict pid=7179)[0m     "full_attention",
[36m(WorkerDict pid=7179)[0m     "full_attention",
[36m(WorkerDict pid=7179)[0m     "full_attention",
[36m(WorkerDict pid=7179)[0m     "full_attention",
[36m(WorkerDict pid=7179)[0m     "full_attention",
[36m(WorkerDict pid=7179)[0m     "full_attention",
[36m(WorkerDict pid=7179)[0m     "full_attention",
[36m(WorkerDict pid=7179)[0m     "full_attention",
[36m(WorkerDict pid=7179)[0m     "full_attention",
[36m(WorkerDict pid=7179)[0m     "full_attention",
[36m(WorkerDict pid=7179)[0m     "full_attention"
[36m(WorkerDict pid=7179)[0m   ],
[36m(WorkerDict pid=7179)[0m   "max_position_embeddings": 32768,
[36m(WorkerDict pid=7179)[0m   "max_window_layers": 70,
[36m(WorkerDict pid=7179)[0m   "model_type": "qwen2",
[36m(WorkerDict pid=7179)[0m   "num_attention_heads": 16,
[36m(WorkerDict pid=7179)[0m   "num_hidden_layers": 36,
[36m(WorkerDict pid=7179)[0m   "num_key_value_heads": 2,
[36m(WorkerDict pid=7179)[0m   "pad_token_id": 151643,
[36m(WorkerDict pid=7179)[0m   "rms_norm_eps": 1e-06,
[36m(WorkerDict pid=7179)[0m   "rope_parameters": {
[36m(WorkerDict pid=7179)[0m     "rope_theta": 1000000.0,
[36m(WorkerDict pid=7179)[0m     "rope_type": "default"
[36m(WorkerDict pid=7179)[0m   },
[36m(WorkerDict pid=7179)[0m   "sliding_window": null,
[36m(WorkerDict pid=7179)[0m   "tie_word_embeddings": true,
[36m(WorkerDict pid=7179)[0m   "transformers_version": "5.9.0",
[36m(WorkerDict pid=7179)[0m   "use_cache": true,
[36m(WorkerDict pid=7179)[0m   "use_sliding_window": false,
[36m(WorkerDict pid=7179)[0m   "vocab_size": 151936
[36m(WorkerDict pid=7179)[0m }
[36m(WorkerDict pid=7179)[0m 
[36m(WorkerDict pid=7179)[0m trainable params: 29,491,200 || all params: 3,115,429,888 || trainable%: 0.9466
[36m(WorkerDict pid=7179)[0m [LoRA] Injected LoRA adapters: rank=64, alpha=16
[36m(WorkerDict pid=7179)[0m PeftModelForCausalLM contains 3.12B parameters
[36m(WorkerDict pid=7179)[0m wrap_policy: functools.partial(<function _or_policy at 0x7f094af031a0>, policies=[functools.partial(<function lambda_auto_wrap_policy at 0x7f094af02b60>, lambda_fn=<function get_fsdp_wrap_policy.<locals>.lambda_policy_fn at 0x7f066d0f2ca0>), functools.partial(<function transformer_auto_wrap_policy at 0x7f094af03060>, transformer_layer_cls={<class 'transformers.models.qwen2.modeling_qwen2.Qwen2DecoderLayer'>})])
[36m(WorkerDict pid=7179)[0m Total steps: 30, num_warmup_steps: 0
[36m(WorkerDict pid=7179)[0m Actor use_remove_padding=True
[36m(WorkerDict pid=7179)[0m Before building vllm rollout, memory allocated (GB): 11.676271915435791, memory reserved (GB): 12.408203125
[36m(WorkerDict pid=7179)[0m INFO 05-25 15:34:52 [utils.py:240] non-default args: {'dtype': 'bfloat16', 'max_model_len': 1024, 'distributed_executor_backend': 'external_launcher', 'enable_prefix_caching': True, 'gpu_memory_utilization': 0.3, 'max_num_batched_tokens': 2048, 'disable_log_stats': True, 'enforce_eager': True, 'disable_custom_all_reduce': True, 'enable_chunked_prefill': True, 'enable_sleep_mode': True, 'model': '/root/autodl-tmp/models/Qwen/Qwen2.5-3B-Instruct'}
[36m(WorkerDict pid=7179)[0m INFO 05-25 15:34:52 [model.py:568] Resolved architecture: Qwen2ForCausalLM
[36m(WorkerDict pid=7179)[0m INFO 05-25 15:34:52 [model.py:1697] Using max model len 1024
[36m(WorkerDict pid=7179)[0m INFO 05-25 15:34:52 [arg_utils.py:1739] Using ray runtime env (env vars redacted): {'env_vars': {'NCCL_DEBUG': '***', 'RANK': '***', 'RAY_LOCAL_RANK': '***', 'RAY_LOCAL_WORLD_SIZE': '***', 'TOKENIZERS_PARALLELISM': '***', 'WG_BACKEND': '***', 'WG_PREFIX': '***', 'WORLD_SIZE': '***'}}
[36m(WorkerDict pid=7179)[0m INFO 05-25 15:34:52 [parallel.py:769] Using external launcher for distributed inference.
[36m(WorkerDict pid=7179)[0m INFO 05-25 15:34:52 [parallel.py:829] Disabling V1 multiprocessing for external launcher.
[36m(WorkerDict pid=7179)[0m Loading safetensors checkpoint shards:   0% Completed | 0/2 [00:00<?, ?it/s]
[36m(WorkerDict pid=7179)[0m Loading safetensors checkpoint shards:  50% Completed | 1/2 [00:00<00:00,  1.45it/s]
[36m(WorkerDict pid=7179)[0m Loading safetensors checkpoint shards: 100% Completed | 2/2 [00:01<00:00,  1.72it/s]
[36m(WorkerDict pid=7179)[0m Loading safetensors checkpoint shards: 100% Completed | 2/2 [00:01<00:00,  1.67it/s]
[36m(WorkerDict pid=7179)[0m 
[36m(WorkerDict pid=7179)[0m /root/DeepResearcher/verl/workers/sharding_manager/fsdp_vllm.py:52: FutureWarning: FSDP.state_dict_type() and FSDP.set_state_dict_type() are being deprecated. Please use APIs, get_state_dict() and set_state_dict(), which can support different parallelisms, FSDP1, FSDP2, DDP. API doc: https://pytorch.org/docs/stable/distributed.checkpoint.html#torch.distributed.checkpoint.state_dict.get_state_dict .Tutorial: https://pytorch.org/tutorials/recipes/distributed_checkpoint_recipe.html .
[36m(WorkerDict pid=7179)[0m   FSDP.set_state_dict_type(self.module,
[36m(WorkerDict pid=7179)[0m INFO 05-25 15:34:52 [scheduler.py:239] Chunked prefill is enabled with max_num_batched_tokens=2048.
[36m(WorkerDict pid=7179)[0m INFO 05-25 15:34:52 [vllm.py:886] Asynchronous scheduling is enabled.
[36m(WorkerDict pid=7179)[0m WARNING 05-25 15:34:52 [vllm.py:942] Enforce eager set, disabling torch.compile and CUDAGraphs. This is equivalent to setting -cc.mode=none -cc.cudagraph_mode=none
[36m(WorkerDict pid=7179)[0m WARNING 05-25 15:34:52 [vllm.py:960] Inductor compilation was disabled by user settings, optimizations settings that are only active during inductor compilation will be ignored.
[36m(WorkerDict pid=7179)[0m INFO 05-25 15:34:52 [kernel.py:212] Final IR op priority after setting platform defaults: IrOpPriorityConfig(rms_norm=['vllm_c', 'native'], fused_add_rms_norm=['vllm_c', 'native'])
[36m(WorkerDict pid=7179)[0m INFO 05-25 15:34:52 [vllm.py:1135] Cudagraph is disabled under eager mode
[36m(WorkerDict pid=7179)[0m INFO 05-25 15:34:52 [compilation.py:303] Enabled custom fusions: norm_quant, act_quant
[36m(WorkerDict pid=7179)[0m INFO 05-25 15:34:54 [core.py:109] Initializing a V1 LLM engine (v0.21.0) with config: model='/root/autodl-tmp/models/Qwen/Qwen2.5-3B-Instruct', speculative_config=None, tokenizer='/root/autodl-tmp/models/Qwen/Qwen2.5-3B-Instruct', skip_tokenizer_init=False, tokenizer_mode=auto, revision=None, tokenizer_revision=None, trust_remote_code=False, dtype=torch.bfloat16, max_seq_len=1024, download_dir=None, load_format=auto, tensor_parallel_size=1, pipeline_parallel_size=1, data_parallel_size=1, decode_context_parallel_size=1, dcp_comm_backend=ag_rs, disable_custom_all_reduce=True, quantization=None, quantization_config=None, enforce_eager=True, enable_return_routed_experts=False, kv_cache_dtype=auto, device_config=cuda, structured_outputs_config=StructuredOutputsConfig(backend='auto', disable_any_whitespace=False, disable_additional_properties=False, reasoning_parser='', reasoning_parser_plugin='', enable_in_reasoning=False), observability_config=ObservabilityConfig(show_hidden_metrics_for_version=None, otlp_traces_endpoint=None, collect_detailed_traces=None, kv_cache_metrics=False, kv_cache_metrics_sample=0.01, cudagraph_metrics=False, enable_layerwise_nvtx_tracing=False, enable_mfu_metrics=False, enable_mm_processor_stats=False, enable_logging_iteration_details=False), seed=0, served_model_name=/root/autodl-tmp/models/Qwen/Qwen2.5-3B-Instruct, enable_prefix_caching=True, enable_chunked_prefill=True, pooler_config=None, compilation_config={'mode': <CompilationMode.NONE: 0>, 'debug_dump_path': None, 'cache_dir': '', 'compile_cache_save_format': 'binary', 'backend': 'inductor', 'custom_ops': ['all'], 'ir_enable_torch_wrap': False, 'splitting_ops': [], 'compile_mm_encoder': False, 'cudagraph_mm_encoder': False, 'encoder_cudagraph_token_budgets': [], 'encoder_cudagraph_max_vision_items_per_batch': 0, 'encoder_cudagraph_max_frames_per_batch': None, 'compile_sizes': [], 'compile_ranges_endpoints': [2048], 'inductor_compile_config': {'enable_auto_functionalized_v2': False, 'size_asserts': False, 'alignment_asserts': False, 'scalar_asserts': False, 'combo_kernels': True, 'benchmark_combo_kernel': True}, 'inductor_passes': {}, 'cudagraph_mode': <CUDAGraphMode.NONE: 0>, 'cudagraph_num_of_warmups': 0, 'cudagraph_capture_sizes': [], 'cudagraph_copy_inputs': False, 'cudagraph_specialize_lora': True, 'use_inductor_graph_partition': False, 'pass_config': {'fuse_norm_quant': True, 'fuse_act_quant': True, 'fuse_attn_quant': False, 'enable_sp': False, 'fuse_gemm_comms': False, 'fuse_allreduce_rms': False, 'fuse_act_padding': False}, 'max_cudagraph_capture_size': 0, 'dynamic_shapes_config': {'type': <DynamicShapesType.BACKED: 'backed'>, 'evaluate_guards': False, 'assume_32_bit_indexing': False}, 'local_cache_dir': None, 'fast_moe_cold_start': False, 'static_all_moe_layers': []}, kernel_config=KernelConfig(ir_op_priority=IrOpPriorityConfig(rms_norm=['vllm_c', 'native'], fused_add_rms_norm=['vllm_c', 'native']), enable_flashinfer_autotune=False, moe_backend='auto')
[36m(WorkerDict pid=7179)[0m INFO 05-25 15:34:54 [parallel_state.py:1723] rank 0 in world size 1 is assigned as DP rank 0, PP rank 0, PCP rank 0, TP rank 0, EP rank N/A, EPLB rank N/A
[36m(WorkerDict pid=7179)[0m INFO 05-25 15:34:55 [topk_topp_sampler.py:45] Using FlashInfer for top-p & top-k sampling.
[36m(WorkerDict pid=7179)[0m INFO 05-25 15:34:55 [gpu_model_runner.py:4857] Starting to load model /root/autodl-tmp/models/Qwen/Qwen2.5-3B-Instruct...
[36m(WorkerDict pid=7179)[0m INFO 05-25 15:34:55 [cuda.py:372] Using FLASH_ATTN attention backend out of potential backends: ['FLASH_ATTN', 'FLASHINFER', 'TRITON_ATTN', 'FLEX_ATTENTION'].
[36m(WorkerDict pid=7179)[0m INFO 05-25 15:34:55 [flash_attn.py:641] Using FlashAttention version 2
[36m(WorkerDict pid=7179)[0m INFO 05-25 15:34:55 [weight_utils.py:938] Filesystem type for checkpoints: XFS. Checkpoint size: 5.75 GiB. Available RAM: 805.77 GiB.
[36m(WorkerDict pid=7179)[0m INFO 05-25 15:34:55 [weight_utils.py:961] Auto-prefetch is disabled because the filesystem (XFS) is not a recognized network FS (NFS/Lustre). If you want to force prefetching, start vLLM with --safetensors-load-strategy=prefetch.
[36m(WorkerDict pid=7179)[0m INFO 05-25 15:34:57 [default_loader.py:397] Loading weights took 1.27 seconds
[36m(WorkerDict pid=7179)[0m INFO 05-25 15:34:57 [gpu_model_runner.py:4959] Model loading took 5.79 GiB memory and 1.443366 seconds
[36m(WorkerDict pid=7179)[0m INFO 05-25 15:34:59 [gpu_worker.py:462] Available KV cache memory: 20.52 GiB
[36m(WorkerDict pid=7179)[0m INFO 05-25 15:34:59 [kv_cache_utils.py:1710] GPU KV cache size: 597,632 tokens
[36m(WorkerDict pid=7179)[0m INFO 05-25 15:34:59 [kv_cache_utils.py:1711] Maximum concurrency for 1,024 tokens per request: 583.62x
[36m(WorkerDict pid=7179)[0m INFO 05-25 15:34:59 [kernel_warmup.py:44] Skipping FlashInfer autotune because it is disabled.
[36m(WorkerDict pid=7179)[0m INFO 05-25 15:34:59 [jit_monitor.py:54] Kernel JIT monitor activated — Triton JIT compilations during inference will be logged as warnings.
[36m(WorkerDict pid=7179)[0m INFO 05-25 15:34:59 [core.py:306] init engine (profile, create kv cache, warmup model) took 1.63 s
[36m(WorkerDict pid=7179)[0m INFO 05-25 15:34:59 [block_pool.py:471] Successfully reset prefix cache
[36m(WorkerDict pid=7179)[0m INFO 05-25 15:35:02 [cumem.py:209] CuMemAllocator: sleep freed 26.41 GiB memory in total, of which 5.88 GiB is backed up in CPU and the rest 20.53 GiB is discarded directly.
[36m(WorkerDict pid=7179)[0m INFO 05-25 15:35:02 [gpu_worker.py:178] Sleep mode freed 28.13 GiB memory, 27.04 GiB memory is still in use.
[36m(WorkerDict pid=7179)[0m INFO 05-25 15:35:02 [abstract.py:331] It took 2.697128 seconds to fall asleep.
[36m(WorkerDict pid=7179)[0m kwargs: {'n': 1, 'logprobs': 0, 'max_tokens': 512, 'detokenize': False, 'temperature': 1.0, 'top_k': -1, 'top_p': 1, 'ignore_eos': False}
[36m(WorkerDict pid=7179)[0m After building vllm rollout, memory allocated (GB): 38.12354898452759, memory reserved (GB): 38.73046875
[36m(WorkerDict pid=7179)[0m After building sharding manager, memory allocated (GB): 38.12354898452759, memory reserved (GB): 38.73046875
[36m(main_task pid=7055)[0m swanlab: Tracking run with swanlab version 0.7.19
[36m(main_task pid=7055)[0m swanlab: Run data will be saved locally in 
[36m(main_task pid=7055)[0m /root/DeepResearcher/swanlog/run-20260525_153504-x7734bbuhz4crtjd4dams
[36m(main_task pid=7055)[0m swanlab: 👋 Hi Fyrgo,welcome to swanlab!
[36m(main_task pid=7055)[0m swanlab: Syncing run exp03_lora_rank64_alpha16 to the cloud
[36m(main_task pid=7055)[0m swanlab: 🏠 View project at https://swanlab.cn/@Fyrgo/verl_examples
[36m(main_task pid=7055)[0m swanlab: 🚀 View run at 
[36m(main_task pid=7055)[0m https://swanlab.cn/@Fyrgo/verl_examples/runs/x7734bbuhz4crtjd4dams
[36m(main_task pid=7055)[0m Using LocalLogger is deprecated. The constructor API will change 
[36m(WorkerDict pid=7179)[0m /root/miniconda3/lib/python3.12/site-packages/torch/utils/_contextlib.py:124: UserWarning: When using ``NO_SHARD`` for ``ShardingStrategy``, full_state_dict will be returned.
[36m(WorkerDict pid=7179)[0m   return func(*args, **kwargs)
*** SIGTERM received at time=1779694511 on cpu 90 ***
PC: @     0x7fc54db89117  (unknown)  (unknown)
    @     0x7fc54db3a520  (unknown)  (unknown)
    @ ... and at least 1 more frames
[2026-05-25 15:35:11,249 E 5148 5148] logging.cc:474: *** SIGTERM received at time=1779694511 on cpu 90 ***
[2026-05-25 15:35:11,249 E 5148 5148] logging.cc:474: PC: @     0x7fc54db89117  (unknown)  (unknown)
[2026-05-25 15:35:11,249 E 5148 5148] logging.cc:474:     @     0x7fc54db3a520  (unknown)  (unknown)
[2026-05-25 15:35:11,249 E 5148 5148] logging.cc:474:     @ ... and at least 1 more frames
[36m(main_task pid=7055)[0m Checkpoint tracker file does not exist: %s /root/DeepResearcher/./ckpts/verl_examples/exp03_lora_rank64_alpha16/latest_checkpointed_iteration.txt
[36m(main_task pid=7055)[0m Training from scratch
[36m(main_task pid=7055)[0m node 0 in fit function!
[36m(main_task pid=7055)[0m node 0 gains 512 datas!
[36m(main_task pid=7055)[0m node 0 step 0 start!
[36m(main_task pid=7055)[0m rollout_step_1_round_0.json 写入完成
[36m(main_task pid=7055)[0m node 0, turn 0 rollings_active is 1024 datas
[36m(WorkerDict pid=7179)[0m INFO 05-25 15:35:06 [abstract.py:349] It took 0.184815 seconds to wake up tags {'kv_cache', 'weights'}.
[36m(WorkerDict pid=7179)[0m WARNING 05-25 15:35:07 [jit_monitor.py:103] Triton kernel JIT compilation during inference: _compute_slot_mapping_kernel. This causes a latency spike; consider extending warmup to cover this shape/config.
[36m(main_task pid=4702)[0m model tool call format error: Expecting value: line 2 column 2 (char 2)
[36m(main_task pid=4702)[0m model tool call format error: Expecting value: line 2 column 1 (char 1)
[36m(main_task pid=4702)[0m model tool call format error: Expecting value: line 2 column 1 (char 1)
[36m(main_task pid=4702)[0m model tool call format error: Expecting value: line 2 column 2 (char 2)
[36m(main_task pid=4702)[0m model tool call format error: Expecting value: line 2 column 1 (char 1)
[36m(main_task pid=4702)[0m model tool call format error: Extra data: line 2 column 110 (char 110)
[36m(main_task pid=4702)[0m model tool call format error: Expecting value: line 2 column 1 (char 1)
[36m(main_task pid=4702)[0m model tool call format error: Expecting ',' delimiter: line 2 column 162 (char 162)
[36m(main_task pid=4702)[0m model tool call format error: Expecting value: line 2 column 1 (char 1)
[36m(main_task pid=4702)[0m model tool call format error: Expecting value: line 2 column 1 (char 1)
[36m(main_task pid=4702)[0m model tool call format error: Expecting value: line 2 column 1 (char 1)
[36m(main_task pid=4702)[0m model tool call format error: Expecting value: line 2 column 1 (char 1)
[36m(main_task pid=4702)[0m model tool call format error: Expecting value: line 2 column 1 (char 1)
[36m(main_task pid=4702)[0m model tool call format error: Expecting value: line 2 column 1 (char 1)
[36m(main_task pid=4702)[0m model tool call format error: Expecting value: line 2 column 1 (char 1)
[36m(main_task pid=4702)[0m model tool call format error: Expecting value: line 2 column 1 (char 1)
[36m(main_task pid=4702)[0m model tool call format error: Expecting value: line 2 column 1 (char 1)
[36m(main_task pid=4702)[0m model tool call format error: Expecting value: line 2 column 1 (char 1)
[36m(main_task pid=4702)[0m model tool call format error: Expecting value: line 2 column 1 (char 1)
[36m(main_task pid=4702)[0m model tool call format error: Expecting value: line 2 column 2 (char 2)
[36m(main_task pid=4702)[0m model tool call format error: Expecting value: line 2 column 1 (char 1)
[36m(main_task pid=4702)[0m model tool call format error: Expecting value: line 2 column 1 (char 1)
[36m(main_task pid=4702)[0m model tool call format error: no valid query in tool_call
[36m(main_task pid=4702)[0m model tool call format error: Expecting value: line 2 column 1 (char 1)
[36m(main_task pid=4702)[0m model tool call format error: Expecting value: line 2 column 2 (char 2)
[36m(main_task pid=4702)[0m model tool call format error: Expecting value: line 2 column 1 (char 1)
[36m(main_task pid=4702)[0m model tool call format error: Expecting value: line 2 column 2 (char 2)
[36m(main_task pid=4702)[0m model tool call format error: Expecting value: line 2 column 2 (char 2)
[36m(main_task pid=4702)[0m model tool call format error: Expecting ',' delimiter: line 2 column 174 (char 174)
[36m(main_task pid=4702)[0m [INFO] Waiting for handler to fill 'content' field... (0/788 ready)
[36m(main_task pid=4702)[0m [INFO] Waiting for handler to fill 'content' field... (0/788 ready)
[36m(main_task pid=4702)[0m [INFO] Waiting for handler to fill 'content' field... (0/788 ready)
[36m(main_task pid=4702)[0m [INFO] Waiting for handler to fill 'content' field... (0/788 ready)
[36m(main_task pid=4702)[0m [INFO] Waiting for handler to fill 'content' field... (0/788 ready)
[36m(main_task pid=4702)[0m [INFO] Waiting for handler to fill 'content' field... (0/788 ready)
[36m(main_task pid=4702)[0m [INFO] Waiting for handler to fill 'content' field... (0/788 ready)
[36m(main_task pid=4702)[0m [INFO] Waiting for handler to fill 'content' field... (0/788 ready)
[36m(main_task pid=4702)[0m [INFO] Waiting for handler to fill 'content' field... (0/788 ready)
[36m(main_task pid=4702)[0m [INFO] Waiting for handler to fill 'content' field... (0/788 ready)
[36m(main_task pid=4702)[0m [INFO] Waiting for handler to fill 'content' field... (0/788 ready)
[36m(main_task pid=4702)[0m [INFO] Waiting for handler to fill 'content' field... (0/788 ready)
[36m(main_task pid=4702)[0m [INFO] Waiting for handler to fill 'content' field... (0/788 ready)
[36m(main_task pid=4702)[0m [INFO] Waiting for handler to fill 'content' field... (0/788 ready)
[36m(main_task pid=4702)[0m [INFO] Waiting for handler to fill 'content' field... (0/788 ready)
[36m(main_task pid=4702)[0m [INFO] Waiting for handler to fill 'content' field... (0/788 ready)
[36m(main_task pid=4702)[0m [INFO] Waiting for handler to fill 'content' field... (0/788 ready)
[36m(main_task pid=4702)[0m [INFO] Waiting for handler to fill 'content' field... (0/788 ready)
[36m(main_task pid=4702)[0m [INFO] Waiting for handler to fill 'content' field... (0/788 ready)
[36m(main_task pid=4702)[0m [INFO] Waiting for handler to fill 'content' field... (0/788 ready)
[36m(main_task pid=4702)[0m [INFO] Waiting for handler to fill 'content' field... (0/788 ready)
[36m(main_task pid=4702)[0m [INFO] Waiting for handler to fill 'content' field... (0/788 ready)
[36m(main_task pid=4702)[0m [INFO] Waiting for handler to fill 'content' field... (0/788 ready)
[36m(main_task pid=4702)[0m [INFO] Waiting for handler to fill 'content' field... (0/788 ready)
[36m(main_task pid=4702)[0m [INFO] Waiting for handler to fill 'content' field... (0/788 ready)
[36m(main_task pid=4702)[0m [INFO] Waiting for handler to fill 'content' field... (0/788 ready)
[36m(main_task pid=4702)[0m [INFO] Waiting for handler to fill 'content' field... (0/788 ready)
[36m(main_task pid=4702)[0m [INFO] Waiting for handler to fill 'content' field... (0/788 ready)
[36m(main_task pid=4702)[0m [INFO] Waiting for handler to fill 'content' field... (0/788 ready)
[36m(main_task pid=4702)[0m [INFO] Waiting for handler to fill 'content' field... (0/788 ready)
[36m(main_task pid=4702)[0m [INFO] Waiting for handler to fill 'content' field... (0/788 ready)
[36m(main_task pid=4702)[0m [INFO] Waiting for handler to fill 'content' field... (0/788 ready)
[36m(main_task pid=4702)[0m [INFO] Waiting for handler to fill 'content' field... (0/788 ready)
[36m(main_task pid=4702)[0m [INFO] Waiting for handler to fill 'content' field... (0/788 ready)
[36m(main_task pid=4702)[0m [INFO] Waiting for handler to fill 'content' field... (0/788 ready)
[36m(main_task pid=4702)[0m [INFO] Waiting for handler to fill 'content' field... (0/788 ready)
[36m(main_task pid=4702)[0m [INFO] Waiting for handler to fill 'content' field... (0/788 ready)
[36m(main_task pid=4702)[0m [INFO] Waiting for handler to fill 'content' field... (0/788 ready)
[36m(main_task pid=4702)[0m [INFO] Waiting for handler to fill 'content' field... (0/788 ready)
[36m(main_task pid=4702)[0m [INFO] Waiting for handler to fill 'content' field... (0/788 ready)
[36m(main_task pid=4702)[0m [INFO] Waiting for handler to fill 'content' field... (0/788 ready)
[36m(main_task pid=4702)[0m [INFO] Waiting for handler to fill 'content' field... (0/788 ready)
[36m(main_task pid=4702)[0m [INFO] Waiting for handler to fill 'content' field... (0/788 ready)
[36m(main_task pid=4702)[0m [INFO] Waiting for handler to fill 'content' field... (0/788 ready)
[36m(main_task pid=4702)[0m [INFO] Waiting for handler to fill 'content' field... (0/788 ready)
[36m(main_task pid=4702)[0m [INFO] Waiting for handler to fill 'content' field... (0/788 ready)
[36m(main_task pid=4702)[0m [INFO] Waiting for handler to fill 'content' field... (0/788 ready)
[36m(main_task pid=4702)[0m [INFO] Waiting for handler to fill 'content' field... (0/788 ready)
[36m(main_task pid=4702)[0m [INFO] Waiting for handler to fill 'content' field... (0/788 ready)
[36m(main_task pid=4702)[0m [INFO] Waiting for handler to fill 'content' field... (0/788 ready)
[36m(main_task pid=4702)[0m [INFO] Waiting for handler to fill 'content' field... (0/788 ready)
[36m(main_task pid=4702)[0m [INFO] Waiting for handler to fill 'content' field... (0/788 ready)
[36m(main_task pid=4702)[0m [INFO] Waiting for handler to fill 'content' field... (0/788 ready)
[36m(main_task pid=4702)[0m [INFO] Waiting for handler to fill 'content' field... (0/788 ready)
[36m(main_task pid=4702)[0m [INFO] Waiting for handler to fill 'content' field... (0/788 ready)
[36m(main_task pid=4702)[0m [INFO] Waiting for handler to fill 'content' field... (0/788 ready)
[36m(main_task pid=4702)[0m [INFO] Waiting for handler to fill 'content' field... (0/788 ready)
[36m(main_task pid=4702)[0m [INFO] Waiting for handler to fill 'content' field... (0/788 ready)
[36m(main_task pid=4702)[0m [INFO] Waiting for handler to fill 'content' field... (0/788 ready)
[36m(main_task pid=4702)[0m [INFO] Waiting for handler to fill 'content' field... (0/788 ready)
[36m(main_task pid=4702)[0m [INFO] Waiting for handler to fill 'content' field... (0/788 ready)
[36m(main_task pid=4702)[0m [INFO] Waiting for handler to fill 'content' field... (0/788 ready)
[36m(main_task pid=4702)[0m [INFO] Waiting for handler to fill 'content' field... (0/788 ready)
[36m(main_task pid=4702)[0m [INFO] Waiting for handler to fill 'content' field... (0/788 ready)
[36m(main_task pid=4702)[0m [INFO] Waiting for handler to fill 'content' field... (0/788 ready)
[36m(main_task pid=4702)[0m [INFO] Waiting for handler to fill 'content' field... (0/788 ready)
[36m(main_task pid=4702)[0m [INFO] Waiting for handler to fill 'content' field... (0/788 ready)
[36m(main_task pid=4702)[0m [INFO] Waiting for handler to fill 'content' field... (0/788 ready)
[36m(main_task pid=4702)[0m [INFO] Waiting for handler to fill 'content' field... (0/788 ready)
[36m(main_task pid=4702)[0m [INFO] Waiting for handler to fill 'content' field... (0/788 ready)
[36m(main_task pid=4702)[0m [INFO] Waiting for handler to fill 'content' field... (0/788 ready)
[36m(main_task pid=4702)[0m [INFO] Waiting for handler to fill 'content' field... (0/788 ready)
[36m(main_task pid=4702)[0m [INFO] Waiting for handler to fill 'content' field... (0/788 ready)
[36m(main_task pid=4702)[0m [INFO] Waiting for handler to fill 'content' field... (0/788 ready)
[36m(main_task pid=4702)[0m [INFO] Waiting for handler to fill 'content' field... (0/788 ready)
[36m(main_task pid=4702)[0m swanlab: 🏠 View project at https://swanlab.cn/@Fyrgo/verl_examples
[36m(main_task pid=4702)[0m swanlab: 🚀 View run at 
[36m(main_task pid=4702)[0m https://swanlab.cn/@Fyrgo/verl_examples/runs/puqq2poimyae1agatsetw
Error executing job with overrides: ['actor_rollout_ref.model.path=/root/autodl-tmp/models/Qwen/Qwen2.5-3B-Instruct', 'actor_rollout_ref.model.use_remove_padding=true', 'actor_rollout_ref.model.use_lora=true', 'actor_rollout_ref.model.lora_rank=64', 'actor_rollout_ref.model.lora_alpha=16', 'actor_rollout_ref.model.lora_dropout=0.0', '+actor_rollout_ref.actor.fsdp_config.model_dtype=bf16', 'actor_rollout_ref.actor.fsdp_config.param_offload=false', 'actor_rollout_ref.actor.fsdp_config.optimizer_offload=False', 'actor_rollout_ref.actor.ulysses_sequence_parallel_size=1', 'actor_rollout_ref.ref.fsdp_config.param_offload=true', 'actor_rollout_ref.ref.ulysses_sequence_parallel_size=1', 'actor_rollout_ref.rollout.tensor_model_parallel_size=1', 'actor_rollout_ref.rollout.gpu_memory_utilization=0.3', 'actor_rollout_ref.rollout.max_model_len=2048', 'actor_rollout_ref.rollout.max_num_batched_tokens=2048', 'critic.model.path=/root/autodl-tmp/models/Qwen/Qwen2.5-3B-Instruct', 'critic.ulysses_sequence_parallel_size=1', 'data.train_files=/root/DeepResearcher/data/train.parquet', 'data.max_prompt_length=512', 'data.max_response_length=512', 'data.train_batch_size=512', '+data.num_workers=0', 'algorithm.adv_estimator=drgrpo', 'algorithm.kl_penalty=kl', 'algorithm.kl_ctrl.type=fixed', 'algorithm.kl_ctrl.kl_coef=0.001', 'algorithm.gamma=1.0', 'algorithm.lam=1.0', 'trainer.total_training_steps=30', 'trainer.experiment_name=exp03_lora_rank64_alpha16', "trainer.logger=['console','swanlab']", 'trainer.save_freq=500', 'trainer.test_freq=100', '+trainer.val_before_train=false', 'trainer.nnodes=1', 'trainer.n_gpus_per_node=1', 'max_turns=6', 'do_search=true', 'agent_grpo.n=2', 'search_engine=searxng', 'reward_model.reward_manager=naive', 'reward_model.use_pbrs=false', 'reward_model.use_curriculum=false', 'reward_model.use_query_monitoring=false', 'algorithm.entropy_bonus_coef=0.0']
Traceback (most recent call last):
  File "/root/DeepResearcher/verl/trainer/main_ppo.py", line 168, in <module>
    main()
  File "/root/miniconda3/lib/python3.12/site-packages/hydra/main.py", line 94, in decorated_main
    _run_hydra(
  File "/root/miniconda3/lib/python3.12/site-packages/hydra/_internal/utils.py", line 394, in _run_hydra
    _run_app(
  File "/root/miniconda3/lib/python3.12/site-packages/hydra/_internal/utils.py", line 457, in _run_app
    run_and_report(
  File "/root/miniconda3/lib/python3.12/site-packages/hydra/_internal/utils.py", line 223, in run_and_report
    raise ex
  File "/root/miniconda3/lib/python3.12/site-packages/hydra/_internal/utils.py", line 220, in run_and_report
    return func()
           ^^^^^^
  File "/root/miniconda3/lib/python3.12/site-packages/hydra/_internal/utils.py", line 458, in <lambda>
    lambda: hydra.run(
            ^^^^^^^^^^
  File "/root/miniconda3/lib/python3.12/site-packages/hydra/_internal/hydra.py", line 132, in run
    _ = ret.return_value
        ^^^^^^^^^^^^^^^^
  File "/root/miniconda3/lib/python3.12/site-packages/hydra/core/utils.py", line 260, in return_value
    raise self._return_value
  File "/root/miniconda3/lib/python3.12/site-packages/hydra/core/utils.py", line 186, in run_job
    ret.return_value = task_function(task_cfg)
                       ^^^^^^^^^^^^^^^^^^^^^^^
  File "/root/DeepResearcher/verl/trainer/main_ppo.py", line 26, in main
    run_ppo(config)
  File "/root/DeepResearcher/verl/trainer/main_ppo.py", line 34, in run_ppo
    ray.get(main_task.remote(config, compute_score))
  File "/root/miniconda3/lib/python3.12/site-packages/ray/_private/auto_init_hook.py", line 22, in auto_init_wrapper
    return fn(*args, **kwargs)
           ^^^^^^^^^^^^^^^^^^^
  File "/root/miniconda3/lib/python3.12/site-packages/ray/_private/client_mode_hook.py", line 107, in wrapper
    return func(*args, **kwargs)
           ^^^^^^^^^^^^^^^^^^^^^
  File "/root/miniconda3/lib/python3.12/site-packages/ray/_private/worker.py", line 2980, in get
    values, debugger_breakpoint = worker.get_objects(
                                  ^^^^^^^^^^^^^^^^^^^
  File "/root/miniconda3/lib/python3.12/site-packages/ray/_private/worker.py", line 1023, in get_objects
    raise value.as_instanceof_cause()
ray.exceptions.RayTaskError(TypeError): [36mray::main_task()[39m (pid=4702, ip=172.17.0.6)
  File "/root/DeepResearcher/verl/trainer/main_ppo.py", line 164, in main_task
    trainer.fit()
  File "/root/DeepResearcher/verl/trainer/ppo/ray_trainer.py", line 1122, in fit
    gen_str_list, gen_batch_output = generation_manager.run_llm_loop(
                                     ^^^^^^^^^^^^^^^^^^^^^^^^^^^^^^^^
  File "/root/DeepResearcher/scrl/llm_agent/generation.py", line 483, in run_llm_loop
    tool_call_list = self.execute_predictions(tool_call_list,len(messages_list))
                     ^^^^^^^^^^^^^^^^^^^^^^^^^^^^^^^^^^^^^^^^^^^^^^^^^^^^^^^^^^^
  File "/root/DeepResearcher/scrl/llm_agent/generation.py", line 294, in execute_predictions
    print(f"[INFO] Waiting for handler to fill 'content' field... ({sum('content' in item and item['content'] for item in query_contents)}/{len(query_contents)} ready)", flush=True)
                                                                    ^^^^^^^^^^^^^^^^^^^^^^^^^^^^^^^^^^^^^^^^^^^^^^^^^^^^^^^^^^^^^^^^^^^^^
TypeError: unsupported operand type(s) for +: 'int' and 'list'
2026-05-25 15:55:35,666	WARNING utils.py:461 -- Detecting docker specified CPUs. In previous versions of Ray, CPU detection in containers was incorrect. Please ensure that Ray has enough CPUs allocated. As a temporary workaround to revert to the prior behavior, set `RAY_USE_MULTIPROCESSING_CPU_COUNT=1` as an env var before starting Ray. Set the env var: `RAY_DISABLE_DOCKER_CPU_WARNING=1` to mute this warning.
2026-05-25 15:55:37,900	INFO worker.py:2012 -- Started a local Ray instance.
/root/miniconda3/lib/python3.12/site-packages/ray/_private/worker.py:2051: FutureWarning: Tip: In future versions of Ray, Ray will no longer override accelerator visible devices env var if num_gpus=0 or num_gpus=None (default). To enable this behavior and turn off this error message, set RAY_ACCEL_ENV_VAR_OVERRIDE_ON_ZERO=0
  warnings.warn(
[36m(main_task pid=12848)[0m {'actor_rollout_ref': {'actor': {'clip_ratio': 0.2,
[36m(main_task pid=12848)[0m                                  'entropy_coeff': 0.001,
[36m(main_task pid=12848)[0m                                  'fsdp_config': {'fsdp_size': -1,
[36m(main_task pid=12848)[0m                                                  'model_dtype': 'bf16',
[36m(main_task pid=12848)[0m                                                  'optimizer_offload': False,
[36m(main_task pid=12848)[0m                                                  'param_offload': False,
[36m(main_task pid=12848)[0m                                                  'wrap_policy': {'min_num_params': 0}},
[36m(main_task pid=12848)[0m                                  'grad_clip': 1.0,
[36m(main_task pid=12848)[0m                                  'kl_loss_coef': 0.001,
[36m(main_task pid=12848)[0m                                  'kl_loss_type': 'low_var_kl',
[36m(main_task pid=12848)[0m                                  'optim': {'lr': 1e-06,
[36m(main_task pid=12848)[0m                                            'lr_warmup_steps_ratio': 0.0,
[36m(main_task pid=12848)[0m                                            'min_lr_ratio': None,
[36m(main_task pid=12848)[0m                                            'total_training_steps': -1,
[36m(main_task pid=12848)[0m                                            'warmup_style': 'constant'},
[36m(main_task pid=12848)[0m                                  'ppo_epochs': 1,
[36m(main_task pid=12848)[0m                                  'ppo_max_token_len_per_gpu': 8192,
[36m(main_task pid=12848)[0m                                  'ppo_micro_batch_size': None,
[36m(main_task pid=12848)[0m                                  'ppo_micro_batch_size_per_gpu': None,
[36m(main_task pid=12848)[0m                                  'ppo_mini_batch_size': 256,
[36m(main_task pid=12848)[0m                                  'shuffle': False,
[36m(main_task pid=12848)[0m                                  'strategy': 'fsdp',
[36m(main_task pid=12848)[0m                                  'ulysses_sequence_parallel_size': 1,
[36m(main_task pid=12848)[0m                                  'use_dynamic_bsz': True,
[36m(main_task pid=12848)[0m                                  'use_kl_loss': True},
[36m(main_task pid=12848)[0m                        'hybrid_engine': True,
[36m(main_task pid=12848)[0m                        'model': {'enable_gradient_checkpointing': True,
[36m(main_task pid=12848)[0m                                  'external_lib': None,
[36m(main_task pid=12848)[0m                                  'lora_alpha': 16,
[36m(main_task pid=12848)[0m                                  'lora_dropout': 0.0,
[36m(main_task pid=12848)[0m                                  'lora_rank': 64,
[36m(main_task pid=12848)[0m                                  'override_config': {},
[36m(main_task pid=12848)[0m                                  'path': '/root/autodl-tmp/models/Qwen/Qwen2.5-3B-Instruct',
[36m(main_task pid=12848)[0m                                  'use_lora': True,
[36m(main_task pid=12848)[0m                                  'use_remove_padding': True},
[36m(main_task pid=12848)[0m                        'ref': {'fsdp_config': {'param_offload': True,
[36m(main_task pid=12848)[0m                                                'wrap_policy': {'min_num_params': 0}},
[36m(main_task pid=12848)[0m                                'log_prob_max_token_len_per_gpu': 8192,
[36m(main_task pid=12848)[0m                                'log_prob_micro_batch_size': None,
[36m(main_task pid=12848)[0m                                'log_prob_micro_batch_size_per_gpu': None,
[36m(main_task pid=12848)[0m                                'log_prob_use_dynamic_bsz': True,
[36m(main_task pid=12848)[0m                                'ulysses_sequence_parallel_size': 1},
[36m(main_task pid=12848)[0m                        'rollout': {'disable_log_stats': True,
[36m(main_task pid=12848)[0m                                    'do_sample': True,
[36m(main_task pid=12848)[0m                                    'dtype': 'bfloat16',
[36m(main_task pid=12848)[0m                                    'enable_chunked_prefill': True,
[36m(main_task pid=12848)[0m                                    'enforce_eager': True,
[36m(main_task pid=12848)[0m                                    'free_cache_engine': True,
[36m(main_task pid=12848)[0m                                    'gpu_memory_utilization': 0.3,
[36m(main_task pid=12848)[0m                                    'ignore_eos': False,
[36m(main_task pid=12848)[0m                                    'load_format': 'dummy_dtensor',
[36m(main_task pid=12848)[0m                                    'log_prob_max_token_len_per_gpu': 8192,
[36m(main_task pid=12848)[0m                                    'log_prob_micro_batch_size': None,
[36m(main_task pid=12848)[0m                                    'log_prob_micro_batch_size_per_gpu': None,
[36m(main_task pid=12848)[0m                                    'log_prob_use_dynamic_bsz': True,
[36m(main_task pid=12848)[0m                                    'max_model_len': 2048,
[36m(main_task pid=12848)[0m                                    'max_num_batched_tokens': 2048,
[36m(main_task pid=12848)[0m                                    'max_num_seqs': 1024,
[36m(main_task pid=12848)[0m                                    'n': 1,
[36m(main_task pid=12848)[0m                                    'name': 'vllm',
[36m(main_task pid=12848)[0m                                    'prompt_length': 512,
[36m(main_task pid=12848)[0m                                    'response_length': 512,
[36m(main_task pid=12848)[0m                                    'temperature': 1.0,
[36m(main_task pid=12848)[0m                                    'tensor_model_parallel_size': 1,
[36m(main_task pid=12848)[0m                                    'top_k': -1,
[36m(main_task pid=12848)[0m                                    'top_p': 1,
[36m(main_task pid=12848)[0m                                    'use_fire_sampling': False}},
[36m(main_task pid=12848)[0m  'agent_grpo': {'n': 2},
[36m(main_task pid=12848)[0m  'algorithm': {'adv_estimator': 'drgrpo',
[36m(main_task pid=12848)[0m                'entropy_bonus_coef': 0.0,
[36m(main_task pid=12848)[0m                'gamma': 1.0,
[36m(main_task pid=12848)[0m                'kl_ctrl': {'kl_coef': 0.001, 'type': 'fixed'},
[36m(main_task pid=12848)[0m                'kl_penalty': 'kl',
[36m(main_task pid=12848)[0m                'lam': 1.0},
[36m(main_task pid=12848)[0m  'critic': {'cliprange_value': 0.5,
[36m(main_task pid=12848)[0m             'forward_max_token_len_per_gpu': 32768,
[36m(main_task pid=12848)[0m             'forward_micro_batch_size': None,
[36m(main_task pid=12848)[0m             'forward_micro_batch_size_per_gpu': None,
[36m(main_task pid=12848)[0m             'grad_clip': 1.0,
[36m(main_task pid=12848)[0m             'model': {'enable_gradient_checkpointing': True,
[36m(main_task pid=12848)[0m                       'external_lib': None,
[36m(main_task pid=12848)[0m                       'fsdp_config': {'fsdp_size': -1,
[36m(main_task pid=12848)[0m                                       'optimizer_offload': False,
[36m(main_task pid=12848)[0m                                       'param_offload': False,
[36m(main_task pid=12848)[0m                                       'wrap_policy': {'min_num_params': 0}},
[36m(main_task pid=12848)[0m                       'override_config': {},
[36m(main_task pid=12848)[0m                       'path': '/root/autodl-tmp/models/Qwen/Qwen2.5-3B-Instruct',
[36m(main_task pid=12848)[0m                       'tokenizer_path': '/root/autodl-tmp/models/Qwen/Qwen2.5-3B-Instruct',
[36m(main_task pid=12848)[0m                       'use_remove_padding': True},
[36m(main_task pid=12848)[0m             'optim': {'lr': 1e-05,
[36m(main_task pid=12848)[0m W0525 15:55:47.208000 12848 site-packages/torch/utils/cpp_extension.py:140] No CUDA runtime is found, using CUDA_HOME='/usr/local/cuda'
[36m(main_task pid=12848)[0m                       'lr_warmup_steps_ratio': 0.0,
[36m(main_task pid=12848)[0m                       'min_lr_ratio': None,
[36m(main_task pid=12848)[0m                       'total_training_steps': -1,
[36m(main_task pid=12848)[0m                       'warmup_style': 'constant'},
[36m(main_task pid=12848)[0m             'ppo_epochs': 1,
[36m(main_task pid=12848)[0m             'ppo_max_token_len_per_gpu': 32768,
[36m(main_task pid=12848)[0m             'ppo_micro_batch_size': None,
[36m(main_task pid=12848)[0m             'ppo_micro_batch_size_per_gpu': None,
[36m(main_task pid=12848)[0m             'ppo_mini_batch_size': 256,
[36m(main_task pid=12848)[0m             'shuffle': False,
[36m(main_task pid=12848)[0m             'strategy': 'fsdp',
[36m(main_task pid=12848)[0m             'ulysses_sequence_parallel_size': 1,
[36m(main_task pid=12848)[0m             'use_dynamic_bsz': True},
[36m(main_task pid=12848)[0m  'data': {'data_writing_file': './signal/data.json',
[36m(main_task pid=12848)[0m           'image_key': 'images',
[36m(main_task pid=12848)[0m           'max_prompt_length': 512,
[36m(main_task pid=12848)[0m           'max_response_length': 512,
[36m(main_task pid=12848)[0m           'n_gpus_per_node': 8,
[36m(main_task pid=12848)[0m           'num_workers': 0,
[36m(main_task pid=12848)[0m           'prompt_key': 'prompt',
[36m(main_task pid=12848)[0m           'query_signal': 1,
[36m(main_task pid=12848)[0m           'response_signal': 0,
[36m(main_task pid=12848)[0m           'return_raw_chat': False,
[36m(main_task pid=12848)[0m           'return_raw_input_ids': False,
[36m(main_task pid=12848)[0m           'shuffle': True,
[36m(main_task pid=12848)[0m           'signal_writing_file': './signal/signal.json',
[36m(main_task pid=12848)[0m           'tokenizer': None,
[36m(main_task pid=12848)[0m           'train_batch_size': 512,
[36m(main_task pid=12848)[0m           'train_files': '/root/DeepResearcher/data/train.parquet',
[36m(main_task pid=12848)[0m           'val_batch_size': None,
[36m(main_task pid=12848)[0m           'val_files': '~/data/rlhf/gsm8k/test.parquet'},
[36m(main_task pid=12848)[0m  'do_search': True,
[36m(main_task pid=12848)[0m  'max_turns': 6,
[36m(main_task pid=12848)[0m  'reward_model': {'curriculum_bonus_coef': 0.05,
[36m(main_task pid=12848)[0m                   'curriculum_end_turn': 5,
[36m(main_task pid=12848)[0m                   'curriculum_start_turn': 2,
[36m(main_task pid=12848)[0m                   'early_stop_penalty_coef': 0.05,
[36m(main_task pid=12848)[0m                   'enable': False,
[36m(main_task pid=12848)[0m                   'forward_max_token_len_per_gpu': 32768,
[36m(main_task pid=12848)[0m                   'max_length': None,
[36m(main_task pid=12848)[0m                   'micro_batch_size': None,
[36m(main_task pid=12848)[0m                   'micro_batch_size_per_gpu': None,
[36m(main_task pid=12848)[0m                   'model': {'external_lib': None,
[36m(main_task pid=12848)[0m                             'fsdp_config': {'fsdp_size': -1,
[36m(main_task pid=12848)[0m                                             'min_num_params': 0,
[36m(main_task pid=12848)[0m                                             'param_offload': False},
[36m(main_task pid=12848)[0m                             'input_tokenizer': '/root/autodl-tmp/models/Qwen/Qwen2.5-3B-Instruct',
[36m(main_task pid=12848)[0m                             'path': '~/models/FsfairX-LLaMA3-RM-v0.1',
[36m(main_task pid=12848)[0m                             'use_remove_padding': True},
[36m(main_task pid=12848)[0m                   'pbrs_gamma': 0.5,
[36m(main_task pid=12848)[0m                   'query_repetition_penalty_coef': 0.05,
[36m(main_task pid=12848)[0m                   'reward_manager': 'naive',
[36m(main_task pid=12848)[0m                   'strategy': 'fsdp',
[36m(main_task pid=12848)[0m                   'ulysses_sequence_parallel_size': 2,
[36m(main_task pid=12848)[0m                   'use_curriculum': False,
[36m(main_task pid=12848)[0m                   'use_dynamic_bsz': True,
[36m(main_task pid=12848)[0m                   'use_pbrs': False,
[36m(main_task pid=12848)[0m                   'use_query_monitoring': False},
[36m(main_task pid=12848)[0m  'search_engine': 'searxng',
[36m(main_task pid=12848)[0m  'trainer': {'critic_warmup': 0,
[36m(main_task pid=12848)[0m              'default_hdfs_dir': None,
[36m(main_task pid=12848)[0m              'default_local_dir': './ckpts/verl_examples/exp03_lora_rank64_alpha16',
[36m(main_task pid=12848)[0m              'del_local_ckpt_after_load': False,
[36m(main_task pid=12848)[0m              'experiment_name': 'exp03_lora_rank64_alpha16',
[36m(main_task pid=12848)[0m              'logger': ['console', 'swanlab'],
[36m(main_task pid=12848)[0m              'n_gpus_per_node': 1,
[36m(main_task pid=12848)[0m              'nnodes': 1,
[36m(main_task pid=12848)[0m              'project_name': 'verl_examples',
[36m(main_task pid=12848)[0m              'remove_previous_ckpt_in_save': False,
[36m(main_task pid=12848)[0m              'resume_from_path': False,
[36m(main_task pid=12848)[0m              'resume_mode': 'auto',
[36m(main_task pid=12848)[0m              'save_freq': 500,
[36m(main_task pid=12848)[0m              'test_freq': 100,
[36m(main_task pid=12848)[0m              'total_epochs': 30,
[36m(main_task pid=12848)[0m              'total_training_steps': 30,
[36m(main_task pid=12848)[0m              'val_before_train': False,
[36m(main_task pid=12848)[0m              'val_generations_to_log_to_wandb': 0}}
[36m(main_task pid=12848)[0m update signal file finish!
[36m(main_task pid=12848)[0m [validate_config] All configuration checks passed successfully!
[36m(main_task pid=12848)[0m original dataset len: 80000
[36m(main_task pid=12848)[0m filter dataset len: 80000
[36m(main_task pid=12848)[0m original dataset len: 3197
[36m(main_task pid=12848)[0m filter dataset len: 3197
[36m(main_task pid=12848)[0m Size of train dataloader: 156
[36m(main_task pid=12848)[0m Total training steps: 30
[36m(WorkerDict pid=12977)[0m Model config after override: Qwen2Config {
[36m(WorkerDict pid=12977)[0m   "architectures": [
[36m(WorkerDict pid=12977)[0m     "Qwen2ForCausalLM"
[36m(WorkerDict pid=12977)[0m   ],
[36m(WorkerDict pid=12977)[0m   "attention_dropout": 0.0,
[36m(WorkerDict pid=12977)[0m   "bos_token_id": null,
[36m(WorkerDict pid=12977)[0m   "dtype": "bfloat16",
[36m(WorkerDict pid=12977)[0m   "eos_token_id": 151645,
[36m(WorkerDict pid=12977)[0m   "hidden_act": "silu",
[36m(WorkerDict pid=12977)[0m   "hidden_size": 2048,
[36m(WorkerDict pid=12977)[0m   "initializer_range": 0.02,
[36m(WorkerDict pid=12977)[0m   "intermediate_size": 11008,
[36m(WorkerDict pid=12977)[0m   "layer_types": [
[36m(WorkerDict pid=12977)[0m     "full_attention",
[36m(WorkerDict pid=12977)[0m     "full_attention",
[36m(WorkerDict pid=12977)[0m     "full_attention",
[36m(WorkerDict pid=12977)[0m     "full_attention",
[36m(WorkerDict pid=12977)[0m     "full_attention",
[36m(WorkerDict pid=12977)[0m     "full_attention",
[36m(WorkerDict pid=12977)[0m     "full_attention",
[36m(WorkerDict pid=12977)[0m     "full_attention",
[36m(WorkerDict pid=12977)[0m     "full_attention",
[36m(WorkerDict pid=12977)[0m     "full_attention",
[36m(WorkerDict pid=12977)[0m     "full_attention",
[36m(WorkerDict pid=12977)[0m     "full_attention",
[36m(WorkerDict pid=12977)[0m     "full_attention",
[36m(WorkerDict pid=12977)[0m     "full_attention",
[36m(WorkerDict pid=12977)[0m     "full_attention",
[36m(WorkerDict pid=12977)[0m     "full_attention",
[36m(WorkerDict pid=12977)[0m     "full_attention",
[36m(WorkerDict pid=12977)[0m     "full_attention",
[36m(WorkerDict pid=12977)[0m     "full_attention",
[36m(WorkerDict pid=12977)[0m     "full_attention",
[36m(WorkerDict pid=12977)[0m     "full_attention",
[36m(WorkerDict pid=12977)[0m Loading weights:   0%|          | 0/434 [00:00<?, ?it/s]
[36m(WorkerDict pid=12977)[0m Loading weights: 100%|██████████| 434/434 [00:00<00:00, 10295.86it/s]
[36m(WorkerDict pid=12977)[0m /root/miniconda3/lib/python3.12/site-packages/torch/distributed/c10d_logger.py:83: UserWarning: barrier(): using the device under current context. You can specify `device_id` in `init_process_group` to mute this warning.
[36m(WorkerDict pid=12977)[0m   return func(*args, **kwargs)
[36m(WorkerDict pid=12977)[0m [rank0]:[W525 15:56:09.599612857 ProcessGroupNCCL.cpp:5188] Guessing device ID based on global rank. This can cause a hang if rank to GPU mapping is heterogeneous. You can specify device_id in init_process_group()
[36m(WorkerDict pid=12977)[0m /root/miniconda3/lib/python3.12/site-packages/torch/distributed/fsdp/fully_sharded_data_parallel.py:478: UserWarning: FSDP is switching to use `NO_SHARD` instead of ShardingStrategy.FULL_SHARD since the world size is 1.
[36m(WorkerDict pid=12977)[0m   _init_core_state(
[36m(WorkerDict pid=12977)[0m Loading weights:   0%|          | 0/434 [00:00<?, ?it/s]
[36m(WorkerDict pid=12977)[0m Loading weights: 100%|██████████| 434/434 [00:00<00:00, 9640.04it/s]
[36m(WorkerDict pid=12977)[0m /root/miniconda3/lib/python3.12/site-packages/torch/distributed/c10d_logger.py:83: UserWarning: barrier(): using the device under current context. You can specify `device_id` in `init_process_group` to mute this warning.
[36m(WorkerDict pid=12977)[0m   return func(*args, **kwargs)
[36m(WorkerDict pid=12977)[0m /root/miniconda3/lib/python3.12/site-packages/torch/distributed/fsdp/fully_sharded_data_parallel.py:478: UserWarning: FSDP is switching to use `NO_SHARD` instead of ShardingStrategy.FULL_SHARD since the world size is 1.
[36m(WorkerDict pid=12977)[0m   _init_core_state(
[36m(WorkerDict pid=12977)[0m     "full_attention",
[36m(WorkerDict pid=12977)[0m     "full_attention",
[36m(WorkerDict pid=12977)[0m     "full_attention",
[36m(WorkerDict pid=12977)[0m     "full_attention",
[36m(WorkerDict pid=12977)[0m     "full_attention",
[36m(WorkerDict pid=12977)[0m     "full_attention",
[36m(WorkerDict pid=12977)[0m     "full_attention",
[36m(WorkerDict pid=12977)[0m     "full_attention",
[36m(WorkerDict pid=12977)[0m     "full_attention",
[36m(WorkerDict pid=12977)[0m     "full_attention",
[36m(WorkerDict pid=12977)[0m     "full_attention",
[36m(WorkerDict pid=12977)[0m     "full_attention",
[36m(WorkerDict pid=12977)[0m     "full_attention",
[36m(WorkerDict pid=12977)[0m     "full_attention",
[36m(WorkerDict pid=12977)[0m     "full_attention"
[36m(WorkerDict pid=12977)[0m   ],
[36m(WorkerDict pid=12977)[0m   "max_position_embeddings": 32768,
[36m(WorkerDict pid=12977)[0m   "max_window_layers": 70,
[36m(WorkerDict pid=12977)[0m   "model_type": "qwen2",
[36m(WorkerDict pid=12977)[0m   "num_attention_heads": 16,
[36m(WorkerDict pid=12977)[0m   "num_hidden_layers": 36,
[36m(WorkerDict pid=12977)[0m   "num_key_value_heads": 2,
[36m(WorkerDict pid=12977)[0m   "pad_token_id": 151643,
[36m(WorkerDict pid=12977)[0m   "rms_norm_eps": 1e-06,
[36m(WorkerDict pid=12977)[0m   "rope_parameters": {
[36m(WorkerDict pid=12977)[0m     "rope_theta": 1000000.0,
[36m(WorkerDict pid=12977)[0m     "rope_type": "default"
[36m(WorkerDict pid=12977)[0m   },
[36m(WorkerDict pid=12977)[0m   "sliding_window": null,
[36m(WorkerDict pid=12977)[0m   "tie_word_embeddings": true,
[36m(WorkerDict pid=12977)[0m   "transformers_version": "5.9.0",
[36m(WorkerDict pid=12977)[0m   "use_cache": true,
[36m(WorkerDict pid=12977)[0m   "use_sliding_window": false,
[36m(WorkerDict pid=12977)[0m   "vocab_size": 151936
[36m(WorkerDict pid=12977)[0m }
[36m(WorkerDict pid=12977)[0m 
[36m(WorkerDict pid=12977)[0m Qwen2ForCausalLM contains 3.09B parameters
[36m(WorkerDict pid=12977)[0m wrap_policy: functools.partial(<function _or_policy at 0x7f2551b2f1a0>, policies=[functools.partial(<function transformer_auto_wrap_policy at 0x7f2551b2f060>, transformer_layer_cls={<class 'transformers.models.qwen2.modeling_qwen2.Qwen2DecoderLayer'>})])
[36m(WorkerDict pid=12977)[0m Actor use_remove_padding=True
[36m(WorkerDict pid=12977)[0m Model config after override: Qwen2Config {
[36m(WorkerDict pid=12977)[0m   "architectures": [
[36m(WorkerDict pid=12977)[0m     "Qwen2ForCausalLM"
[36m(WorkerDict pid=12977)[0m   ],
[36m(WorkerDict pid=12977)[0m   "attention_dropout": 0.0,
[36m(WorkerDict pid=12977)[0m   "bos_token_id": null,
[36m(WorkerDict pid=12977)[0m   "dtype": "bfloat16",
[36m(WorkerDict pid=12977)[0m   "eos_token_id": 151645,
[36m(WorkerDict pid=12977)[0m   "hidden_act": "silu",
[36m(WorkerDict pid=12977)[0m   "hidden_size": 2048,
[36m(WorkerDict pid=12977)[0m   "initializer_range": 0.02,
[36m(WorkerDict pid=12977)[0m   "intermediate_size": 11008,
[36m(WorkerDict pid=12977)[0m   "layer_types": [
[36m(WorkerDict pid=12977)[0m     "full_attention",
[36m(WorkerDict pid=12977)[0m     "full_attention",
[36m(WorkerDict pid=12977)[0m     "full_attention",
[36m(WorkerDict pid=12977)[0m     "full_attention",
[36m(WorkerDict pid=12977)[0m     "full_attention",
[36m(WorkerDict pid=12977)[0m     "full_attention",
[36m(WorkerDict pid=12977)[0m     "full_attention",
[36m(WorkerDict pid=12977)[0m     "full_attention",
[36m(WorkerDict pid=12977)[0m     "full_attention",
[36m(WorkerDict pid=12977)[0m     "full_attention",
[36m(WorkerDict pid=12977)[0m     "full_attention",
[36m(WorkerDict pid=12977)[0m     "full_attention",
[36m(WorkerDict pid=12977)[0m     "full_attention",
[36m(WorkerDict pid=12977)[0m     "full_attention",
[36m(WorkerDict pid=12977)[0m     "full_attention",
[36m(WorkerDict pid=12977)[0m     "full_attention",
[36m(WorkerDict pid=12977)[0m     "full_attention",
[36m(WorkerDict pid=12977)[0m     "full_attention",
[36m(WorkerDict pid=12977)[0m     "full_attention",
[36m(WorkerDict pid=12977)[0m     "full_attention",
[36m(WorkerDict pid=12977)[0m     "full_attention",
[36m(WorkerDict pid=12977)[0m     "full_attention",
[36m(WorkerDict pid=12977)[0m     "full_attention",
[36m(WorkerDict pid=12977)[0m     "full_attention",
[36m(WorkerDict pid=12977)[0m     "full_attention",
[36m(WorkerDict pid=12977)[0m     "full_attention",
[36m(WorkerDict pid=12977)[0m     "full_attention",
[36m(WorkerDict pid=12977)[0m     "full_attention",
[36m(WorkerDict pid=12977)[0m     "full_attention",
[36m(WorkerDict pid=12977)[0m     "full_attention",
[36m(WorkerDict pid=12977)[0m     "full_attention",
[36m(WorkerDict pid=12977)[0m     "full_attention",
[36m(WorkerDict pid=12977)[0m     "full_attention",
[36m(WorkerDict pid=12977)[0m     "full_attention",
[36m(WorkerDict pid=12977)[0m     "full_attention",
[36m(WorkerDict pid=12977)[0m     "full_attention"
[36m(WorkerDict pid=12977)[0m   ],
[36m(WorkerDict pid=12977)[0m   "max_position_embeddings": 32768,
[36m(WorkerDict pid=12977)[0m   "max_window_layers": 70,
[36m(WorkerDict pid=12977)[0m   "model_type": "qwen2",
[36m(WorkerDict pid=12977)[0m   "num_attention_heads": 16,
[36m(WorkerDict pid=12977)[0m   "num_hidden_layers": 36,
[36m(WorkerDict pid=12977)[0m   "num_key_value_heads": 2,
[36m(WorkerDict pid=12977)[0m   "pad_token_id": 151643,
[36m(WorkerDict pid=12977)[0m   "rms_norm_eps": 1e-06,
[36m(WorkerDict pid=12977)[0m   "rope_parameters": {
[36m(WorkerDict pid=12977)[0m     "rope_theta": 1000000.0,
[36m(WorkerDict pid=12977)[0m     "rope_type": "default"
[36m(WorkerDict pid=12977)[0m   },
[36m(WorkerDict pid=12977)[0m   "sliding_window": null,
[36m(WorkerDict pid=12977)[0m   "tie_word_embeddings": true,
[36m(WorkerDict pid=12977)[0m   "transformers_version": "5.9.0",
[36m(WorkerDict pid=12977)[0m   "use_cache": true,
[36m(WorkerDict pid=12977)[0m   "use_sliding_window": false,
[36m(WorkerDict pid=12977)[0m   "vocab_size": 151936
[36m(WorkerDict pid=12977)[0m }
[36m(WorkerDict pid=12977)[0m 
[36m(WorkerDict pid=12977)[0m trainable params: 29,491,200 || all params: 3,115,429,888 || trainable%: 0.9466
[36m(WorkerDict pid=12977)[0m [LoRA] Injected LoRA adapters: rank=64, alpha=16
[36m(WorkerDict pid=12977)[0m PeftModelForCausalLM contains 3.12B parameters
[36m(WorkerDict pid=12977)[0m wrap_policy: functools.partial(<function _or_policy at 0x7f2551b2f1a0>, policies=[functools.partial(<function lambda_auto_wrap_policy at 0x7f2551b2eb60>, lambda_fn=<function get_fsdp_wrap_policy.<locals>.lambda_policy_fn at 0x7f2274bdeca0>), functools.partial(<function transformer_auto_wrap_policy at 0x7f2551b2f060>, transformer_layer_cls={<class 'transformers.models.qwen2.modeling_qwen2.Qwen2DecoderLayer'>})])
[36m(WorkerDict pid=12977)[0m Total steps: 30, num_warmup_steps: 0
[36m(WorkerDict pid=12977)[0m Actor use_remove_padding=True
[36m(WorkerDict pid=12977)[0m Before building vllm rollout, memory allocated (GB): 11.676271915435791, memory reserved (GB): 12.408203125
[36m(WorkerDict pid=12977)[0m INFO 05-25 15:56:16 [utils.py:240] non-default args: {'dtype': 'bfloat16', 'max_model_len': 1024, 'distributed_executor_backend': 'external_launcher', 'enable_prefix_caching': True, 'gpu_memory_utilization': 0.3, 'max_num_batched_tokens': 2048, 'disable_log_stats': True, 'enforce_eager': True, 'disable_custom_all_reduce': True, 'enable_chunked_prefill': True, 'enable_sleep_mode': True, 'model': '/root/autodl-tmp/models/Qwen/Qwen2.5-3B-Instruct'}
[36m(WorkerDict pid=12977)[0m INFO 05-25 15:56:16 [model.py:568] Resolved architecture: Qwen2ForCausalLM
[36m(WorkerDict pid=12977)[0m INFO 05-25 15:56:16 [model.py:1697] Using max model len 1024
[36m(WorkerDict pid=12977)[0m Loading safetensors checkpoint shards:   0% Completed | 0/2 [00:00<?, ?it/s]
[36m(WorkerDict pid=12977)[0m Loading safetensors checkpoint shards:  50% Completed | 1/2 [00:00<00:00,  1.44it/s]
[36m(WorkerDict pid=12977)[0m Loading safetensors checkpoint shards: 100% Completed | 2/2 [00:01<00:00,  1.74it/s]
[36m(WorkerDict pid=12977)[0m Loading safetensors checkpoint shards: 100% Completed | 2/2 [00:01<00:00,  1.69it/s]
[36m(WorkerDict pid=12977)[0m 
[36m(WorkerDict pid=12977)[0m /root/DeepResearcher/verl/workers/sharding_manager/fsdp_vllm.py:52: FutureWarning: FSDP.state_dict_type() and FSDP.set_state_dict_type() are being deprecated. Please use APIs, get_state_dict() and set_state_dict(), which can support different parallelisms, FSDP1, FSDP2, DDP. API doc: https://pytorch.org/docs/stable/distributed.checkpoint.html#torch.distributed.checkpoint.state_dict.get_state_dict .Tutorial: https://pytorch.org/tutorials/recipes/distributed_checkpoint_recipe.html .
[36m(WorkerDict pid=12977)[0m   FSDP.set_state_dict_type(self.module,
[36m(WorkerDict pid=12977)[0m INFO 05-25 15:56:16 [arg_utils.py:1739] Using ray runtime env (env vars redacted): {'env_vars': {'NCCL_DEBUG': '***', 'RANK': '***', 'RAY_LOCAL_RANK': '***', 'RAY_LOCAL_WORLD_SIZE': '***', 'TOKENIZERS_PARALLELISM': '***', 'WG_BACKEND': '***', 'WG_PREFIX': '***', 'WORLD_SIZE': '***'}}
[36m(WorkerDict pid=12977)[0m INFO 05-25 15:56:16 [parallel.py:769] Using external launcher for distributed inference.
[36m(WorkerDict pid=12977)[0m INFO 05-25 15:56:16 [parallel.py:829] Disabling V1 multiprocessing for external launcher.
[36m(WorkerDict pid=12977)[0m INFO 05-25 15:56:16 [scheduler.py:239] Chunked prefill is enabled with max_num_batched_tokens=2048.
[36m(WorkerDict pid=12977)[0m INFO 05-25 15:56:16 [vllm.py:886] Asynchronous scheduling is enabled.
[36m(WorkerDict pid=12977)[0m WARNING 05-25 15:56:16 [vllm.py:942] Enforce eager set, disabling torch.compile and CUDAGraphs. This is equivalent to setting -cc.mode=none -cc.cudagraph_mode=none
[36m(WorkerDict pid=12977)[0m WARNING 05-25 15:56:16 [vllm.py:960] Inductor compilation was disabled by user settings, optimizations settings that are only active during inductor compilation will be ignored.
[36m(WorkerDict pid=12977)[0m INFO 05-25 15:56:16 [kernel.py:212] Final IR op priority after setting platform defaults: IrOpPriorityConfig(rms_norm=['vllm_c', 'native'], fused_add_rms_norm=['vllm_c', 'native'])
[36m(WorkerDict pid=12977)[0m INFO 05-25 15:56:16 [vllm.py:1135] Cudagraph is disabled under eager mode
[36m(WorkerDict pid=12977)[0m INFO 05-25 15:56:16 [compilation.py:303] Enabled custom fusions: norm_quant, act_quant
[36m(WorkerDict pid=12977)[0m INFO 05-25 15:56:18 [core.py:109] Initializing a V1 LLM engine (v0.21.0) with config: model='/root/autodl-tmp/models/Qwen/Qwen2.5-3B-Instruct', speculative_config=None, tokenizer='/root/autodl-tmp/models/Qwen/Qwen2.5-3B-Instruct', skip_tokenizer_init=False, tokenizer_mode=auto, revision=None, tokenizer_revision=None, trust_remote_code=False, dtype=torch.bfloat16, max_seq_len=1024, download_dir=None, load_format=auto, tensor_parallel_size=1, pipeline_parallel_size=1, data_parallel_size=1, decode_context_parallel_size=1, dcp_comm_backend=ag_rs, disable_custom_all_reduce=True, quantization=None, quantization_config=None, enforce_eager=True, enable_return_routed_experts=False, kv_cache_dtype=auto, device_config=cuda, structured_outputs_config=StructuredOutputsConfig(backend='auto', disable_any_whitespace=False, disable_additional_properties=False, reasoning_parser='', reasoning_parser_plugin='', enable_in_reasoning=False), observability_config=ObservabilityConfig(show_hidden_metrics_for_version=None, otlp_traces_endpoint=None, collect_detailed_traces=None, kv_cache_metrics=False, kv_cache_metrics_sample=0.01, cudagraph_metrics=False, enable_layerwise_nvtx_tracing=False, enable_mfu_metrics=False, enable_mm_processor_stats=False, enable_logging_iteration_details=False), seed=0, served_model_name=/root/autodl-tmp/models/Qwen/Qwen2.5-3B-Instruct, enable_prefix_caching=True, enable_chunked_prefill=True, pooler_config=None, compilation_config={'mode': <CompilationMode.NONE: 0>, 'debug_dump_path': None, 'cache_dir': '', 'compile_cache_save_format': 'binary', 'backend': 'inductor', 'custom_ops': ['all'], 'ir_enable_torch_wrap': False, 'splitting_ops': [], 'compile_mm_encoder': False, 'cudagraph_mm_encoder': False, 'encoder_cudagraph_token_budgets': [], 'encoder_cudagraph_max_vision_items_per_batch': 0, 'encoder_cudagraph_max_frames_per_batch': None, 'compile_sizes': [], 'compile_ranges_endpoints': [2048], 'inductor_compile_config': {'enable_auto_functionalized_v2': False, 'size_asserts': False, 'alignment_asserts': False, 'scalar_asserts': False, 'combo_kernels': True, 'benchmark_combo_kernel': True}, 'inductor_passes': {}, 'cudagraph_mode': <CUDAGraphMode.NONE: 0>, 'cudagraph_num_of_warmups': 0, 'cudagraph_capture_sizes': [], 'cudagraph_copy_inputs': False, 'cudagraph_specialize_lora': True, 'use_inductor_graph_partition': False, 'pass_config': {'fuse_norm_quant': True, 'fuse_act_quant': True, 'fuse_attn_quant': False, 'enable_sp': False, 'fuse_gemm_comms': False, 'fuse_allreduce_rms': False, 'fuse_act_padding': False}, 'max_cudagraph_capture_size': 0, 'dynamic_shapes_config': {'type': <DynamicShapesType.BACKED: 'backed'>, 'evaluate_guards': False, 'assume_32_bit_indexing': False}, 'local_cache_dir': None, 'fast_moe_cold_start': False, 'static_all_moe_layers': []}, kernel_config=KernelConfig(ir_op_priority=IrOpPriorityConfig(rms_norm=['vllm_c', 'native'], fused_add_rms_norm=['vllm_c', 'native']), enable_flashinfer_autotune=False, moe_backend='auto')
[36m(WorkerDict pid=12977)[0m INFO 05-25 15:56:18 [parallel_state.py:1723] rank 0 in world size 1 is assigned as DP rank 0, PP rank 0, PCP rank 0, TP rank 0, EP rank N/A, EPLB rank N/A
[36m(WorkerDict pid=12977)[0m INFO 05-25 15:56:19 [topk_topp_sampler.py:45] Using FlashInfer for top-p & top-k sampling.
[36m(WorkerDict pid=12977)[0m INFO 05-25 15:56:19 [gpu_model_runner.py:4857] Starting to load model /root/autodl-tmp/models/Qwen/Qwen2.5-3B-Instruct...
[36m(WorkerDict pid=12977)[0m INFO 05-25 15:56:19 [cuda.py:372] Using FLASH_ATTN attention backend out of potential backends: ['FLASH_ATTN', 'FLASHINFER', 'TRITON_ATTN', 'FLEX_ATTENTION'].
[36m(WorkerDict pid=12977)[0m INFO 05-25 15:56:19 [flash_attn.py:641] Using FlashAttention version 2
[36m(WorkerDict pid=12977)[0m INFO 05-25 15:56:19 [weight_utils.py:938] Filesystem type for checkpoints: XFS. Checkpoint size: 5.75 GiB. Available RAM: 836.48 GiB.
[36m(WorkerDict pid=12977)[0m INFO 05-25 15:56:19 [weight_utils.py:961] Auto-prefetch is disabled because the filesystem (XFS) is not a recognized network FS (NFS/Lustre). If you want to force prefetching, start vLLM with --safetensors-load-strategy=prefetch.
[36m(WorkerDict pid=12977)[0m INFO 05-25 15:56:21 [default_loader.py:397] Loading weights took 1.25 seconds
[36m(WorkerDict pid=12977)[0m INFO 05-25 15:56:21 [gpu_model_runner.py:4959] Model loading took 5.79 GiB memory and 1.420660 seconds
[36m(WorkerDict pid=12977)[0m INFO 05-25 15:56:23 [gpu_worker.py:462] Available KV cache memory: 20.52 GiB
[36m(WorkerDict pid=12977)[0m INFO 05-25 15:56:23 [kv_cache_utils.py:1710] GPU KV cache size: 597,632 tokens
[36m(WorkerDict pid=12977)[0m INFO 05-25 15:56:23 [kv_cache_utils.py:1711] Maximum concurrency for 1,024 tokens per request: 583.62x
[36m(WorkerDict pid=12977)[0m INFO 05-25 15:56:23 [kernel_warmup.py:44] Skipping FlashInfer autotune because it is disabled.
[36m(WorkerDict pid=12977)[0m INFO 05-25 15:56:23 [jit_monitor.py:54] Kernel JIT monitor activated — Triton JIT compilations during inference will be logged as warnings.
[36m(WorkerDict pid=12977)[0m INFO 05-25 15:56:23 [core.py:306] init engine (profile, create kv cache, warmup model) took 1.66 s
[36m(WorkerDict pid=12977)[0m INFO 05-25 15:56:23 [block_pool.py:471] Successfully reset prefix cache
[36m(WorkerDict pid=12977)[0m INFO 05-25 15:56:26 [cumem.py:209] CuMemAllocator: sleep freed 26.41 GiB memory in total, of which 5.88 GiB is backed up in CPU and the rest 20.53 GiB is discarded directly.
[36m(WorkerDict pid=12977)[0m INFO 05-25 15:56:26 [gpu_worker.py:178] Sleep mode freed 28.13 GiB memory, 13.52 GiB memory is still in use.
[36m(WorkerDict pid=12977)[0m INFO 05-25 15:56:26 [abstract.py:331] It took 2.823459 seconds to fall asleep.
[36m(WorkerDict pid=12977)[0m kwargs: {'n': 1, 'logprobs': 0, 'max_tokens': 512, 'detokenize': False, 'temperature': 1.0, 'top_k': -1, 'top_p': 1, 'ignore_eos': False}
[36m(WorkerDict pid=12977)[0m After building vllm rollout, memory allocated (GB): 38.12354898452759, memory reserved (GB): 38.73046875
[36m(WorkerDict pid=12977)[0m After building sharding manager, memory allocated (GB): 38.12354898452759, memory reserved (GB): 38.73046875
[36m(main_task pid=12848)[0m swanlab: Tracking run with swanlab version 0.7.19
[36m(main_task pid=12848)[0m swanlab: Run data will be saved locally in 
[36m(main_task pid=12848)[0m /root/DeepResearcher/swanlog/run-20260525_155628-k2rh5w3cize4jdnjdesbr
[36m(WorkerDict pid=12977)[0m /root/miniconda3/lib/python3.12/site-packages/torch/utils/_contextlib.py:124: UserWarning: When using ``NO_SHARD`` for ``ShardingStrategy``, full_state_dict will be returned.
[36m(WorkerDict pid=12977)[0m   return func(*args, **kwargs)
[36m(main_task pid=12848)[0m swanlab: 👋 Hi Fyrgo,welcome to swanlab!
[36m(main_task pid=12848)[0m swanlab: Syncing run exp03_lora_rank64_alpha16 to the cloud
[36m(main_task pid=12848)[0m swanlab: 🏠 View project at https://swanlab.cn/@Fyrgo/verl_examples
[36m(main_task pid=12848)[0m swanlab: 🚀 View run at 
[36m(main_task pid=12848)[0m https://swanlab.cn/@Fyrgo/verl_examples/runs/k2rh5w3cize4jdnjdesbr
[36m(main_task pid=12848)[0m Using LocalLogger is deprecated. The constructor API will change 
[36m(main_task pid=12848)[0m Checkpoint tracker file does not exist: %s /root/DeepResearcher/./ckpts/verl_examples/exp03_lora_rank64_alpha16/latest_checkpointed_iteration.txt
[36m(main_task pid=12848)[0m Training from scratch
[36m(main_task pid=12848)[0m node 0 in fit function!
[36m(main_task pid=12848)[0m node 0 gains 512 datas!
[36m(main_task pid=12848)[0m node 0 step 0 start!
[36m(main_task pid=12848)[0m rollout_step_1_round_0.json 写入完成
[36m(main_task pid=12848)[0m node 0, turn 0 rollings_active is 1024 datas
[36m(WorkerDict pid=12977)[0m INFO 05-25 15:56:30 [abstract.py:349] It took 0.186660 seconds to wake up tags {'weights', 'kv_cache'}.
[36m(WorkerDict pid=12977)[0m WARNING 05-25 15:56:30 [jit_monitor.py:103] Triton kernel JIT compilation during inference: _compute_slot_mapping_kernel. This causes a latency spike; consider extending warmup to cover this shape/config.
[36m(WorkerDict pid=12977)[0m INFO 05-25 15:56:40 [block_pool.py:471] Successfully reset prefix cache
[36m(WorkerDict pid=12977)[0m INFO 05-25 15:56:40 [cumem.py:209] CuMemAllocator: sleep freed 26.41 GiB memory in total, of which 5.88 GiB is backed up in CPU and the rest 20.53 GiB is discarded directly.
[36m(WorkerDict pid=12977)[0m INFO 05-25 15:56:40 [gpu_worker.py:178] Sleep mode freed 39.92 GiB memory, 13.56 GiB memory is still in use.
[36m(WorkerDict pid=12977)[0m INFO 05-25 15:56:40 [abstract.py:331] It took 0.312151 seconds to fall asleep.
[36m(main_task pid=12848)[0m node 0, turn 0 gen_output 1024 datas
[36m(main_task pid=12848)[0m model tool call format error: Expecting value: line 2 column 1 (char 1)
[36m(main_task pid=12848)[0m model tool call format error: Expecting value: line 2 column 2 (char 2)
[36m(main_task pid=12848)[0m model tool call format error: Expecting value: line 2 column 1 (char 1)
[36m(main_task pid=12848)[0m model tool call format error: no valid query in tool_call
[36m(main_task pid=12848)[0m model tool call format error: no valid query in tool_call
[36m(main_task pid=12848)[0m model tool call format error: Expecting value: line 2 column 1 (char 1)
[36m(main_task pid=12848)[0m model tool call format error: Expecting value: line 2 column 1 (char 1)
[36m(main_task pid=12848)[0m model tool call format error: Expecting value: line 2 column 1 (char 1)
[36m(main_task pid=12848)[0m model tool call format error: Expecting value: line 2 column 1 (char 1)
[36m(main_task pid=12848)[0m model tool call format error: no valid query in tool_call
[36m(main_task pid=12848)[0m model tool call format error: Expecting value: line 2 column 1 (char 1)
[36m(main_task pid=12848)[0m model tool call format error: Expecting value: line 2 column 1 (char 1)
[36m(main_task pid=12848)[0m model tool call format error: Expecting ',' delimiter: line 2 column 115 (char 115)
[36m(main_task pid=12848)[0m model tool call format error: Expecting value: line 2 column 1 (char 1)
[36m(main_task pid=12848)[0m model tool call format error: Expecting value: line 2 column 2 (char 2)
[36m(main_task pid=12848)[0m model tool call format error: Expecting value: line 2 column 1 (char 1)
[36m(main_task pid=12848)[0m model tool call format error: Expecting value: line 2 column 2 (char 2)
[36m(main_task pid=12848)[0m model tool call format error: Expecting value: line 2 column 2 (char 2)
[36m(main_task pid=12848)[0m model tool call format error: Expecting value: line 2 column 1 (char 1)
[36m(main_task pid=12848)[0m model tool call format error: Expecting value: line 2 column 2 (char 2)
[36m(main_task pid=12848)[0m model tool call format error: Expecting value: line 2 column 1 (char 1)
[36m(main_task pid=12848)[0m model tool call format error: Expecting value: line 2 column 1 (char 1)
[36m(main_task pid=12848)[0m model tool call format error: Expecting value: line 2 column 2 (char 2)
[36m(main_task pid=12848)[0m model tool call format error: Expecting value: line 2 column 1 (char 1)
[36m(main_task pid=12848)[0m model tool call format error: Expecting value: line 2 column 2 (char 2)
[36m(main_task pid=12848)[0m model tool call format error: Expecting value: line 2 column 2 (char 2)
[36m(main_task pid=12848)[0m model tool call format error: Expecting value: line 2 column 1 (char 1)
[36m(main_task pid=12848)[0m model tool call format error: Expecting ',' delimiter: line 2 column 196 (char 196)
[36m(main_task pid=12848)[0m model tool call format error: Expecting value: line 2 column 1 (char 1)
[36m(main_task pid=12848)[0m model tool call format error: Expecting value: line 2 column 1 (char 1)
[36m(main_task pid=12848)[0m model tool call format error: Expecting value: line 2 column 1 (char 1)
[36m(main_task pid=12848)[0m model tool call format error: Expecting value: line 2 column 1 (char 1)
[36m(main_task pid=12848)[0m model tool call format error: Expecting ',' delimiter: line 2 column 301 (char 301)
[36m(main_task pid=12848)[0m model tool call format error: Expecting value: line 2 column 1 (char 1)
[36m(main_task pid=12848)[0m 
[36m(main_task pid=12848)[0m model tool call format error: Expecting value: line 2 column 1 (char 1)
[36m(main_task pid=12848)[0m model tool call format error: Expecting ',' delimiter: line 2 column 105 (char 105)
[36m(main_task pid=12848)[0m model tool call format error: Expecting value: line 2 column 1 (char 1)
[36m(main_task pid=12848)[0m model tool call format error: Expecting ',' delimiter: line 2 column 72 (char 72)
[36m(main_task pid=12848)[0m model tool call format error: Expecting value: line 2 column 2 (char 2)
[36m(main_task pid=12848)[0m model tool call format error: Expecting value: line 2 column 2 (char 2)
[36m(main_task pid=12848)[0m model tool call format error: Expecting value: line 2 column 1 (char 1)
[36m(main_task pid=12848)[0m model tool call format error: Expecting ',' delimiter: line 2 column 253 (char 253)
[36m(main_task pid=12848)[0m model tool call format error: Expecting value: line 2 column 1 (char 1)
[36m(main_task pid=12848)[0m model tool call format error: Expecting value: line 2 column 1 (char 1)
[36m(main_task pid=12848)[0m model tool call format error: Expecting value: line 2 column 1 (char 1)
[36m(main_task pid=12848)[0m model tool call format error: Expecting value: line 2 column 1 (char 1)
[36m(main_task pid=12848)[0m model tool call format error: Expecting value: line 2 column 1 (char 1)
[36m(main_task pid=12848)[0m model tool call format error: Expecting value: line 2 column 1 (char 1)
[36m(main_task pid=12848)[0m model tool call format error: Expecting value: line 2 column 2 (char 2)
[36m(main_task pid=12848)[0m model tool call format error: Expecting ',' delimiter: line 2 column 137 (char 137)
[36m(main_task pid=12848)[0m model tool call format error: Expecting value: line 2 column 1 (char 1)
[36m(main_task pid=12848)[0m model tool call format error: Expecting value: line 2 column 2 (char 2)
[36m(main_task pid=12848)[0m model tool call format error: Expecting value: line 2 column 2 (char 2)
[36m(main_task pid=12848)[0m model tool call format error: Expecting value: line 2 column 1 (char 1)
[36m(main_task pid=12848)[0m model tool call format error: Expecting value: line 2 column 2 (char 2)
[36m(main_task pid=12848)[0m model tool call format error: Expecting value: line 2 column 1 (char 1)
[36m(main_task pid=12848)[0m model tool call format error: Expecting value: line 2 column 1 (char 1)
[36m(main_task pid=12848)[0m model tool call format error: Expecting value: line 2 column 1 (char 1)
[36m(main_task pid=12848)[0m model tool call format error: Expecting value: line 2 column 1 (char 1)
[36m(main_task pid=12848)[0m model tool call format error: Expecting value: line 2 column 1 (char 1)
[36m(main_task pid=12848)[0m model tool call format error: Extra data: line 2 column 111 (char 111)
[36m(main_task pid=12848)[0m model tool call format error: Expecting ',' delimiter: line 2 column 145 (char 145)
[36m(main_task pid=12848)[0m model tool call format error: Expecting value: line 2 column 1 (char 1)
[36m(main_task pid=12848)[0m model tool call format error: Expecting value: line 2 column 1 (char 1)
[36m(main_task pid=12848)[0m model tool call format error: Expecting value: line 2 column 2 (char 2)
[36m(main_task pid=12848)[0m model tool call format error: Expecting value: line 2 column 1 (char 1)
[36m(main_task pid=12848)[0m model tool call format error: Expecting value: line 2 column 1 (char 1)
[36m(main_task pid=12848)[0m model tool call format error: Expecting value: line 2 column 2 (char 2)
[36m(main_task pid=12848)[0m model tool call format error: Expecting value: line 2 column 1 (char 1)
[36m(main_task pid=12848)[0m model tool call format error: Extra data: line 2 column 110 (char 110)
[36m(main_task pid=12848)[0m model tool call format error: Expecting value: line 2 column 1 (char 1)
[36m(main_task pid=12848)[0m model tool call format error: Expecting ',' delimiter: line 2 column 162 (char 162)
[36m(main_task pid=12848)[0m model tool call format error: Expecting value: line 2 column 1 (char 1)
[36m(main_task pid=12848)[0m model tool call format error: Expecting value: line 2 column 1 (char 1)
[36m(main_task pid=12848)[0m model tool call format error: Expecting value: line 2 column 1 (char 1)
[36m(main_task pid=12848)[0m model tool call format error: Expecting value: line 2 column 1 (char 1)
[36m(main_task pid=12848)[0m model tool call format error: Expecting value: line 2 column 1 (char 1)
[36m(main_task pid=12848)[0m model tool call format error: Expecting value: line 2 column 1 (char 1)
[36m(main_task pid=12848)[0m model tool call format error: Expecting value: line 2 column 1 (char 1)
[36m(main_task pid=12848)[0m model tool call format error: Expecting value: line 2 column 1 (char 1)
[36m(main_task pid=12848)[0m model tool call format error: Expecting value: line 2 column 1 (char 1)
[36m(main_task pid=12848)[0m model tool call format error: Expecting value: line 2 column 1 (char 1)
[36m(main_task pid=12848)[0m model tool call format error: Expecting value: line 2 column 1 (char 1)
[36m(main_task pid=12848)[0m model tool call format error: Expecting value: line 2 column 2 (char 2)
[36m(main_task pid=12848)[0m model tool call format error: Expecting value: line 2 column 1 (char 1)
[36m(main_task pid=12848)[0m model tool call format error: Expecting value: line 2 column 1 (char 1)
[36m(main_task pid=12848)[0m model tool call format error: no valid query in tool_call
[36m(main_task pid=12848)[0m model tool call format error: Expecting value: line 2 column 1 (char 1)
[36m(main_task pid=12848)[0m model tool call format error: Expecting value: line 2 column 2 (char 2)
[36m(main_task pid=12848)[0m model tool call format error: Expecting value: line 2 column 1 (char 1)
[36m(main_task pid=12848)[0m model tool call format error: Expecting value: line 2 column 2 (char 2)
[36m(main_task pid=12848)[0m model tool call format error: Expecting value: line 2 column 2 (char 2)
[36m(main_task pid=12848)[0m model tool call format error: Expecting ',' delimiter: line 2 column 174 (char 174)
[36m(main_task pid=12848)[0m [INFO] Waiting for handler to fill 'content' field... (0/788 ready)
[36m(main_task pid=12848)[0m [INFO] Waiting for handler to fill 'content' field... (0/788 ready)
[36m(main_task pid=12848)[0m [INFO] Waiting for handler to fill 'content' field... (0/788 ready)
[36m(main_task pid=12848)[0m [INFO] Waiting for handler to fill 'content' field... (0/788 ready)
[36m(main_task pid=12848)[0m [INFO] Waiting for handler to fill 'content' field... (0/788 ready)
[36m(main_task pid=12848)[0m [INFO] Waiting for handler to fill 'content' field... (0/788 ready)
[36m(main_task pid=12848)[0m [INFO] Waiting for handler to fill 'content' field... (0/788 ready)
[36m(main_task pid=12848)[0m [INFO] Waiting for handler to fill 'content' field... (0/788 ready)
[36m(main_task pid=12848)[0m [INFO] Waiting for handler to fill 'content' field... (0/788 ready)
[36m(main_task pid=12848)[0m [INFO] Waiting for handler to fill 'content' field... (0/788 ready)
[36m(main_task pid=12848)[0m [INFO] Waiting for handler to fill 'content' field... (0/788 ready)
[36m(main_task pid=12848)[0m [INFO] Waiting for handler to fill 'content' field... (0/788 ready)
[36m(main_task pid=12848)[0m [INFO] Waiting for handler to fill 'content' field... (0/788 ready)
[36m(main_task pid=12848)[0m [INFO] Waiting for handler to fill 'content' field... (0/788 ready)
[36m(main_task pid=12848)[0m [INFO] Waiting for handler to fill 'content' field... (0/788 ready)
[36m(main_task pid=12848)[0m [INFO] Waiting for handler to fill 'content' field... (0/788 ready)
[36m(main_task pid=12848)[0m [INFO] Waiting for handler to fill 'content' field... (0/788 ready)
[36m(main_task pid=12848)[0m [INFO] Waiting for handler to fill 'content' field... (0/788 ready)
[36m(main_task pid=12848)[0m [INFO] Waiting for handler to fill 'content' field... (0/788 ready)
[36m(main_task pid=12848)[0m [INFO] Waiting for handler to fill 'content' field... (0/788 ready)
[36m(main_task pid=12848)[0m [INFO] Waiting for handler to fill 'content' field... (0/788 ready)
[36m(main_task pid=12848)[0m [INFO] Waiting for handler to fill 'content' field... (0/788 ready)
[36m(main_task pid=12848)[0m [INFO] Waiting for handler to fill 'content' field... (0/788 ready)
[36m(main_task pid=12848)[0m [INFO] Waiting for handler to fill 'content' field... (0/788 ready)
[36m(main_task pid=12848)[0m [INFO] Waiting for handler to fill 'content' field... (0/788 ready)
[36m(main_task pid=12848)[0m [INFO] Waiting for handler to fill 'content' field... (0/788 ready)
[36m(main_task pid=12848)[0m [INFO] Waiting for handler to fill 'content' field... (0/788 ready)
[36m(main_task pid=12848)[0m [INFO] Waiting for handler to fill 'content' field... (0/788 ready)
[36m(main_task pid=12848)[0m [INFO] Waiting for handler to fill 'content' field... (0/788 ready)
[36m(main_task pid=12848)[0m [INFO] Waiting for handler to fill 'content' field... (0/788 ready)
[36m(main_task pid=12848)[0m [INFO] Waiting for handler to fill 'content' field... (0/788 ready)
[36m(main_task pid=12848)[0m [INFO] Waiting for handler to fill 'content' field... (0/788 ready)
[36m(main_task pid=12848)[0m [INFO] Waiting for handler to fill 'content' field... (0/788 ready)
[36m(main_task pid=12848)[0m [INFO] Waiting for handler to fill 'content' field... (0/788 ready)
[36m(main_task pid=12848)[0m [INFO] Waiting for handler to fill 'content' field... (0/788 ready)
[36m(main_task pid=12848)[0m [INFO] Waiting for handler to fill 'content' field... (0/788 ready)
[36m(main_task pid=12848)[0m [INFO] Waiting for handler to fill 'content' field... (0/788 ready)
[36m(main_task pid=12848)[0m [INFO] Waiting for handler to fill 'content' field... (0/788 ready)
[36m(main_task pid=12848)[0m [INFO] Waiting for handler to fill 'content' field... (0/788 ready)
[36m(main_task pid=12848)[0m [INFO] Waiting for handler to fill 'content' field... (0/788 ready)
[36m(main_task pid=12848)[0m [INFO] Waiting for handler to fill 'content' field... (0/788 ready)
[36m(main_task pid=12848)[0m [INFO] Waiting for handler to fill 'content' field... (0/788 ready)
[36m(main_task pid=12848)[0m [INFO] Waiting for handler to fill 'content' field... (0/788 ready)
[36m(main_task pid=12848)[0m [INFO] Waiting for handler to fill 'content' field... (0/788 ready)
[36m(main_task pid=12848)[0m [INFO] Waiting for handler to fill 'content' field... (0/788 ready)
[36m(main_task pid=12848)[0m [INFO] Waiting for handler to fill 'content' field... (0/788 ready)
[36m(main_task pid=12848)[0m [INFO] Waiting for handler to fill 'content' field... (0/788 ready)
[36m(main_task pid=12848)[0m [INFO] Waiting for handler to fill 'content' field... (0/788 ready)
[36m(main_task pid=12848)[0m [INFO] Waiting for handler to fill 'content' field... (0/788 ready)
[36m(main_task pid=12848)[0m [INFO] Waiting for handler to fill 'content' field... (0/788 ready)
[36m(main_task pid=12848)[0m [INFO] Waiting for handler to fill 'content' field... (0/788 ready)
[36m(main_task pid=12848)[0m [INFO] Waiting for handler to fill 'content' field... (0/788 ready)
[36m(main_task pid=12848)[0m [INFO] Waiting for handler to fill 'content' field... (0/788 ready)
[36m(main_task pid=12848)[0m [INFO] Waiting for handler to fill 'content' field... (0/788 ready)
[36m(main_task pid=12848)[0m [INFO] Waiting for handler to fill 'content' field... (0/788 ready)
[36m(main_task pid=12848)[0m [INFO] Waiting for handler to fill 'content' field... (0/788 ready)
[36m(main_task pid=12848)[0m [INFO] Waiting for handler to fill 'content' field... (0/788 ready)
[36m(main_task pid=12848)[0m [INFO] Waiting for handler to fill 'content' field... (0/788 ready)
[36m(main_task pid=12848)[0m [INFO] Waiting for handler to fill 'content' field... (0/788 ready)
[36m(main_task pid=12848)[0m [INFO] Waiting for handler to fill 'content' field... (0/788 ready)
[36m(main_task pid=12848)[0m [INFO] Waiting for handler to fill 'content' field... (0/788 ready)
[36m(main_task pid=12848)[0m [INFO] Waiting for handler to fill 'content' field... (0/788 ready)
[36m(main_task pid=12848)[0m [INFO] Waiting for handler to fill 'content' field... (0/788 ready)
[36m(main_task pid=12848)[0m [INFO] Waiting for handler to fill 'content' field... (0/788 ready)
[36m(main_task pid=12848)[0m [INFO] Waiting for handler to fill 'content' field... (0/788 ready)
[36m(main_task pid=12848)[0m [INFO] Waiting for handler to fill 'content' field... (0/788 ready)
[36m(main_task pid=12848)[0m [INFO] Waiting for handler to fill 'content' field... (0/788 ready)
[36m(main_task pid=12848)[0m [INFO] Waiting for handler to fill 'content' field... (0/788 ready)
[36m(main_task pid=12848)[0m [INFO] Waiting for handler to fill 'content' field... (0/788 ready)
[36m(main_task pid=12848)[0m [INFO] Waiting for handler to fill 'content' field... (0/788 ready)
[36m(main_task pid=12848)[0m [INFO] Waiting for handler to fill 'content' field... (0/788 ready)
[36m(main_task pid=12848)[0m [INFO] Waiting for handler to fill 'content' field... (0/788 ready)
[36m(main_task pid=12848)[0m [INFO] Waiting for handler to fill 'content' field... (0/788 ready)
[36m(main_task pid=12848)[0m [INFO] Waiting for handler to fill 'content' field... (0/788 ready)
[36m(main_task pid=12848)[0m [INFO] Waiting for handler to fill 'content' field... (0/788 ready)
[36m(main_task pid=12848)[0m [INFO] Waiting for handler to fill 'content' field... (0/788 ready)
[36m(main_task pid=12848)[0m [INFO] Waiting for handler to fill 'content' field... (0/788 ready)
[36m(main_task pid=12848)[0m [INFO] Waiting for handler to fill 'content' field... (0/788 ready)
[36m(main_task pid=12848)[0m [INFO] Waiting for handler to fill 'content' field... (0/788 ready)
[36m(main_task pid=12848)[0m [INFO] Waiting for handler to fill 'content' field... (0/788 ready)
[36m(main_task pid=12848)[0m [INFO] Waiting for handler to fill 'content' field... (0/788 ready)
[36m(main_task pid=12848)[0m [INFO] Waiting for handler to fill 'content' field... (0/788 ready)
[36m(main_task pid=12848)[0m [INFO] Waiting for handler to fill 'content' field... (0/788 ready)
[36m(main_task pid=12848)[0m [INFO] Waiting for handler to fill 'content' field... (0/788 ready)
[36m(main_task pid=12848)[0m [INFO] Waiting for handler to fill 'content' field... (0/788 ready)
[36m(main_task pid=12848)[0m [INFO] Waiting for handler to fill 'content' field... (0/788 ready)
[36m(main_task pid=12848)[0m [INFO] Waiting for handler to fill 'content' field... (0/788 ready)
[36m(main_task pid=12848)[0m [INFO] Waiting for handler to fill 'content' field... (0/788 ready)
[36m(main_task pid=12848)[0m [INFO] Waiting for handler to fill 'content' field... (0/788 ready)
[36m(main_task pid=12848)[0m [INFO] Waiting for handler to fill 'content' field... (0/788 ready)
[36m(main_task pid=12848)[0m [INFO] Waiting for handler to fill 'content' field... (0/788 ready)
[36m(main_task pid=12848)[0m [INFO] Waiting for handler to fill 'content' field... (0/788 ready)
[36m(main_task pid=12848)[0m [INFO] Waiting for handler to fill 'content' field... (0/788 ready)
[36m(main_task pid=12848)[0m [INFO] Waiting for handler to fill 'content' field... (0/788 ready)
[36m(main_task pid=12848)[0m [INFO] Waiting for handler to fill 'content' field... (0/788 ready)
[36m(main_task pid=12848)[0m [INFO] Waiting for handler to fill 'content' field... (0/788 ready)
[36m(main_task pid=12848)[0m [INFO] Waiting for handler to fill 'content' field... (0/788 ready)
[36m(main_task pid=12848)[0m [INFO] Waiting for handler to fill 'content' field... (0/788 ready)
[36m(main_task pid=12848)[0m [INFO] Waiting for handler to fill 'content' field... (0/788 ready)
[36m(main_task pid=12848)[0m [INFO] Waiting for handler to fill 'content' field... (0/788 ready)
[36m(main_task pid=12848)[0m [INFO] Waiting for handler to fill 'content' field... (0/788 ready)
[36m(main_task pid=12848)[0m [INFO] Waiting for handler to fill 'content' field... (0/788 ready)
[36m(main_task pid=12848)[0m [INFO] Waiting for handler to fill 'content' field... (0/788 ready)
[36m(main_task pid=12848)[0m [INFO] Waiting for handler to fill 'content' field... (0/788 ready)
[36m(main_task pid=12848)[0m [INFO] Waiting for handler to fill 'content' field... (0/788 ready)
[36m(main_task pid=12848)[0m [INFO] Waiting for handler to fill 'content' field... (0/788 ready)
[36m(main_task pid=12848)[0m [INFO] Waiting for handler to fill 'content' field... (0/788 ready)
[36m(main_task pid=12848)[0m [INFO] Waiting for handler to fill 'content' field... (0/788 ready)
[36m(main_task pid=12848)[0m [INFO] Waiting for handler to fill 'content' field... (0/788 ready)
[36m(main_task pid=12848)[0m [INFO] Waiting for handler to fill 'content' field... (0/788 ready)
[36m(main_task pid=12848)[0m [INFO] Waiting for handler to fill 'content' field... (0/788 ready)
[36m(main_task pid=12848)[0m [INFO] Waiting for handler to fill 'content' field... (0/788 ready)
[36m(main_task pid=12848)[0m [INFO] Waiting for handler to fill 'content' field... (0/788 ready)
[36m(main_task pid=12848)[0m [INFO] Waiting for handler to fill 'content' field... (0/788 ready)
[36m(main_task pid=12848)[0m [INFO] Waiting for handler to fill 'content' field... (0/788 ready)
[36m(main_task pid=12848)[0m [INFO] Waiting for handler to fill 'content' field... (0/788 ready)
[36m(main_task pid=12848)[0m [INFO] Waiting for handler to fill 'content' field... (0/788 ready)
[36m(main_task pid=12848)[0m [INFO] Waiting for handler to fill 'content' field... (0/788 ready)
[36m(main_task pid=12848)[0m [INFO] Waiting for handler to fill 'content' field... (0/788 ready)
[36m(main_task pid=12848)[0m [INFO] Waiting for handler to fill 'content' field... (0/788 ready)
[36m(main_task pid=12848)[0m [INFO] Waiting for handler to fill 'content' field... (0/788 ready)
[36m(main_task pid=12848)[0m [INFO] Waiting for handler to fill 'content' field... (0/788 ready)
[36m(main_task pid=12848)[0m [INFO] Waiting for handler to fill 'content' field... (0/788 ready)
[36m(main_task pid=12848)[0m [INFO] Waiting for handler to fill 'content' field... (0/788 ready)
[36m(main_task pid=12848)[0m [INFO] Waiting for handler to fill 'content' field... (0/788 ready)
[36m(main_task pid=12848)[0m [INFO] Waiting for handler to fill 'content' field... (0/788 ready)
[36m(main_task pid=12848)[0m [INFO] Waiting for handler to fill 'content' field... (0/788 ready)
[36m(main_task pid=12848)[0m [INFO] Waiting for handler to fill 'content' field... (0/788 ready)
[36m(main_task pid=12848)[0m [INFO] Waiting for handler to fill 'content' field... (0/788 ready)
[36m(main_task pid=12848)[0m [INFO] Waiting for handler to fill 'content' field... (0/788 ready)
[36m(main_task pid=12848)[0m [INFO] Waiting for handler to fill 'content' field... (0/788 ready)
[36m(main_task pid=12848)[0m [INFO] Waiting for handler to fill 'content' field... (0/788 ready)
[36m(main_task pid=12848)[0m [INFO] Waiting for handler to fill 'content' field... (0/788 ready)
[36m(main_task pid=12848)[0m [INFO] Waiting for handler to fill 'content' field... (0/788 ready)
[36m(main_task pid=12848)[0m [INFO] Waiting for handler to fill 'content' field... (0/788 ready)
[33m(raylet)[0m A worker died or was killed while executing a task by an unexpected system error. To troubleshoot the problem, check the logs for the dead worker. Lease ID: 000000005da2314639cefcd9deade7f6c753d9c16dc51eb7ca68613d50e907f9 Worker ID: a4e75eb5d7b760c49910ab76034a794391a033106bbb521f2d300d8d Node ID: 094d2546d52a30d97cb2a41634a5e9d855824e6ab8561f0a389df8dd Worker IP address: 172.17.0.6 Worker port: 37467 Worker PID: 12977 Worker exit type: SYSTEM_ERROR Worker exit detail: Worker unexpectedly exits with a connection error code 2. End of file. Some common causes include: (1) the process was killed by the OOM killer due to high memory usage, (2) ray stop --force was called, or (3) the worker crashed unexpectedly due to SIGSEGV or another unexpected error.
[36m(main_task pid=12848)[0m [INFO] Waiting for handler to fill 'content' field... (0/788 ready)
[36m(main_task pid=12848)[0m [INFO] Waiting for handler to fill 'content' field... (0/788 ready)
[36m(main_task pid=12848)[0m [INFO] Waiting for handler to fill 'content' field... (0/788 ready)
[36m(main_task pid=12848)[0m [INFO] Waiting for handler to fill 'content' field... (0/788 ready)
[36m(main_task pid=12848)[0m node 0, turn 0 tool_call_list 0 datas
[36m(main_task pid=12848)[0m 第0轮结束， node 0 原本有1024个query，现在有788个query
[36m(main_task pid=12848)[0m node 0 step 1 start!
[36m(main_task pid=12848)[0m rollout_step_1_round_1.json 写入完成
[36m(main_task pid=12848)[0m node 0, turn 1 rollings_active is 788 datas
Error executing job with overrides: ['actor_rollout_ref.model.path=/root/autodl-tmp/models/Qwen/Qwen2.5-3B-Instruct', 'actor_rollout_ref.model.use_remove_padding=true', 'actor_rollout_ref.model.use_lora=true', 'actor_rollout_ref.model.lora_rank=64', 'actor_rollout_ref.model.lora_alpha=16', 'actor_rollout_ref.model.lora_dropout=0.0', '+actor_rollout_ref.actor.fsdp_config.model_dtype=bf16', 'actor_rollout_ref.actor.fsdp_config.param_offload=false', 'actor_rollout_ref.actor.fsdp_config.optimizer_offload=False', 'actor_rollout_ref.actor.ulysses_sequence_parallel_size=1', 'actor_rollout_ref.ref.fsdp_config.param_offload=true', 'actor_rollout_ref.ref.ulysses_sequence_parallel_size=1', 'actor_rollout_ref.rollout.tensor_model_parallel_size=1', 'actor_rollout_ref.rollout.gpu_memory_utilization=0.3', 'actor_rollout_ref.rollout.max_model_len=2048', 'actor_rollout_ref.rollout.max_num_batched_tokens=2048', 'critic.model.path=/root/autodl-tmp/models/Qwen/Qwen2.5-3B-Instruct', 'critic.ulysses_sequence_parallel_size=1', 'data.train_files=/root/DeepResearcher/data/train.parquet', 'data.max_prompt_length=512', 'data.max_response_length=512', 'data.train_batch_size=512', '+data.num_workers=0', 'algorithm.adv_estimator=drgrpo', 'algorithm.kl_penalty=kl', 'algorithm.kl_ctrl.type=fixed', 'algorithm.kl_ctrl.kl_coef=0.001', 'algorithm.gamma=1.0', 'algorithm.lam=1.0', 'trainer.total_training_steps=30', 'trainer.experiment_name=exp03_lora_rank64_alpha16', "trainer.logger=['console','swanlab']", 'trainer.save_freq=500', 'trainer.test_freq=100', '+trainer.val_before_train=false', 'trainer.nnodes=1', 'trainer.n_gpus_per_node=1', 'max_turns=6', 'do_search=true', 'agent_grpo.n=2', 'search_engine=searxng', 'reward_model.reward_manager=naive', 'reward_model.use_pbrs=false', 'reward_model.use_curriculum=false', 'reward_model.use_query_monitoring=false', 'algorithm.entropy_bonus_coef=0.0']
Traceback (most recent call last):
  File "/root/DeepResearcher/verl/trainer/main_ppo.py", line 168, in <module>
    main()
  File "/root/miniconda3/lib/python3.12/site-packages/hydra/main.py", line 94, in decorated_main
    _run_hydra(
  File "/root/miniconda3/lib/python3.12/site-packages/hydra/_internal/utils.py", line 394, in _run_hydra
    _run_app(
  File "/root/miniconda3/lib/python3.12/site-packages/hydra/_internal/utils.py", line 457, in _run_app
    run_and_report(
  File "/root/miniconda3/lib/python3.12/site-packages/hydra/_internal/utils.py", line 223, in run_and_report
    raise ex
  File "/root/miniconda3/lib/python3.12/site-packages/hydra/_internal/utils.py", line 220, in run_and_report
    return func()
           ^^^^^^
  File "/root/miniconda3/lib/python3.12/site-packages/hydra/_internal/utils.py", line 458, in <lambda>
    lambda: hydra.run(
            ^^^^^^^^^^
  File "/root/miniconda3/lib/python3.12/site-packages/hydra/_internal/hydra.py", line 132, in run
    _ = ret.return_value
        ^^^^^^^^^^^^^^^^
  File "/root/miniconda3/lib/python3.12/site-packages/hydra/core/utils.py", line 260, in return_value
    raise self._return_value
  File "/root/miniconda3/lib/python3.12/site-packages/hydra/core/utils.py", line 186, in run_job
    ret.return_value = task_function(task_cfg)
                       ^^^^^^^^^^^^^^^^^^^^^^^
  File "/root/DeepResearcher/verl/trainer/main_ppo.py", line 26, in main
    run_ppo(config)
  File "/root/DeepResearcher/verl/trainer/main_ppo.py", line 34, in run_ppo
    ray.get(main_task.remote(config, compute_score))
  File "/root/miniconda3/lib/python3.12/site-packages/ray/_private/auto_init_hook.py", line 22, in auto_init_wrapper
    return fn(*args, **kwargs)
           ^^^^^^^^^^^^^^^^^^^
  File "/root/miniconda3/lib/python3.12/site-packages/ray/_private/client_mode_hook.py", line 107, in wrapper
    return func(*args, **kwargs)
           ^^^^^^^^^^^^^^^^^^^^^
  File "/root/miniconda3/lib/python3.12/site-packages/ray/_private/worker.py", line 2980, in get
    values, debugger_breakpoint = worker.get_objects(
                                  ^^^^^^^^^^^^^^^^^^^
  File "/root/miniconda3/lib/python3.12/site-packages/ray/_private/worker.py", line 1023, in get_objects
    raise value.as_instanceof_cause()
ray.exceptions.RayTaskError(ActorDiedError): [36mray::main_task()[39m (pid=12848, ip=172.17.0.6)
  File "/root/DeepResearcher/verl/trainer/main_ppo.py", line 164, in main_task
    trainer.fit()
  File "/root/DeepResearcher/verl/trainer/ppo/ray_trainer.py", line 1122, in fit
    gen_str_list, gen_batch_output = generation_manager.run_llm_loop(
                                     ^^^^^^^^^^^^^^^^^^^^^^^^^^^^^^^^
  File "/root/DeepResearcher/scrl/llm_agent/generation.py", line 463, in run_llm_loop
    gen_output = self._generate_with_gpu_padding(rollings_active)
                 ^^^^^^^^^^^^^^^^^^^^^^^^^^^^^^^^^^^^^^^^^^^^^^^^
  File "/root/DeepResearcher/scrl/llm_agent/generation.py", line 307, in _generate_with_gpu_padding
    return self.actor_rollout_wg.generate_sequences(active_batch)
           ^^^^^^^^^^^^^^^^^^^^^^^^^^^^^^^^^^^^^^^^^^^^^^^^^^^^^^
  File "/root/DeepResearcher/verl/single_controller/ray/base.py", line 42, in func
    output = ray.get(output)
             ^^^^^^^^^^^^^^^
           ^^^^^^^^^^^^^^^^^^^
           ^^^^^^^^^^^^^^^^^^^^^
                                  ^^^^^^^^^^^^^^^^^^^
ray.exceptions.ActorDiedError: The actor died unexpectedly before finishing this task.
	class_name: create_colocated_worker_cls.<locals>.WorkerDict
	actor_id: 1cb796d8b77e8d7ded74ed1301000000
	pid: 12977
	name: vK806KWorkerDict_0:0
	namespace: 345f9c56-67d9-4cd2-b3a0-4e09a2e7f8ec
	ip: 172.17.0.6
The actor is dead because its worker process has died. Worker exit type: SYSTEM_ERROR Worker exit detail: Worker unexpectedly exits with a connection error code 2. End of file. Some common causes include: (1) the process was killed by the OOM killer due to high memory usage, (2) ray stop --force was called, or (3) the worker crashed unexpectedly due to SIGSEGV or another unexpected error.
2026-05-25 16:11:17,159	WARNING utils.py:461 -- Detecting docker specified CPUs. In previous versions of Ray, CPU detection in containers was incorrect. Please ensure that Ray has enough CPUs allocated. As a temporary workaround to revert to the prior behavior, set `RAY_USE_MULTIPROCESSING_CPU_COUNT=1` as an env var before starting Ray. Set the env var: `RAY_DISABLE_DOCKER_CPU_WARNING=1` to mute this warning.
2026-05-25 16:11:20,456	INFO worker.py:2012 -- Started a local Ray instance.
/root/miniconda3/lib/python3.12/site-packages/ray/_private/worker.py:2051: FutureWarning: Tip: In future versions of Ray, Ray will no longer override accelerator visible devices env var if num_gpus=0 or num_gpus=None (default). To enable this behavior and turn off this error message, set RAY_ACCEL_ENV_VAR_OVERRIDE_ON_ZERO=0
  warnings.warn(
[36m(main_task pid=18337)[0m {'actor_rollout_ref': {'actor': {'clip_ratio': 0.2,
[36m(main_task pid=18337)[0m                                  'entropy_coeff': 0.001,
[36m(main_task pid=18337)[0m                                  'fsdp_config': {'fsdp_size': -1,
[36m(main_task pid=18337)[0m                                                  'model_dtype': 'bf16',
[36m(main_task pid=18337)[0m                                                  'optimizer_offload': False,
[36m(main_task pid=18337)[0m                                                  'param_offload': False,
[36m(main_task pid=18337)[0m                                                  'wrap_policy': {'min_num_params': 0}},
[36m(main_task pid=18337)[0m                                  'grad_clip': 1.0,
[36m(main_task pid=18337)[0m                                  'kl_loss_coef': 0.001,
[36m(main_task pid=18337)[0m                                  'kl_loss_type': 'low_var_kl',
[36m(main_task pid=18337)[0m                                  'optim': {'lr': 1e-06,
[36m(main_task pid=18337)[0m                                            'lr_warmup_steps_ratio': 0.0,
[36m(main_task pid=18337)[0m                                            'min_lr_ratio': None,
[36m(main_task pid=18337)[0m                                            'total_training_steps': -1,
[36m(main_task pid=18337)[0m                                            'warmup_style': 'constant'},
[36m(main_task pid=18337)[0m                                  'ppo_epochs': 1,
[36m(main_task pid=18337)[0m                                  'ppo_max_token_len_per_gpu': 8192,
[36m(main_task pid=18337)[0m                                  'ppo_micro_batch_size': None,
[36m(main_task pid=18337)[0m                                  'ppo_micro_batch_size_per_gpu': None,
[36m(main_task pid=18337)[0m                                  'ppo_mini_batch_size': 256,
[36m(main_task pid=18337)[0m                                  'shuffle': False,
[36m(main_task pid=18337)[0m                                  'strategy': 'fsdp',
[36m(main_task pid=18337)[0m                                  'ulysses_sequence_parallel_size': 1,
[36m(main_task pid=18337)[0m                                  'use_dynamic_bsz': True,
[36m(main_task pid=18337)[0m                                  'use_kl_loss': True},
[36m(main_task pid=18337)[0m                        'hybrid_engine': True,
[36m(main_task pid=18337)[0m                        'model': {'enable_gradient_checkpointing': True,
[36m(main_task pid=18337)[0m                                  'external_lib': None,
[36m(main_task pid=18337)[0m                                  'lora_alpha': 16,
[36m(main_task pid=18337)[0m                                  'lora_dropout': 0.0,
[36m(main_task pid=18337)[0m                                  'lora_rank': 64,
[36m(main_task pid=18337)[0m                                  'override_config': {},
[36m(main_task pid=18337)[0m                                  'path': '/root/autodl-tmp/models/Qwen/Qwen2.5-3B-Instruct',
[36m(main_task pid=18337)[0m                                  'use_lora': True,
[36m(main_task pid=18337)[0m                                  'use_remove_padding': True},
[36m(main_task pid=18337)[0m                        'ref': {'fsdp_config': {'param_offload': True,
[36m(main_task pid=18337)[0m                                                'wrap_policy': {'min_num_params': 0}},
[36m(main_task pid=18337)[0m                                'log_prob_max_token_len_per_gpu': 8192,
[36m(main_task pid=18337)[0m                                'log_prob_micro_batch_size': None,
[36m(main_task pid=18337)[0m                                'log_prob_micro_batch_size_per_gpu': None,
[36m(main_task pid=18337)[0m                                'log_prob_use_dynamic_bsz': True,
[36m(main_task pid=18337)[0m                                'ulysses_sequence_parallel_size': 1},
[36m(main_task pid=18337)[0m                        'rollout': {'disable_log_stats': True,
[36m(main_task pid=18337)[0m                                    'do_sample': True,
[36m(main_task pid=18337)[0m                                    'dtype': 'bfloat16',
[36m(main_task pid=18337)[0m                                    'enable_chunked_prefill': True,
[36m(main_task pid=18337)[0m                                    'enforce_eager': True,
[36m(main_task pid=18337)[0m                                    'free_cache_engine': True,
[36m(main_task pid=18337)[0m                                    'gpu_memory_utilization': 0.3,
[36m(main_task pid=18337)[0m                                    'ignore_eos': False,
[36m(main_task pid=18337)[0m                                    'load_format': 'dummy_dtensor',
[36m(main_task pid=18337)[0m                                    'log_prob_max_token_len_per_gpu': 8192,
[36m(main_task pid=18337)[0m                                    'log_prob_micro_batch_size': None,
[36m(main_task pid=18337)[0m                                    'log_prob_micro_batch_size_per_gpu': None,
[36m(main_task pid=18337)[0m                                    'log_prob_use_dynamic_bsz': True,
[36m(main_task pid=18337)[0m                                    'max_model_len': 2048,
[36m(main_task pid=18337)[0m                                    'max_num_batched_tokens': 2048,
[36m(main_task pid=18337)[0m                                    'max_num_seqs': 1024,
[36m(main_task pid=18337)[0m                                    'n': 1,
[36m(main_task pid=18337)[0m                                    'name': 'vllm',
[36m(main_task pid=18337)[0m                                    'prompt_length': 512,
[36m(main_task pid=18337)[0m                                    'response_length': 512,
[36m(main_task pid=18337)[0m                                    'temperature': 1.0,
[36m(main_task pid=18337)[0m                                    'tensor_model_parallel_size': 1,
[36m(main_task pid=18337)[0m                                    'top_k': -1,
[36m(main_task pid=18337)[0m                                    'top_p': 1,
[36m(main_task pid=18337)[0m                                    'use_fire_sampling': False}},
[36m(main_task pid=18337)[0m  'agent_grpo': {'n': 2},
[36m(main_task pid=18337)[0m  'algorithm': {'adv_estimator': 'drgrpo',
[36m(main_task pid=18337)[0m                'entropy_bonus_coef': 0.0,
[36m(main_task pid=18337)[0m                'gamma': 1.0,
[36m(main_task pid=18337)[0m                'kl_ctrl': {'kl_coef': 0.001, 'type': 'fixed'},
[36m(main_task pid=18337)[0m                'kl_penalty': 'kl',
[36m(main_task pid=18337)[0m                'lam': 1.0},
[36m(main_task pid=18337)[0m  'critic': {'cliprange_value': 0.5,
[36m(main_task pid=18337)[0m             'forward_max_token_len_per_gpu': 32768,
[36m(main_task pid=18337)[0m             'forward_micro_batch_size': None,
[36m(main_task pid=18337)[0m             'forward_micro_batch_size_per_gpu': None,
[36m(main_task pid=18337)[0m             'grad_clip': 1.0,
[36m(main_task pid=18337)[0m             'model': {'enable_gradient_checkpointing': True,
[36m(main_task pid=18337)[0m                       'external_lib': None,
[36m(main_task pid=18337)[0m                       'fsdp_config': {'fsdp_size': -1,
[36m(main_task pid=18337)[0m                                       'optimizer_offload': False,
[36m(main_task pid=18337)[0m                                       'param_offload': False,
[36m(main_task pid=18337)[0m                                       'wrap_policy': {'min_num_params': 0}},
[36m(main_task pid=18337)[0m                       'override_config': {},
[36m(main_task pid=18337)[0m                       'path': '/root/autodl-tmp/models/Qwen/Qwen2.5-3B-Instruct',
[36m(main_task pid=18337)[0m                       'tokenizer_path': '/root/autodl-tmp/models/Qwen/Qwen2.5-3B-Instruct',
[36m(main_task pid=18337)[0m                       'use_remove_padding': True},
[36m(main_task pid=18337)[0m             'optim': {'lr': 1e-05,
[36m(main_task pid=18337)[0m W0525 16:11:29.761000 18337 site-packages/torch/utils/cpp_extension.py:140] No CUDA runtime is found, using CUDA_HOME='/usr/local/cuda'
[36m(main_task pid=18337)[0m                       'lr_warmup_steps_ratio': 0.0,
[36m(main_task pid=18337)[0m                       'min_lr_ratio': None,
[36m(main_task pid=18337)[0m                       'total_training_steps': -1,
[36m(main_task pid=18337)[0m                       'warmup_style': 'constant'},
[36m(main_task pid=18337)[0m             'ppo_epochs': 1,
[36m(main_task pid=18337)[0m             'ppo_max_token_len_per_gpu': 32768,
[36m(main_task pid=18337)[0m             'ppo_micro_batch_size': None,
[36m(main_task pid=18337)[0m             'ppo_micro_batch_size_per_gpu': None,
[36m(main_task pid=18337)[0m             'ppo_mini_batch_size': 256,
[36m(main_task pid=18337)[0m             'shuffle': False,
[36m(main_task pid=18337)[0m             'strategy': 'fsdp',
[36m(main_task pid=18337)[0m             'ulysses_sequence_parallel_size': 1,
[36m(main_task pid=18337)[0m             'use_dynamic_bsz': True},
[36m(main_task pid=18337)[0m  'data': {'data_writing_file': './signal/data.json',
[36m(main_task pid=18337)[0m           'image_key': 'images',
[36m(main_task pid=18337)[0m           'max_prompt_length': 512,
[36m(main_task pid=18337)[0m           'max_response_length': 512,
[36m(main_task pid=18337)[0m           'n_gpus_per_node': 8,
[36m(main_task pid=18337)[0m           'num_workers': 0,
[36m(main_task pid=18337)[0m           'prompt_key': 'prompt',
[36m(main_task pid=18337)[0m           'query_signal': 1,
[36m(main_task pid=18337)[0m           'response_signal': 0,
[36m(main_task pid=18337)[0m           'return_raw_chat': False,
[36m(main_task pid=18337)[0m           'return_raw_input_ids': False,
[36m(main_task pid=18337)[0m           'shuffle': True,
[36m(main_task pid=18337)[0m           'signal_writing_file': './signal/signal.json',
[36m(main_task pid=18337)[0m           'tokenizer': None,
[36m(main_task pid=18337)[0m           'train_batch_size': 512,
[36m(main_task pid=18337)[0m           'train_files': '/root/DeepResearcher/data/train.parquet',
[36m(main_task pid=18337)[0m           'val_batch_size': None,
[36m(main_task pid=18337)[0m           'val_files': '~/data/rlhf/gsm8k/test.parquet'},
[36m(main_task pid=18337)[0m  'do_search': True,
[36m(main_task pid=18337)[0m  'max_turns': 6,
[36m(main_task pid=18337)[0m  'reward_model': 
[36m(main_task pid=18337)[0m {'curriculum_bonus_coef': 0.05,
[36m(main_task pid=18337)[0m                   'curriculum_end_turn': 5,
[36m(main_task pid=18337)[0m                   'curriculum_start_turn': 2,
[36m(main_task pid=18337)[0m                   'early_stop_penalty_coef': 0.05,
[36m(main_task pid=18337)[0m                   'enable': False,
[36m(main_task pid=18337)[0m                   'forward_max_token_len_per_gpu': 32768,
[36m(main_task pid=18337)[0m                   'max_length': None,
[36m(main_task pid=18337)[0m                   'micro_batch_size': None,
[36m(main_task pid=18337)[0m                   'micro_batch_size_per_gpu': None,
[36m(main_task pid=18337)[0m                   'model': {'external_lib': None,
[36m(main_task pid=18337)[0m                             'fsdp_config': {'fsdp_size': -1,
[36m(main_task pid=18337)[0m                                             'min_num_params': 0,
[36m(main_task pid=18337)[0m                                             'param_offload': False},
[36m(main_task pid=18337)[0m                             'input_tokenizer': '/root/autodl-tmp/models/Qwen/Qwen2.5-3B-Instruct',
[36m(main_task pid=18337)[0m                             'path': '~/models/FsfairX-LLaMA3-RM-v0.1',
[36m(main_task pid=18337)[0m                             'use_remove_padding': True},
[36m(main_task pid=18337)[0m                   'pbrs_gamma': 0.5,
[36m(main_task pid=18337)[0m                   'query_repetition_penalty_coef': 0.05,
[36m(main_task pid=18337)[0m                   'reward_manager': 'naive',
[36m(main_task pid=18337)[0m                   'strategy': 'fsdp',
[36m(main_task pid=18337)[0m                   'ulysses_sequence_parallel_size': 2,
[36m(main_task pid=18337)[0m                   'use_curriculum': False,
[36m(main_task pid=18337)[0m                   'use_dynamic_bsz': True,
[36m(main_task pid=18337)[0m                   'use_pbrs': False,
[36m(main_task pid=18337)[0m                   'use_query_monitoring': False},
[36m(main_task pid=18337)[0m  'search_engine': 'searxng',
[36m(main_task pid=18337)[0m  'trainer': {'critic_warmup': 0,
[36m(main_task pid=18337)[0m              'default_hdfs_dir': None,
[36m(main_task pid=18337)[0m              'default_local_dir': './ckpts/verl_examples/exp03_lora_rank64_alpha16',
[36m(main_task pid=18337)[0m              'del_local_ckpt_after_load': False,
[36m(main_task pid=18337)[0m              'experiment_name': 'exp03_lora_rank64_alpha16',
[36m(main_task pid=18337)[0m              'logger': ['console', 'swanlab'],
[36m(main_task pid=18337)[0m              'n_gpus_per_node': 1,
[36m(main_task pid=18337)[0m              'nnodes': 1,
[36m(main_task pid=18337)[0m              'project_name': 'verl_examples',
[36m(main_task pid=18337)[0m              'remove_previous_ckpt_in_save': False,
[36m(main_task pid=18337)[0m              'resume_from_path': False,
[36m(main_task pid=18337)[0m              'resume_mode': 'auto',
[36m(main_task pid=18337)[0m              'save_freq': 500,
[36m(main_task pid=18337)[0m              'test_freq': 100,
[36m(main_task pid=18337)[0m              'total_epochs': 30,
[36m(main_task pid=18337)[0m              'total_training_steps': 30,
[36m(main_task pid=18337)[0m              'val_before_train': False,
[36m(main_task pid=18337)[0m              'val_generations_to_log_to_wandb': 0}}
[36m(main_task pid=18337)[0m update signal file finish!
[36m(main_task pid=18337)[0m [validate_config] All configuration checks passed successfully!
[36m(main_task pid=18337)[0m original dataset len: 80000
[36m(main_task pid=18337)[0m filter dataset len: 80000
[36m(main_task pid=18337)[0m original dataset len: 3197
[36m(main_task pid=18337)[0m filter dataset len: 3197
[36m(main_task pid=18337)[0m Size of train dataloader: 156
[36m(main_task pid=18337)[0m Total training steps: 30
[36m(WorkerDict pid=18465)[0m Model config after override: Qwen2Config {
[36m(WorkerDict pid=18465)[0m   "architectures": [
[36m(WorkerDict pid=18465)[0m     "Qwen2ForCausalLM"
[36m(WorkerDict pid=18465)[0m   ],
[36m(WorkerDict pid=18465)[0m   "attention_dropout": 0.0,
[36m(WorkerDict pid=18465)[0m   "bos_token_id": null,
[36m(WorkerDict pid=18465)[0m   "dtype": "bfloat16",
[36m(WorkerDict pid=18465)[0m   "eos_token_id": 151645,
[36m(WorkerDict pid=18465)[0m   "hidden_act": "silu",
[36m(WorkerDict pid=18465)[0m   "hidden_size": 2048,
[36m(WorkerDict pid=18465)[0m   "initializer_range": 0.02,
[36m(WorkerDict pid=18465)[0m   "intermediate_size": 11008,
[36m(WorkerDict pid=18465)[0m   "layer_types": [
[36m(WorkerDict pid=18465)[0m     "full_attention",
[36m(WorkerDict pid=18465)[0m     "full_attention",
[36m(WorkerDict pid=18465)[0m     "full_attention",
[36m(WorkerDict pid=18465)[0m     "full_attention",
[36m(WorkerDict pid=18465)[0m     "full_attention",
[36m(WorkerDict pid=18465)[0m     "full_attention",
[36m(WorkerDict pid=18465)[0m     "full_attention",
[36m(WorkerDict pid=18465)[0m     "full_attention",
[36m(WorkerDict pid=18465)[0m     "full_attention",
[36m(WorkerDict pid=18465)[0m     "full_attention",
[36m(WorkerDict pid=18465)[0m     "full_attention",
[36m(WorkerDict pid=18465)[0m     "full_attention",
[36m(WorkerDict pid=18465)[0m     "full_attention",
[36m(WorkerDict pid=18465)[0m     "full_attention",
[36m(WorkerDict pid=18465)[0m     "full_attention",
[36m(WorkerDict pid=18465)[0m     "full_attention",
[36m(WorkerDict pid=18465)[0m     "full_attention",
[36m(WorkerDict pid=18465)[0m     "full_attention",
[36m(WorkerDict pid=18465)[0m     "full_attention",
[36m(WorkerDict pid=18465)[0m     "full_attention",
[36m(WorkerDict pid=18465)[0m     "full_attention",
[36m(WorkerDict pid=18465)[0m Loading weights:   0%|          | 0/434 [00:00<?, ?it/s]Loading weights: 100%|██████████| 434/434 [00:00<00:00, 9243.76it/s]
[36m(WorkerDict pid=18465)[0m /root/miniconda3/lib/python3.12/site-packages/torch/distributed/c10d_logger.py:83: UserWarning: barrier(): using the device under current context. You can specify `device_id` in `init_process_group` to mute this warning.
[36m(WorkerDict pid=18465)[0m   return func(*args, **kwargs)
[36m(WorkerDict pid=18465)[0m [rank0]:[W525 16:11:51.442177178 ProcessGroupNCCL.cpp:5188] Guessing device ID based on global rank. This can cause a hang if rank to GPU mapping is heterogeneous. You can specify device_id in init_process_group()
[36m(WorkerDict pid=18465)[0m /root/miniconda3/lib/python3.12/site-packages/torch/distributed/fsdp/fully_sharded_data_parallel.py:478: UserWarning: FSDP is switching to use `NO_SHARD` instead of ShardingStrategy.FULL_SHARD since the world size is 1.
[36m(WorkerDict pid=18465)[0m   _init_core_state(
[36m(WorkerDict pid=18465)[0m Loading weights:   0%|          | 0/434 [00:00<?, ?it/s]Loading weights: 100%|██████████| 434/434 [00:00<00:00, 10529.07it/s]
[36m(WorkerDict pid=18465)[0m /root/miniconda3/lib/python3.12/site-packages/torch/distributed/c10d_logger.py:83: UserWarning: barrier(): using the device under current context. You can specify `device_id` in `init_process_group` to mute this warning.
[36m(WorkerDict pid=18465)[0m   return func(*args, **kwargs)
[36m(WorkerDict pid=18465)[0m /root/miniconda3/lib/python3.12/site-packages/torch/distributed/fsdp/fully_sharded_data_parallel.py:478: UserWarning: FSDP is switching to use `NO_SHARD` instead of ShardingStrategy.FULL_SHARD since the world size is 1.
[36m(WorkerDict pid=18465)[0m   _init_core_state(
[36m(WorkerDict pid=18465)[0m     "full_attention",
[36m(WorkerDict pid=18465)[0m     "full_attention",
[36m(WorkerDict pid=18465)[0m     "full_attention",
[36m(WorkerDict pid=18465)[0m     "full_attention",
[36m(WorkerDict pid=18465)[0m     "full_attention",
[36m(WorkerDict pid=18465)[0m     "full_attention",
[36m(WorkerDict pid=18465)[0m     "full_attention",
[36m(WorkerDict pid=18465)[0m     "full_attention",
[36m(WorkerDict pid=18465)[0m     "full_attention",
[36m(WorkerDict pid=18465)[0m     "full_attention",
[36m(WorkerDict pid=18465)[0m     "full_attention",
[36m(WorkerDict pid=18465)[0m     "full_attention",
[36m(WorkerDict pid=18465)[0m     "full_attention",
[36m(WorkerDict pid=18465)[0m     "full_attention",
[36m(WorkerDict pid=18465)[0m     "full_attention"
[36m(WorkerDict pid=18465)[0m   ],
[36m(WorkerDict pid=18465)[0m   "max_position_embeddings": 32768,
[36m(WorkerDict pid=18465)[0m   "max_window_layers": 70,
[36m(WorkerDict pid=18465)[0m   "model_type": "qwen2",
[36m(WorkerDict pid=18465)[0m   "num_attention_heads": 16,
[36m(WorkerDict pid=18465)[0m   "num_hidden_layers": 36,
[36m(WorkerDict pid=18465)[0m   "num_key_value_heads": 2,
[36m(WorkerDict pid=18465)[0m   "pad_token_id": 151643,
[36m(WorkerDict pid=18465)[0m   "rms_norm_eps": 1e-06,
[36m(WorkerDict pid=18465)[0m   "rope_parameters": {
[36m(WorkerDict pid=18465)[0m     "rope_theta": 1000000.0,
[36m(WorkerDict pid=18465)[0m     "rope_type": "default"
[36m(WorkerDict pid=18465)[0m   },
[36m(WorkerDict pid=18465)[0m   "sliding_window": null,
[36m(WorkerDict pid=18465)[0m   "tie_word_embeddings": true,
[36m(WorkerDict pid=18465)[0m   "transformers_version": "5.9.0",
[36m(WorkerDict pid=18465)[0m   "use_cache": true,
[36m(WorkerDict pid=18465)[0m   "use_sliding_window": false,
[36m(WorkerDict pid=18465)[0m   "vocab_size": 151936
[36m(WorkerDict pid=18465)[0m }
[36m(WorkerDict pid=18465)[0m 
[36m(WorkerDict pid=18465)[0m Qwen2ForCausalLM contains 3.09B parameters
[36m(WorkerDict pid=18465)[0m wrap_policy: functools.partial(<function _or_policy at 0x7f1f011731a0>, policies=[functools.partial(<function transformer_auto_wrap_policy at 0x7f1f01173060>, transformer_layer_cls={<class 'transformers.models.qwen2.modeling_qwen2.Qwen2DecoderLayer'>})])
[36m(WorkerDict pid=18465)[0m Actor use_remove_padding=True
[36m(WorkerDict pid=18465)[0m Model config after override: Qwen2Config {
[36m(WorkerDict pid=18465)[0m   "architectures": [
[36m(WorkerDict pid=18465)[0m     "Qwen2ForCausalLM"
[36m(WorkerDict pid=18465)[0m   ],
[36m(WorkerDict pid=18465)[0m   "attention_dropout": 0.0,
[36m(WorkerDict pid=18465)[0m   "bos_token_id": null,
[36m(WorkerDict pid=18465)[0m   "dtype": "bfloat16",
[36m(WorkerDict pid=18465)[0m   "eos_token_id": 151645,
[36m(WorkerDict pid=18465)[0m   "hidden_act": "silu",
[36m(WorkerDict pid=18465)[0m   "hidden_size": 2048,
[36m(WorkerDict pid=18465)[0m   "initializer_range": 0.02,
[36m(WorkerDict pid=18465)[0m   "intermediate_size": 11008,
[36m(WorkerDict pid=18465)[0m   "layer_types": [
[36m(WorkerDict pid=18465)[0m     "full_attention",
[36m(WorkerDict pid=18465)[0m     "full_attention",
[36m(WorkerDict pid=18465)[0m     "full_attention",
[36m(WorkerDict pid=18465)[0m     "full_attention",
[36m(WorkerDict pid=18465)[0m     "full_attention",
[36m(WorkerDict pid=18465)[0m     "full_attention",
[36m(WorkerDict pid=18465)[0m     "full_attention",
[36m(WorkerDict pid=18465)[0m     "full_attention",
[36m(WorkerDict pid=18465)[0m     "full_attention",
[36m(WorkerDict pid=18465)[0m     "full_attention",
[36m(WorkerDict pid=18465)[0m     "full_attention",
[36m(WorkerDict pid=18465)[0m     "full_attention",
[36m(WorkerDict pid=18465)[0m     "full_attention",
[36m(WorkerDict pid=18465)[0m     "full_attention",
[36m(WorkerDict pid=18465)[0m     "full_attention",
[36m(WorkerDict pid=18465)[0m     "full_attention",
[36m(WorkerDict pid=18465)[0m     "full_attention",
[36m(WorkerDict pid=18465)[0m     "full_attention",
[36m(WorkerDict pid=18465)[0m     "full_attention",
[36m(WorkerDict pid=18465)[0m     "full_attention",
[36m(WorkerDict pid=18465)[0m     "full_attention",
[36m(WorkerDict pid=18465)[0m     "full_attention",
[36m(WorkerDict pid=18465)[0m     "full_attention",
[36m(WorkerDict pid=18465)[0m     "full_attention",
[36m(WorkerDict pid=18465)[0m     "full_attention",
[36m(WorkerDict pid=18465)[0m     "full_attention",
[36m(WorkerDict pid=18465)[0m     "full_attention",
[36m(WorkerDict pid=18465)[0m     "full_attention",
[36m(WorkerDict pid=18465)[0m     "full_attention",
[36m(WorkerDict pid=18465)[0m     "full_attention",
[36m(WorkerDict pid=18465)[0m     "full_attention",
[36m(WorkerDict pid=18465)[0m     "full_attention",
[36m(WorkerDict pid=18465)[0m     "full_attention",
[36m(WorkerDict pid=18465)[0m     "full_attention",
[36m(WorkerDict pid=18465)[0m     "full_attention",
[36m(WorkerDict pid=18465)[0m     "full_attention"
[36m(WorkerDict pid=18465)[0m   ],
[36m(WorkerDict pid=18465)[0m   "max_position_embeddings": 32768,
[36m(WorkerDict pid=18465)[0m   "max_window_layers": 70,
[36m(WorkerDict pid=18465)[0m   "model_type": "qwen2",
[36m(WorkerDict pid=18465)[0m   "num_attention_heads": 16,
[36m(WorkerDict pid=18465)[0m   "num_hidden_layers": 36,
[36m(WorkerDict pid=18465)[0m   "num_key_value_heads": 2,
[36m(WorkerDict pid=18465)[0m   "pad_token_id": 151643,
[36m(WorkerDict pid=18465)[0m   "rms_norm_eps": 1e-06,
[36m(WorkerDict pid=18465)[0m   "rope_parameters": {
[36m(WorkerDict pid=18465)[0m     "rope_theta": 1000000.0,
[36m(WorkerDict pid=18465)[0m     "rope_type": "default"
[36m(WorkerDict pid=18465)[0m   },
[36m(WorkerDict pid=18465)[0m   "sliding_window": null,
[36m(WorkerDict pid=18465)[0m   "tie_word_embeddings": true,
[36m(WorkerDict pid=18465)[0m   "transformers_version": "5.9.0",
[36m(WorkerDict pid=18465)[0m   "use_cache": true,
[36m(WorkerDict pid=18465)[0m   "use_sliding_window": false,
[36m(WorkerDict pid=18465)[0m   "vocab_size": 151936
[36m(WorkerDict pid=18465)[0m }
[36m(WorkerDict pid=18465)[0m 
[36m(WorkerDict pid=18465)[0m trainable params: 29,491,200 || all params: 3,115,429,888 || trainable%: 0.9466
[36m(WorkerDict pid=18465)[0m [LoRA] Injected LoRA adapters: rank=64, alpha=16
[36m(WorkerDict pid=18465)[0m PeftModelForCausalLM contains 3.12B parameters
[36m(WorkerDict pid=18465)[0m wrap_policy: functools.partial(<function _or_policy at 0x7f1f011731a0>, policies=[functools.partial(<function lambda_auto_wrap_policy at 0x7f1f01172b60>, lambda_fn=<function get_fsdp_wrap_policy.<locals>.lambda_policy_fn at 0x7f1c1f546ca0>), functools.partial(<function transformer_auto_wrap_policy at 0x7f1f01173060>, transformer_layer_cls={<class 'transformers.models.qwen2.modeling_qwen2.Qwen2DecoderLayer'>})])
[36m(WorkerDict pid=18465)[0m Total steps: 30, num_warmup_steps: 0
[36m(WorkerDict pid=18465)[0m Actor use_remove_padding=True
[36m(WorkerDict pid=18465)[0m Before building vllm rollout, memory allocated (GB): 11.676271915435791, memory reserved (GB): 12.408203125
[36m(WorkerDict pid=18465)[0m INFO 05-25 16:11:58 [utils.py:240] non-default args: {'dtype': 'bfloat16', 'max_model_len': 1024, 'distributed_executor_backend': 'external_launcher', 'enable_prefix_caching': True, 'gpu_memory_utilization': 0.3, 'max_num_batched_tokens': 2048, 'disable_log_stats': True, 'enforce_eager': True, 'disable_custom_all_reduce': True, 'enable_chunked_prefill': True, 'enable_sleep_mode': True, 'model': '/root/autodl-tmp/models/Qwen/Qwen2.5-3B-Instruct'}
[36m(WorkerDict pid=18465)[0m INFO 05-25 16:11:58 [model.py:568] Resolved architecture: Qwen2ForCausalLM
[36m(WorkerDict pid=18465)[0m INFO 05-25 16:11:58 [model.py:1697] Using max model len 1024
[36m(WorkerDict pid=18465)[0m Loading safetensors checkpoint shards:   0% Completed | 0/2 [00:00<?, ?it/s]
[36m(WorkerDict pid=18465)[0m Loading safetensors checkpoint shards:  50% Completed | 1/2 [00:00<00:00,  1.36it/s]
[36m(WorkerDict pid=18465)[0m Loading safetensors checkpoint shards: 100% Completed | 2/2 [00:01<00:00,  1.67it/s]
[36m(WorkerDict pid=18465)[0m Loading safetensors checkpoint shards: 100% Completed | 2/2 [00:01<00:00,  1.61it/s]
[36m(WorkerDict pid=18465)[0m 
[36m(WorkerDict pid=18465)[0m /root/DeepResearcher/verl/workers/sharding_manager/fsdp_vllm.py:52: FutureWarning: FSDP.state_dict_type() and FSDP.set_state_dict_type() are being deprecated. Please use APIs, get_state_dict() and set_state_dict(), which can support different parallelisms, FSDP1, FSDP2, DDP. API doc: https://pytorch.org/docs/stable/distributed.checkpoint.html#torch.distributed.checkpoint.state_dict.get_state_dict .Tutorial: https://pytorch.org/tutorials/recipes/distributed_checkpoint_recipe.html .
[36m(WorkerDict pid=18465)[0m   FSDP.set_state_dict_type(self.module,
[36m(WorkerDict pid=18465)[0m INFO 05-25 16:11:58 [arg_utils.py:1739] Using ray runtime env (env vars redacted): {'env_vars': {'NCCL_DEBUG': '***', 'RANK': '***', 'RAY_LOCAL_RANK': '***', 'RAY_LOCAL_WORLD_SIZE': '***', 'TOKENIZERS_PARALLELISM': '***', 'WG_BACKEND': '***', 'WG_PREFIX': '***', 'WORLD_SIZE': '***'}}
[36m(WorkerDict pid=18465)[0m INFO 05-25 16:11:58 [parallel.py:769] Using external launcher for distributed inference.
[36m(WorkerDict pid=18465)[0m INFO 05-25 16:11:58 [parallel.py:829] Disabling V1 multiprocessing for external launcher.
[36m(WorkerDict pid=18465)[0m INFO 05-25 16:11:58 [scheduler.py:239] Chunked prefill is enabled with max_num_batched_tokens=2048.
[36m(WorkerDict pid=18465)[0m INFO 05-25 16:11:58 [vllm.py:886] Asynchronous scheduling is enabled.
[36m(WorkerDict pid=18465)[0m WARNING 05-25 16:11:58 [vllm.py:942] Enforce eager set, disabling torch.compile and CUDAGraphs. This is equivalent to setting -cc.mode=none -cc.cudagraph_mode=none
[36m(WorkerDict pid=18465)[0m WARNING 05-25 16:11:58 [vllm.py:960] Inductor compilation was disabled by user settings, optimizations settings that are only active during inductor compilation will be ignored.
[36m(WorkerDict pid=18465)[0m INFO 05-25 16:11:58 [kernel.py:212] Final IR op priority after setting platform defaults: IrOpPriorityConfig(rms_norm=['vllm_c', 'native'], fused_add_rms_norm=['vllm_c', 'native'])
[36m(WorkerDict pid=18465)[0m INFO 05-25 16:11:58 [vllm.py:1135] Cudagraph is disabled under eager mode
[36m(WorkerDict pid=18465)[0m INFO 05-25 16:11:58 [compilation.py:303] Enabled custom fusions: norm_quant, act_quant
[36m(WorkerDict pid=18465)[0m INFO 05-25 16:11:59 [core.py:109] Initializing a V1 LLM engine (v0.21.0) with config: model='/root/autodl-tmp/models/Qwen/Qwen2.5-3B-Instruct', speculative_config=None, tokenizer='/root/autodl-tmp/models/Qwen/Qwen2.5-3B-Instruct', skip_tokenizer_init=False, tokenizer_mode=auto, revision=None, tokenizer_revision=None, trust_remote_code=False, dtype=torch.bfloat16, max_seq_len=1024, download_dir=None, load_format=auto, tensor_parallel_size=1, pipeline_parallel_size=1, data_parallel_size=1, decode_context_parallel_size=1, dcp_comm_backend=ag_rs, disable_custom_all_reduce=True, quantization=None, quantization_config=None, enforce_eager=True, enable_return_routed_experts=False, kv_cache_dtype=auto, device_config=cuda, structured_outputs_config=StructuredOutputsConfig(backend='auto', disable_any_whitespace=False, disable_additional_properties=False, reasoning_parser='', reasoning_parser_plugin='', enable_in_reasoning=False), observability_config=ObservabilityConfig(show_hidden_metrics_for_version=None, otlp_traces_endpoint=None, collect_detailed_traces=None, kv_cache_metrics=False, kv_cache_metrics_sample=0.01, cudagraph_metrics=False, enable_layerwise_nvtx_tracing=False, enable_mfu_metrics=False, enable_mm_processor_stats=False, enable_logging_iteration_details=False), seed=0, served_model_name=/root/autodl-tmp/models/Qwen/Qwen2.5-3B-Instruct, enable_prefix_caching=True, enable_chunked_prefill=True, pooler_config=None, compilation_config={'mode': <CompilationMode.NONE: 0>, 'debug_dump_path': None, 'cache_dir': '', 'compile_cache_save_format': 'binary', 'backend': 'inductor', 'custom_ops': ['all'], 'ir_enable_torch_wrap': False, 'splitting_ops': [], 'compile_mm_encoder': False, 'cudagraph_mm_encoder': False, 'encoder_cudagraph_token_budgets': [], 'encoder_cudagraph_max_vision_items_per_batch': 0, 'encoder_cudagraph_max_frames_per_batch': None, 'compile_sizes': [], 'compile_ranges_endpoints': [2048], 'inductor_compile_config': {'enable_auto_functionalized_v2': False, 'size_asserts': False, 'alignment_asserts': False, 'scalar_asserts': False, 'combo_kernels': True, 'benchmark_combo_kernel': True}, 'inductor_passes': {}, 'cudagraph_mode': <CUDAGraphMode.NONE: 0>, 'cudagraph_num_of_warmups': 0, 'cudagraph_capture_sizes': [], 'cudagraph_copy_inputs': False, 'cudagraph_specialize_lora': True, 'use_inductor_graph_partition': False, 'pass_config': {'fuse_norm_quant': True, 'fuse_act_quant': True, 'fuse_attn_quant': False, 'enable_sp': False, 'fuse_gemm_comms': False, 'fuse_allreduce_rms': False, 'fuse_act_padding': False}, 'max_cudagraph_capture_size': 0, 'dynamic_shapes_config': {'type': <DynamicShapesType.BACKED: 'backed'>, 'evaluate_guards': False, 'assume_32_bit_indexing': False}, 'local_cache_dir': None, 'fast_moe_cold_start': False, 'static_all_moe_layers': []}, kernel_config=KernelConfig(ir_op_priority=IrOpPriorityConfig(rms_norm=['vllm_c', 'native'], fused_add_rms_norm=['vllm_c', 'native']), enable_flashinfer_autotune=False, moe_backend='auto')
[36m(WorkerDict pid=18465)[0m INFO 05-25 16:12:00 [parallel_state.py:1723] rank 0 in world size 1 is assigned as DP rank 0, PP rank 0, PCP rank 0, TP rank 0, EP rank N/A, EPLB rank N/A
[36m(WorkerDict pid=18465)[0m INFO 05-25 16:12:00 [topk_topp_sampler.py:45] Using FlashInfer for top-p & top-k sampling.
[36m(WorkerDict pid=18465)[0m INFO 05-25 16:12:00 [gpu_model_runner.py:4857] Starting to load model /root/autodl-tmp/models/Qwen/Qwen2.5-3B-Instruct...
[36m(WorkerDict pid=18465)[0m INFO 05-25 16:12:01 [cuda.py:372] Using FLASH_ATTN attention backend out of potential backends: ['FLASH_ATTN', 'FLASHINFER', 'TRITON_ATTN', 'FLEX_ATTENTION'].
[36m(WorkerDict pid=18465)[0m INFO 05-25 16:12:01 [flash_attn.py:641] Using FlashAttention version 2
[36m(WorkerDict pid=18465)[0m INFO 05-25 16:12:01 [weight_utils.py:938] Filesystem type for checkpoints: XFS. Checkpoint size: 5.75 GiB. Available RAM: 831.82 GiB.
[36m(WorkerDict pid=18465)[0m INFO 05-25 16:12:01 [weight_utils.py:961] Auto-prefetch is disabled because the filesystem (XFS) is not a recognized network FS (NFS/Lustre). If you want to force prefetching, start vLLM with --safetensors-load-strategy=prefetch.
[36m(WorkerDict pid=18465)[0m INFO 05-25 16:12:02 [default_loader.py:397] Loading weights took 1.31 seconds
[36m(WorkerDict pid=18465)[0m INFO 05-25 16:12:03 [gpu_model_runner.py:4959] Model loading took 5.79 GiB memory and 1.482544 seconds
[36m(WorkerDict pid=18465)[0m INFO 05-25 16:12:04 [gpu_worker.py:462] Available KV cache memory: 20.52 GiB
[36m(WorkerDict pid=18465)[0m INFO 05-25 16:12:04 [kv_cache_utils.py:1710] GPU KV cache size: 597,632 tokens
[36m(WorkerDict pid=18465)[0m INFO 05-25 16:12:04 [kv_cache_utils.py:1711] Maximum concurrency for 1,024 tokens per request: 583.62x
[36m(WorkerDict pid=18465)[0m INFO 05-25 16:12:04 [kernel_warmup.py:44] Skipping FlashInfer autotune because it is disabled.
[36m(WorkerDict pid=18465)[0m INFO 05-25 16:12:04 [jit_monitor.py:54] Kernel JIT monitor activated — Triton JIT compilations during inference will be logged as warnings.
[36m(WorkerDict pid=18465)[0m INFO 05-25 16:12:04 [core.py:306] init engine (profile, create kv cache, warmup model) took 1.58 s
[36m(WorkerDict pid=18465)[0m INFO 05-25 16:12:05 [block_pool.py:471] Successfully reset prefix cache
[36m(WorkerDict pid=18465)[0m INFO 05-25 16:12:07 [cumem.py:209] CuMemAllocator: sleep freed 26.41 GiB memory in total, of which 5.88 GiB is backed up in CPU and the rest 20.53 GiB is discarded directly.
[36m(WorkerDict pid=18465)[0m INFO 05-25 16:12:07 [gpu_worker.py:178] Sleep mode freed 28.13 GiB memory, 13.52 GiB memory is still in use.
[36m(WorkerDict pid=18465)[0m INFO 05-25 16:12:07 [abstract.py:331] It took 2.657106 seconds to fall asleep.
[36m(WorkerDict pid=18465)[0m kwargs: {'n': 1, 'logprobs': 0, 'max_tokens': 512, 'detokenize': False, 'temperature': 1.0, 'top_k': -1, 'top_p': 1, 'ignore_eos': False}
[36m(WorkerDict pid=18465)[0m After building vllm rollout, memory allocated (GB): 38.12354898452759, memory reserved (GB): 38.73046875
[36m(WorkerDict pid=18465)[0m After building sharding manager, memory allocated (GB): 38.12354898452759, memory reserved (GB): 38.73046875
[36m(main_task pid=18337)[0m swanlab: Tracking run with swanlab version 0.7.19
[36m(main_task pid=18337)[0m swanlab: Run data will be saved locally in 
[36m(main_task pid=18337)[0m /root/DeepResearcher/swanlog/run-20260525_161209-v6bng5vowc6qabcfdtjfh
[36m(WorkerDict pid=18465)[0m /root/miniconda3/lib/python3.12/site-packages/torch/utils/_contextlib.py:124: UserWarning: When using ``NO_SHARD`` for ``ShardingStrategy``, full_state_dict will be returned.
[36m(WorkerDict pid=18465)[0m   return func(*args, **kwargs)
[36m(main_task pid=18337)[0m swanlab: 👋 Hi Fyrgo,welcome to swanlab!
[36m(main_task pid=18337)[0m swanlab: Syncing run exp03_lora_rank64_alpha16 to the cloud
[36m(main_task pid=18337)[0m swanlab: 🏠 View project at https://swanlab.cn/@Fyrgo/verl_examples
[36m(main_task pid=18337)[0m swanlab: 🚀 View run at 
[36m(main_task pid=18337)[0m https://swanlab.cn/@Fyrgo/verl_examples/runs/v6bng5vowc6qabcfdtjfh
[36m(main_task pid=18337)[0m Using LocalLogger is deprecated. The constructor API will change 
[36m(main_task pid=18337)[0m Checkpoint tracker file does not exist: %s /root/DeepResearcher/./ckpts/verl_examples/exp03_lora_rank64_alpha16/latest_checkpointed_iteration.txt
[36m(main_task pid=18337)[0m Training from scratch
[36m(main_task pid=18337)[0m node 0 in fit function!
[36m(main_task pid=18337)[0m node 0 gains 512 datas!
[36m(main_task pid=18337)[0m node 0 step 0 start!
[36m(main_task pid=18337)[0m rollout_step_1_round_0.json 写入完成
[36m(main_task pid=18337)[0m node 0, turn 0 rollings_active is 1024 datas
[36m(WorkerDict pid=18465)[0m INFO 05-25 16:12:11 [abstract.py:349] It took 0.186863 seconds to wake up tags {'weights', 'kv_cache'}.
[36m(WorkerDict pid=18465)[0m WARNING 05-25 16:12:11 [jit_monitor.py:103] Triton kernel JIT compilation during inference: _compute_slot_mapping_kernel. This causes a latency spike; consider extending warmup to cover this shape/config.
[36m(WorkerDict pid=18465)[0m INFO 05-25 16:12:20 [block_pool.py:471] Successfully reset prefix cache
[36m(WorkerDict pid=18465)[0m INFO 05-25 16:12:21 [cumem.py:209] CuMemAllocator: sleep freed 26.41 GiB memory in total, of which 5.88 GiB is backed up in CPU and the rest 20.53 GiB is discarded directly.
[36m(WorkerDict pid=18465)[0m INFO 05-25 16:12:21 [gpu_worker.py:178] Sleep mode freed 39.92 GiB memory, 13.56 GiB memory is still in use.
[36m(WorkerDict pid=18465)[0m INFO 05-25 16:12:21 [abstract.py:331] It took 0.227162 seconds to fall asleep.
[36m(main_task pid=18337)[0m node 0, turn 0 gen_output 1024 datas
[36m(main_task pid=18337)[0m model tool call format error: Expecting value: line 2 column 1 (char 1)
[36m(main_task pid=18337)[0m model tool call format error: Expecting value: line 2 column 2 (char 2)
[36m(main_task pid=18337)[0m model tool call format error: Expecting value: line 2 column 1 (char 1)
[36m(main_task pid=18337)[0m model tool call format error: no valid query in tool_call
[36m(main_task pid=18337)[0m model tool call format error: no valid query in tool_call
[36m(main_task pid=18337)[0m model tool call format error: Expecting value: line 2 column 1 (char 1)
[36m(main_task pid=18337)[0m model tool call format error: Expecting value: line 2 column 1 (char 1)
[36m(main_task pid=18337)[0m model tool call format error: Expecting value: line 2 column 1 (char 1)
[36m(main_task pid=18337)[0m model tool call format error: Expecting value: line 2 column 1 (char 1)
[36m(main_task pid=18337)[0m model tool call format error: no valid query in tool_call
[36m(main_task pid=18337)[0m model tool call format error: Expecting value: line 2 column 1 (char 1)
[36m(main_task pid=18337)[0m model tool call format error: Expecting value: line 2 column 1 (char 1)
[36m(main_task pid=18337)[0m model tool call format error: Expecting ',' delimiter: line 2 column 115 (char 115)
[36m(main_task pid=18337)[0m model tool call format error: Expecting value: line 2 column 1 (char 1)
[36m(main_task pid=18337)[0m model tool call format error: Expecting value: line 2 column 2 (char 2)
[36m(main_task pid=18337)[0m model tool call format error: Expecting value: line 2 column 1 (char 1)
[36m(main_task pid=18337)[0m model tool call format error: Expecting value: line 2 column 2 (char 2)
[36m(main_task pid=18337)[0m model tool call format error: Expecting value: line 2 column 2 (char 2)
[36m(main_task pid=18337)[0m model tool call format error: Expecting value: line 2 column 1 (char 1)
[36m(main_task pid=18337)[0m model tool call format error: Expecting value: line 2 column 2 (char 2)
[36m(main_task pid=18337)[0m model tool call format error: Expecting value: line 2 column 1 (char 1)
[36m(main_task pid=18337)[0m model tool call format error: Expecting value: line 2 column 1 (char 1)
[36m(main_task pid=18337)[0m model tool call format error: Expecting value: line 2 column 2 (char 2)
[36m(main_task pid=18337)[0m model tool call format error: Expecting value: line 2 column 1 (char 1)
[36m(main_task pid=18337)[0m model tool call format error: Expecting value: line 2 column 2 (char 2)
[36m(main_task pid=18337)[0m model tool call format error: Expecting value: line 2 column 2 (char 2)
[36m(main_task pid=18337)[0m model tool call format error: Expecting value: line 2 column 1 (char 1)
[36m(main_task pid=18337)[0m model tool call format error: Expecting ',' delimiter: line 2 column 196 (char 196)
[36m(main_task pid=18337)[0m model tool call format error: Expecting value: line 2 column 1 (char 1)
[36m(main_task pid=18337)[0m model tool call format error: Expecting value: line 2 column 1 (char 1)
[36m(main_task pid=18337)[0m model tool call format error: Expecting value: line 2 column 1 (char 1)
[36m(main_task pid=18337)[0m model tool call format error: Expecting value: line 2 column 1 (char 1)
[36m(main_task pid=18337)[0m model tool call format error: Expecting ',' delimiter: line 2 column 301 (char 301)
[36m(main_task pid=18337)[0m model tool call format error: Expecting value: line 2 column 1 (char 1)
[36m(main_task pid=18337)[0m model tool call format error: Expecting value: line 2 column 1 (char 1)
[36m(main_task pid=18337)[0m model tool call format error: Expecting ',' delimiter: line 2 column 105 (char 105)
[36m(main_task pid=18337)[0m model tool call format error: Expecting value: line 2 column 1 (char 1)
[36m(main_task pid=18337)[0m model tool call format error: Expecting ',' delimiter: line 2 column 72 (char 72)
[36m(main_task pid=18337)[0m model tool call format error: Expecting value: line 2 column 2 (char 2)
[36m(main_task pid=18337)[0m model tool call format error: Expecting value: line 2 column 2 (char 2)
[36m(main_task pid=18337)[0m model tool call format error: Expecting value: line 2 column 1 (char 1)
[36m(main_task pid=18337)[0m model tool call format error: Expecting ',' delimiter: line 2 column 253 (char 253)
[36m(main_task pid=18337)[0m model tool call format error: Expecting value: line 2 column 1 (char 1)
[36m(main_task pid=18337)[0m model tool call format error: Expecting value: line 2 column 1 (char 1)
[36m(main_task pid=18337)[0m model tool call format error: Expecting value: line 2 column 1 (char 1)
[36m(main_task pid=18337)[0m model tool call format error: Expecting value: line 2 column 1 (char 1)
[36m(main_task pid=18337)[0m model tool call format error: Expecting value: line 2 column 1 (char 1)
[36m(main_task pid=18337)[0m model tool call format error: Expecting value: line 2 column 1 (char 1)
[36m(main_task pid=18337)[0m model tool call format error: Expecting value: line 2 column 2 (char 2)
[36m(main_task pid=18337)[0m model tool call format error: Expecting ',' delimiter: line 2 column 137 (char 137)
[36m(main_task pid=18337)[0m model tool call format error: Expecting value: line 2 column 1 (char 1)
[36m(main_task pid=18337)[0m model tool call format error: Expecting value: line 2 column 2 (char 2)
[36m(main_task pid=18337)[0m model tool call format error: Expecting value: line 2 column 2 (char 2)
[36m(main_task pid=18337)[0m model tool call format error: Expecting value: line 2 column 1 (char 1)
[36m(main_task pid=18337)[0m model tool call format error: Expecting value: line 2 column 2 (char 2)
[36m(main_task pid=18337)[0m model tool call format error: Expecting value: line 2 column 1 (char 1)
[36m(main_task pid=18337)[0m model tool call format error: Expecting value: line 2 column 1 (char 1)
[36m(main_task pid=18337)[0m model tool call format error: Expecting value: line 2 column 1 (char 1)
[36m(main_task pid=18337)[0m model tool call format error: Expecting value: line 2 column 1 (char 1)
2026-05-25 16:12:31,699	WARNING utils.py:461 -- Detecting docker specified CPUs. In previous versions of Ray, CPU detection in containers was incorrect. Please ensure that Ray has enough CPUs allocated. As a temporary workaround to revert to the prior behavior, set `RAY_USE_MULTIPROCESSING_CPU_COUNT=1` as an env var before starting Ray. Set the env var: `RAY_DISABLE_DOCKER_CPU_WARNING=1` to mute this warning.
2026-05-25 16:12:34,936	INFO worker.py:2012 -- Started a local Ray instance.
/root/miniconda3/lib/python3.12/site-packages/ray/_private/worker.py:2051: FutureWarning: Tip: In future versions of Ray, Ray will no longer override accelerator visible devices env var if num_gpus=0 or num_gpus=None (default). To enable this behavior and turn off this error message, set RAY_ACCEL_ENV_VAR_OVERRIDE_ON_ZERO=0
  warnings.warn(
[36m(main_task pid=21657)[0m {'actor_rollout_ref': {'actor': {'clip_ratio': 0.2,
[36m(main_task pid=21657)[0m                                  'entropy_coeff': 0.001,
[36m(main_task pid=21657)[0m                                  'fsdp_config': {'fsdp_size': -1,
[36m(main_task pid=21657)[0m                                                  'model_dtype': 'bf16',
[36m(main_task pid=21657)[0m                                                  'optimizer_offload': False,
[36m(main_task pid=21657)[0m                                                  'param_offload': False,
[36m(main_task pid=21657)[0m                                                  'wrap_policy': {'min_num_params': 0}},
[36m(main_task pid=21657)[0m                                  'grad_clip': 1.0,
[36m(main_task pid=21657)[0m                                  'kl_loss_coef': 0.001,
[36m(main_task pid=21657)[0m                                  'kl_loss_type': 'low_var_kl',
[36m(main_task pid=21657)[0m                                  'optim': {'lr': 1e-06,
[36m(main_task pid=21657)[0m                                            'lr_warmup_steps_ratio': 0.0,
[36m(main_task pid=21657)[0m                                            'min_lr_ratio': None,
[36m(main_task pid=21657)[0m                                            'total_training_steps': -1,
[36m(main_task pid=21657)[0m                                            'warmup_style': 'constant'},
[36m(main_task pid=21657)[0m                                  'ppo_epochs': 1,
[36m(main_task pid=21657)[0m                                  'ppo_max_token_len_per_gpu': 8192,
[36m(main_task pid=21657)[0m                                  'ppo_micro_batch_size': None,
[36m(main_task pid=21657)[0m                                  'ppo_micro_batch_size_per_gpu': None,
[36m(main_task pid=21657)[0m                                  'ppo_mini_batch_size': 256,
[36m(main_task pid=21657)[0m                                  'shuffle': False,
[36m(main_task pid=21657)[0m                                  'strategy': 'fsdp',
[36m(main_task pid=21657)[0m                                  'ulysses_sequence_parallel_size': 1,
[36m(main_task pid=21657)[0m                                  'use_dynamic_bsz': True,
[36m(main_task pid=21657)[0m                                  'use_kl_loss': True},
[36m(main_task pid=21657)[0m                        'hybrid_engine': True,
[36m(main_task pid=21657)[0m                        'model': {'enable_gradient_checkpointing': True,
[36m(main_task pid=21657)[0m                                  'external_lib': None,
[36m(main_task pid=21657)[0m                                  'lora_alpha': 16,
[36m(main_task pid=21657)[0m                                  'lora_dropout': 0.0,
[36m(main_task pid=21657)[0m                                  'lora_rank': 64,
[36m(main_task pid=21657)[0m                                  'override_config': {},
[36m(main_task pid=21657)[0m                                  'path': '/root/autodl-tmp/models/Qwen/Qwen2.5-3B-Instruct',
[36m(main_task pid=21657)[0m                                  'use_lora': True,
[36m(main_task pid=21657)[0m                                  'use_remove_padding': True},
[36m(main_task pid=21657)[0m                        'ref': {'fsdp_config': {'param_offload': True,
[36m(main_task pid=21657)[0m                                                'wrap_policy': {'min_num_params': 0}},
[36m(main_task pid=21657)[0m                                'log_prob_max_token_len_per_gpu': 8192,
[36m(main_task pid=21657)[0m                                'log_prob_micro_batch_size': None,
[36m(main_task pid=21657)[0m                                'log_prob_micro_batch_size_per_gpu': None,
[36m(main_task pid=21657)[0m                                'log_prob_use_dynamic_bsz': True,
[36m(main_task pid=21657)[0m                                'ulysses_sequence_parallel_size': 1},
[36m(main_task pid=21657)[0m                        'rollout': {'disable_log_stats': True,
[36m(main_task pid=21657)[0m                                    'do_sample': True,
[36m(main_task pid=21657)[0m                                    'dtype': 'bfloat16',
[36m(main_task pid=21657)[0m                                    'enable_chunked_prefill': True,
[36m(main_task pid=21657)[0m                                    'enforce_eager': True,
[36m(main_task pid=21657)[0m                                    'free_cache_engine': True,
[36m(main_task pid=21657)[0m                                    'gpu_memory_utilization': 0.3,
[36m(main_task pid=21657)[0m                                    'ignore_eos': False,
[36m(main_task pid=21657)[0m                                    'load_format': 'dummy_dtensor',
[36m(main_task pid=21657)[0m                                    'log_prob_max_token_len_per_gpu': 8192,
[36m(main_task pid=21657)[0m                                    'log_prob_micro_batch_size': None,
[36m(main_task pid=21657)[0m                                    'log_prob_micro_batch_size_per_gpu': None,
[36m(main_task pid=21657)[0m                                    'log_prob_use_dynamic_bsz': True,
[36m(main_task pid=21657)[0m                                    'max_model_len': 2048,
[36m(main_task pid=21657)[0m                                    'max_num_batched_tokens': 2048,
[36m(main_task pid=21657)[0m                                    'max_num_seqs': 1024,
[36m(main_task pid=21657)[0m                                    'n': 1,
[36m(main_task pid=21657)[0m                                    'name': 'vllm',
[36m(main_task pid=21657)[0m                                    'prompt_length': 512,
[36m(main_task pid=21657)[0m                                    'response_length': 512,
[36m(main_task pid=21657)[0m                                    'temperature': 1.0,
[36m(main_task pid=21657)[0m                                    'tensor_model_parallel_size': 1,
[36m(main_task pid=21657)[0m                                    'top_k': -1,
[36m(main_task pid=21657)[0m                                    'top_p': 1,
[36m(main_task pid=21657)[0m                                    'use_fire_sampling': False}},
[36m(main_task pid=21657)[0m  'agent_grpo': {'n': 2},
[36m(main_task pid=21657)[0m  'algorithm': {'adv_estimator': 'drgrpo',
[36m(main_task pid=21657)[0m                'entropy_bonus_coef': 0.0,
[36m(main_task pid=21657)[0m                'gamma': 1.0,
[36m(main_task pid=21657)[0m                'kl_ctrl': {'kl_coef': 0.001, 'type': 'fixed'},
[36m(main_task pid=21657)[0m                'kl_penalty': 'kl',
[36m(main_task pid=21657)[0m                'lam': 1.0},
[36m(main_task pid=21657)[0m  'critic': {'cliprange_value': 0.5,
[36m(main_task pid=21657)[0m             'forward_max_token_len_per_gpu': 32768,
[36m(main_task pid=21657)[0m             'forward_micro_batch_size': None,
[36m(main_task pid=21657)[0m             'forward_micro_batch_size_per_gpu': None,
[36m(main_task pid=21657)[0m             'grad_clip': 1.0,
[36m(main_task pid=21657)[0m             'model': {'enable_gradient_checkpointing': True,
[36m(main_task pid=21657)[0m                       'external_lib': None,
[36m(main_task pid=21657)[0m                       'fsdp_config': {'fsdp_size': -1,
[36m(main_task pid=21657)[0m                                       'optimizer_offload': False,
[36m(main_task pid=21657)[0m                                       'param_offload': False,
[36m(main_task pid=21657)[0m                                       'wrap_policy': {'min_num_params': 0}},
[36m(main_task pid=21657)[0m                       'override_config': {},
[36m(main_task pid=21657)[0m                       'path': '/root/autodl-tmp/models/Qwen/Qwen2.5-3B-Instruct',
[36m(main_task pid=21657)[0m                       'tokenizer_path': '/root/autodl-tmp/models/Qwen/Qwen2.5-3B-Instruct',
[36m(main_task pid=21657)[0m                       'use_remove_padding': True},
[36m(main_task pid=21657)[0m             'optim': {'lr': 1e-05,
[36m(main_task pid=21657)[0m W0525 16:12:44.278000 21657 site-packages/torch/utils/cpp_extension.py:140] No CUDA runtime is found, using CUDA_HOME='/usr/local/cuda'
[36m(main_task pid=21657)[0m                       'lr_warmup_steps_ratio': 0.0,
[36m(main_task pid=21657)[0m                       'min_lr_ratio': None,
[36m(main_task pid=21657)[0m                       'total_training_steps': -1,
[36m(main_task pid=21657)[0m                       'warmup_style': 'constant'},
[36m(main_task pid=21657)[0m             'ppo_epochs': 1,
[36m(main_task pid=21657)[0m             'ppo_max_token_len_per_gpu': 32768,
[36m(main_task pid=21657)[0m             'ppo_micro_batch_size': None,
[36m(main_task pid=21657)[0m             'ppo_micro_batch_size_per_gpu': None,
[36m(main_task pid=21657)[0m             'ppo_mini_batch_size': 256,
[36m(main_task pid=21657)[0m             'shuffle': False,
[36m(main_task pid=21657)[0m             'strategy': 'fsdp',
[36m(main_task pid=21657)[0m             'ulysses_sequence_parallel_size': 1,
[36m(main_task pid=21657)[0m             'use_dynamic_bsz': True},
[36m(main_task pid=21657)[0m  'data': {'data_writing_file': './signal/data.json',
[36m(main_task pid=21657)[0m           'image_key': 'images',
[36m(main_task pid=21657)[0m           'max_prompt_length': 512,
[36m(main_task pid=21657)[0m           'max_response_length': 512,
[36m(main_task pid=21657)[0m           'n_gpus_per_node': 8,
[36m(main_task pid=21657)[0m           'num_workers': 0,
[36m(main_task pid=21657)[0m           'prompt_key': 'prompt',
[36m(main_task pid=21657)[0m           'query_signal': 1,
[36m(main_task pid=21657)[0m           'response_signal': 0,
[36m(main_task pid=21657)[0m           'return_raw_chat': False,
[36m(main_task pid=21657)[0m           'return_raw_input_ids': False,
[36m(main_task pid=21657)[0m           'shuffle': True,
[36m(main_task pid=21657)[0m           'signal_writing_file': './signal/signal.json',
[36m(main_task pid=21657)[0m           'tokenizer': None,
[36m(main_task pid=21657)[0m           'train_batch_size': 512,
[36m(main_task pid=21657)[0m           'train_files': '/root/DeepResearcher/data/train.parquet',
[36m(main_task pid=21657)[0m           'val_batch_size': None,
[36m(main_task pid=21657)[0m           'val_files': '~/data/rlhf/gsm8k/test.parquet'},
[36m(main_task pid=21657)[0m  'do_search': True,
[36m(main_task pid=21657)[0m  'max_turns': 6,
[36m(main_task pid=21657)[0m  'reward_model': {'curriculum_bonus_coef': 0.05,
[36m(main_task pid=21657)[0m                   'curriculum_end_turn': 5,
[36m(main_task pid=21657)[0m                   'curriculum_start_turn': 2,
[36m(main_task pid=21657)[0m                   'early_stop_penalty_coef': 0.05,
[36m(main_task pid=21657)[0m                   'enable': False,
[36m(main_task pid=21657)[0m                   'forward_max_token_len_per_gpu': 32768,
[36m(main_task pid=21657)[0m                   'max_length': None,
[36m(main_task pid=21657)[0m                   'micro_batch_size': None,
[36m(main_task pid=21657)[0m                   'micro_batch_size_per_gpu': None,
[36m(main_task pid=21657)[0m                   'model': {'external_lib': None,
[36m(main_task pid=21657)[0m                             'fsdp_config': {'fsdp_size': -1,
[36m(main_task pid=21657)[0m                                             'min_num_params': 0,
[36m(main_task pid=21657)[0m                                             'param_offload': False},
[36m(main_task pid=21657)[0m                             'input_tokenizer': '/root/autodl-tmp/models/Qwen/Qwen2.5-3B-Instruct',
[36m(main_task pid=21657)[0m                             'path': '~/models/FsfairX-LLaMA3-RM-v0.1',
[36m(main_task pid=21657)[0m                             'use_remove_padding': True},
[36m(main_task pid=21657)[0m                   'pbrs_gamma': 0.5,
[36m(main_task pid=21657)[0m                   'query_repetition_penalty_coef': 0.05,
[36m(main_task pid=21657)[0m                   'reward_manager': 'naive',
[36m(main_task pid=21657)[0m                   'strategy': 'fsdp',
[36m(main_task pid=21657)[0m                   'ulysses_sequence_parallel_size': 2,
[36m(main_task pid=21657)[0m                   'use_curriculum': False,
[36m(main_task pid=21657)[0m                   'use_dynamic_bsz': True,
[36m(main_task pid=21657)[0m                   'use_pbrs': False,
[36m(main_task pid=21657)[0m                   'use_query_monitoring': False},
[36m(main_task pid=21657)[0m  'search_engine': 'searxng',
[36m(main_task pid=21657)[0m  'trainer': {'critic_warmup': 0,
[36m(main_task pid=21657)[0m              'default_hdfs_dir': None,
[36m(main_task pid=21657)[0m              'default_local_dir': './ckpts/verl_examples/exp03_lora_rank64_alpha16',
[36m(main_task pid=21657)[0m              'del_local_ckpt_after_load': False,
[36m(main_task pid=21657)[0m              'experiment_name': 'exp03_lora_rank64_alpha16',
[36m(main_task pid=21657)[0m              'logger': ['console', 'swanlab'],
[36m(main_task pid=21657)[0m              'n_gpus_per_node': 1,
[36m(main_task pid=21657)[0m              'nnodes': 1,
[36m(main_task pid=21657)[0m              'project_name': 'verl_examples',
[36m(main_task pid=21657)[0m              'remove_previous_ckpt_in_save': False,
[36m(main_task pid=21657)[0m              'resume_from_path': False,
[36m(main_task pid=21657)[0m              'resume_mode': 'auto',
[36m(main_task pid=21657)[0m              'save_freq': 500,
[36m(main_task pid=21657)[0m              'test_freq': 100,
[36m(main_task pid=21657)[0m              'total_epochs': 30,
[36m(main_task pid=21657)[0m              'total_training_steps': 30,
[36m(main_task pid=21657)[0m              'val_before_train': False,
[36m(main_task pid=21657)[0m              'val_generations_to_log_to_wandb': 0}}
[36m(main_task pid=21657)[0m update signal file finish!
[36m(main_task pid=21657)[0m [validate_config] All configuration checks passed successfully!
[36m(main_task pid=21657)[0m original dataset len: 80000
[36m(main_task pid=21657)[0m filter dataset len: 80000
[36m(main_task pid=21657)[0m original dataset len: 3197
[36m(main_task pid=21657)[0m filter dataset len: 3197
[36m(main_task pid=21657)[0m Size of train dataloader: 156
[36m(main_task pid=21657)[0m Total training steps: 30
[36m(WorkerDict pid=21785)[0m Model config after override: Qwen2Config {
[36m(WorkerDict pid=21785)[0m   "architectures": [
[36m(WorkerDict pid=21785)[0m     "Qwen2ForCausalLM"
[36m(WorkerDict pid=21785)[0m   ],
[36m(WorkerDict pid=21785)[0m   "attention_dropout": 0.0,
[36m(WorkerDict pid=21785)[0m   "bos_token_id": null,
[36m(WorkerDict pid=21785)[0m   "dtype": "bfloat16",
[36m(WorkerDict pid=21785)[0m   "eos_token_id": 151645,
[36m(WorkerDict pid=21785)[0m   "hidden_act": "silu",
[36m(WorkerDict pid=21785)[0m   "hidden_size": 2048,
[36m(WorkerDict pid=21785)[0m   "initializer_range": 0.02,
[36m(WorkerDict pid=21785)[0m   "intermediate_size": 11008,
[36m(WorkerDict pid=21785)[0m   "layer_types": [
[36m(WorkerDict pid=21785)[0m     "full_attention",
[36m(WorkerDict pid=21785)[0m     "full_attention",
[36m(WorkerDict pid=21785)[0m     "full_attention",
[36m(WorkerDict pid=21785)[0m     "full_attention",
[36m(WorkerDict pid=21785)[0m     "full_attention",
[36m(WorkerDict pid=21785)[0m     "full_attention",
[36m(WorkerDict pid=21785)[0m     "full_attention",
[36m(WorkerDict pid=21785)[0m     "full_attention",
[36m(WorkerDict pid=21785)[0m     "full_attention",
[36m(WorkerDict pid=21785)[0m     "full_attention",
[36m(WorkerDict pid=21785)[0m     "full_attention",
[36m(WorkerDict pid=21785)[0m     "full_attention",
[36m(WorkerDict pid=21785)[0m     "full_attention",
[36m(WorkerDict pid=21785)[0m     "full_attention",
[36m(WorkerDict pid=21785)[0m     "full_attention",
[36m(WorkerDict pid=21785)[0m     "full_attention",
[36m(WorkerDict pid=21785)[0m     "full_attention",
[36m(WorkerDict pid=21785)[0m     "full_attention",
[36m(WorkerDict pid=21785)[0m     "full_attention",
[36m(WorkerDict pid=21785)[0m     "full_attention",
[36m(WorkerDict pid=21785)[0m     "full_attention",
[36m(WorkerDict pid=21785)[0m Loading weights:   0%|          | 0/434 [00:00<?, ?it/s]
[36m(WorkerDict pid=21785)[0m Loading weights: 100%|██████████| 434/434 [00:00<00:00, 9611.73it/s]
[36m(WorkerDict pid=21785)[0m /root/miniconda3/lib/python3.12/site-packages/torch/distributed/c10d_logger.py:83: UserWarning: barrier(): using the device under current context. You can specify `device_id` in `init_process_group` to mute this warning.
[36m(WorkerDict pid=21785)[0m   return func(*args, **kwargs)
[36m(WorkerDict pid=21785)[0m [rank0]:[W525 16:13:06.997725820 ProcessGroupNCCL.cpp:5188] Guessing device ID based on global rank. This can cause a hang if rank to GPU mapping is heterogeneous. You can specify device_id in init_process_group()
[36m(WorkerDict pid=21785)[0m /root/miniconda3/lib/python3.12/site-packages/torch/distributed/fsdp/fully_sharded_data_parallel.py:478: UserWarning: FSDP is switching to use `NO_SHARD` instead of ShardingStrategy.FULL_SHARD since the world size is 1.
[36m(WorkerDict pid=21785)[0m   _init_core_state(
[36m(WorkerDict pid=21785)[0m Loading weights:   0%|          | 0/434 [00:00<?, ?it/s]Loading weights: 100%|██████████| 434/434 [00:00<00:00, 10460.09it/s]
[36m(WorkerDict pid=21785)[0m /root/miniconda3/lib/python3.12/site-packages/torch/distributed/c10d_logger.py:83: UserWarning: barrier(): using the device under current context. You can specify `device_id` in `init_process_group` to mute this warning.
[36m(WorkerDict pid=21785)[0m   return func(*args, **kwargs)
[36m(WorkerDict pid=21785)[0m /root/miniconda3/lib/python3.12/site-packages/torch/distributed/fsdp/fully_sharded_data_parallel.py:478: UserWarning: FSDP is switching to use `NO_SHARD` instead of ShardingStrategy.FULL_SHARD since the world size is 1.
[36m(WorkerDict pid=21785)[0m   _init_core_state(
[36m(WorkerDict pid=21785)[0m     "full_attention",
[36m(WorkerDict pid=21785)[0m     "full_attention",
[36m(WorkerDict pid=21785)[0m     "full_attention",
[36m(WorkerDict pid=21785)[0m     "full_attention",
[36m(WorkerDict pid=21785)[0m     "full_attention",
[36m(WorkerDict pid=21785)[0m     "full_attention",
[36m(WorkerDict pid=21785)[0m     "full_attention",
[36m(WorkerDict pid=21785)[0m     "full_attention",
[36m(WorkerDict pid=21785)[0m     "full_attention",
[36m(WorkerDict pid=21785)[0m     "full_attention",
[36m(WorkerDict pid=21785)[0m     "full_attention",
[36m(WorkerDict pid=21785)[0m     "full_attention",
[36m(WorkerDict pid=21785)[0m     "full_attention",
[36m(WorkerDict pid=21785)[0m     "full_attention",
[36m(WorkerDict pid=21785)[0m     "full_attention"
[36m(WorkerDict pid=21785)[0m   ],
[36m(WorkerDict pid=21785)[0m   "max_position_embeddings": 32768,
[36m(WorkerDict pid=21785)[0m   "max_window_layers": 70,
[36m(WorkerDict pid=21785)[0m   "model_type": "qwen2",
[36m(WorkerDict pid=21785)[0m   "num_attention_heads": 16,
[36m(WorkerDict pid=21785)[0m   "num_hidden_layers": 36,
[36m(WorkerDict pid=21785)[0m   "num_key_value_heads": 2,
[36m(WorkerDict pid=21785)[0m   "pad_token_id": 151643,
[36m(WorkerDict pid=21785)[0m   "rms_norm_eps": 1e-06,
[36m(WorkerDict pid=21785)[0m   "rope_parameters": {
[36m(WorkerDict pid=21785)[0m     "rope_theta": 1000000.0,
[36m(WorkerDict pid=21785)[0m     "rope_type": "default"
[36m(WorkerDict pid=21785)[0m   },
[36m(WorkerDict pid=21785)[0m   "sliding_window": null,
[36m(WorkerDict pid=21785)[0m   "tie_word_embeddings": true,
[36m(WorkerDict pid=21785)[0m   "transformers_version": "5.9.0",
[36m(WorkerDict pid=21785)[0m   "use_cache": true,
[36m(WorkerDict pid=21785)[0m   "use_sliding_window": false,
[36m(WorkerDict pid=21785)[0m   "vocab_size": 151936
[36m(WorkerDict pid=21785)[0m }
[36m(WorkerDict pid=21785)[0m 
[36m(WorkerDict pid=21785)[0m Qwen2ForCausalLM contains 3.09B parameters
[36m(WorkerDict pid=21785)[0m wrap_policy: functools.partial(<function _or_policy at 0x7fac17cfb1a0>, policies=[functools.partial(<function transformer_auto_wrap_policy at 0x7fac17cfb060>, transformer_layer_cls={<class 'transformers.models.qwen2.modeling_qwen2.Qwen2DecoderLayer'>})])
[36m(WorkerDict pid=21785)[0m Actor use_remove_padding=True
[36m(WorkerDict pid=21785)[0m Model config after override: Qwen2Config {
[36m(WorkerDict pid=21785)[0m   "architectures": [
[36m(WorkerDict pid=21785)[0m     "Qwen2ForCausalLM"
[36m(WorkerDict pid=21785)[0m   ],
[36m(WorkerDict pid=21785)[0m   "attention_dropout": 0.0,
[36m(WorkerDict pid=21785)[0m   "bos_token_id": null,
[36m(WorkerDict pid=21785)[0m   "dtype": "bfloat16",
[36m(WorkerDict pid=21785)[0m   "eos_token_id": 151645,
[36m(WorkerDict pid=21785)[0m   "hidden_act": "silu",
[36m(WorkerDict pid=21785)[0m   "hidden_size": 2048,
[36m(WorkerDict pid=21785)[0m   "initializer_range": 0.02,
[36m(WorkerDict pid=21785)[0m   "intermediate_size": 11008,
[36m(WorkerDict pid=21785)[0m   "layer_types": [
[36m(WorkerDict pid=21785)[0m     "full_attention",
[36m(WorkerDict pid=21785)[0m     "full_attention",
[36m(WorkerDict pid=21785)[0m     "full_attention",
[36m(WorkerDict pid=21785)[0m     "full_attention",
[36m(WorkerDict pid=21785)[0m     "full_attention",
[36m(WorkerDict pid=21785)[0m     "full_attention",
[36m(WorkerDict pid=21785)[0m     "full_attention",
[36m(WorkerDict pid=21785)[0m     "full_attention",
[36m(WorkerDict pid=21785)[0m     "full_attention",
[36m(WorkerDict pid=21785)[0m     "full_attention",
[36m(WorkerDict pid=21785)[0m     "full_attention",
[36m(WorkerDict pid=21785)[0m     "full_attention",
[36m(WorkerDict pid=21785)[0m     "full_attention",
[36m(WorkerDict pid=21785)[0m     "full_attention",
[36m(WorkerDict pid=21785)[0m     "full_attention",
[36m(WorkerDict pid=21785)[0m     "full_attention",
[36m(WorkerDict pid=21785)[0m     "full_attention",
[36m(WorkerDict pid=21785)[0m     "full_attention",
[36m(WorkerDict pid=21785)[0m     "full_attention",
[36m(WorkerDict pid=21785)[0m     "full_attention",
[36m(WorkerDict pid=21785)[0m     "full_attention",
[36m(WorkerDict pid=21785)[0m     "full_attention",
[36m(WorkerDict pid=21785)[0m     "full_attention",
[36m(WorkerDict pid=21785)[0m     "full_attention",
[36m(WorkerDict pid=21785)[0m     "full_attention",
[36m(WorkerDict pid=21785)[0m     "full_attention",
[36m(WorkerDict pid=21785)[0m     "full_attention",
[36m(WorkerDict pid=21785)[0m     "full_attention",
[36m(WorkerDict pid=21785)[0m     "full_attention",
[36m(WorkerDict pid=21785)[0m     "full_attention",
[36m(WorkerDict pid=21785)[0m     "full_attention",
[36m(WorkerDict pid=21785)[0m     "full_attention",
[36m(WorkerDict pid=21785)[0m     "full_attention",
[36m(WorkerDict pid=21785)[0m     "full_attention",
[36m(WorkerDict pid=21785)[0m     "full_attention",
[36m(WorkerDict pid=21785)[0m     "full_attention"
[36m(WorkerDict pid=21785)[0m   ],
[36m(WorkerDict pid=21785)[0m   "max_position_embeddings": 32768,
[36m(WorkerDict pid=21785)[0m   "max_window_layers": 70,
[36m(WorkerDict pid=21785)[0m   "model_type": "qwen2",
[36m(WorkerDict pid=21785)[0m   "num_attention_heads": 16,
[36m(WorkerDict pid=21785)[0m   "num_hidden_layers": 36,
[36m(WorkerDict pid=21785)[0m   "num_key_value_heads": 2,
[36m(WorkerDict pid=21785)[0m   "pad_token_id": 151643,
[36m(WorkerDict pid=21785)[0m   "rms_norm_eps": 1e-06,
[36m(WorkerDict pid=21785)[0m   "rope_parameters": {
[36m(WorkerDict pid=21785)[0m     "rope_theta": 1000000.0,
[36m(WorkerDict pid=21785)[0m     "rope_type": "default"
[36m(WorkerDict pid=21785)[0m   },
[36m(WorkerDict pid=21785)[0m   "sliding_window": null,
[36m(WorkerDict pid=21785)[0m   "tie_word_embeddings": true,
[36m(WorkerDict pid=21785)[0m   "transformers_version": "5.9.0",
[36m(WorkerDict pid=21785)[0m   "use_cache": true,
[36m(WorkerDict pid=21785)[0m   "use_sliding_window": false,
[36m(WorkerDict pid=21785)[0m   "vocab_size": 151936
[36m(WorkerDict pid=21785)[0m }
[36m(WorkerDict pid=21785)[0m 
[36m(WorkerDict pid=21785)[0m trainable params: 29,491,200 || all params: 3,115,429,888 || trainable%: 0.9466
[36m(WorkerDict pid=21785)[0m [LoRA] Injected LoRA adapters: rank=64, alpha=16
[36m(WorkerDict pid=21785)[0m PeftModelForCausalLM contains 3.12B parameters
[36m(WorkerDict pid=21785)[0m wrap_policy: functools.partial(<function _or_policy at 0x7fac17cfb1a0>, policies=[functools.partial(<function lambda_auto_wrap_policy at 0x7fac17cfab60>, lambda_fn=<function get_fsdp_wrap_policy.<locals>.lambda_policy_fn at 0x7fa990522ca0>), functools.partial(<function transformer_auto_wrap_policy at 0x7fac17cfb060>, transformer_layer_cls={<class 'transformers.models.qwen2.modeling_qwen2.Qwen2DecoderLayer'>})])
[36m(WorkerDict pid=21785)[0m Total steps: 30, num_warmup_steps: 0
[36m(WorkerDict pid=21785)[0m Actor use_remove_padding=True
[36m(WorkerDict pid=21785)[0m Before building vllm rollout, memory allocated (GB): 11.676271915435791, memory reserved (GB): 12.408203125
[36m(WorkerDict pid=21785)[0m INFO 05-25 16:13:13 [utils.py:240] non-default args: {'dtype': 'bfloat16', 'max_model_len': 1024, 'distributed_executor_backend': 'external_launcher', 'enable_prefix_caching': True, 'gpu_memory_utilization': 0.3, 'max_num_batched_tokens': 2048, 'disable_log_stats': True, 'enforce_eager': True, 'disable_custom_all_reduce': True, 'enable_chunked_prefill': True, 'enable_sleep_mode': True, 'model': '/root/autodl-tmp/models/Qwen/Qwen2.5-3B-Instruct'}
[36m(WorkerDict pid=21785)[0m INFO 05-25 16:13:13 [model.py:568] Resolved architecture: Qwen2ForCausalLM
[36m(WorkerDict pid=21785)[0m INFO 05-25 16:13:13 [model.py:1697] Using max model len 1024
[36m(WorkerDict pid=21785)[0m Loading safetensors checkpoint shards:   0% Completed | 0/2 [00:00<?, ?it/s]
[36m(WorkerDict pid=21785)[0m Loading safetensors checkpoint shards:  50% Completed | 1/2 [00:00<00:00,  1.45it/s]
[36m(WorkerDict pid=21785)[0m Loading safetensors checkpoint shards: 100% Completed | 2/2 [00:01<00:00,  1.74it/s]
[36m(WorkerDict pid=21785)[0m Loading safetensors checkpoint shards: 100% Completed | 2/2 [00:01<00:00,  1.69it/s]
[36m(WorkerDict pid=21785)[0m 
[36m(WorkerDict pid=21785)[0m /root/DeepResearcher/verl/workers/sharding_manager/fsdp_vllm.py:52: FutureWarning: FSDP.state_dict_type() and FSDP.set_state_dict_type() are being deprecated. Please use APIs, get_state_dict() and set_state_dict(), which can support different parallelisms, FSDP1, FSDP2, DDP. API doc: https://pytorch.org/docs/stable/distributed.checkpoint.html#torch.distributed.checkpoint.state_dict.get_state_dict .Tutorial: https://pytorch.org/tutorials/recipes/distributed_checkpoint_recipe.html .
[36m(WorkerDict pid=21785)[0m   FSDP.set_state_dict_type(self.module,
[36m(WorkerDict pid=21785)[0m INFO 05-25 16:13:13 [arg_utils.py:1739] Using ray runtime env (env vars redacted): {'env_vars': {'NCCL_DEBUG': '***', 'RANK': '***', 'RAY_LOCAL_RANK': '***', 'RAY_LOCAL_WORLD_SIZE': '***', 'TOKENIZERS_PARALLELISM': '***', 'WG_BACKEND': '***', 'WG_PREFIX': '***', 'WORLD_SIZE': '***'}}
[36m(WorkerDict pid=21785)[0m INFO 05-25 16:13:13 [parallel.py:769] Using external launcher for distributed inference.
[36m(WorkerDict pid=21785)[0m INFO 05-25 16:13:13 [parallel.py:829] Disabling V1 multiprocessing for external launcher.
[36m(WorkerDict pid=21785)[0m INFO 05-25 16:13:13 [scheduler.py:239] Chunked prefill is enabled with max_num_batched_tokens=2048.
[36m(WorkerDict pid=21785)[0m INFO 05-25 16:13:13 [vllm.py:886] Asynchronous scheduling is enabled.
[36m(WorkerDict pid=21785)[0m WARNING 05-25 16:13:13 [vllm.py:942] Enforce eager set, disabling torch.compile and CUDAGraphs. This is equivalent to setting -cc.mode=none -cc.cudagraph_mode=none
[36m(WorkerDict pid=21785)[0m WARNING 05-25 16:13:13 [vllm.py:960] Inductor compilation was disabled by user settings, optimizations settings that are only active during inductor compilation will be ignored.
[36m(WorkerDict pid=21785)[0m INFO 05-25 16:13:13 [kernel.py:212] Final IR op priority after setting platform defaults: IrOpPriorityConfig(rms_norm=['vllm_c', 'native'], fused_add_rms_norm=['vllm_c', 'native'])
[36m(WorkerDict pid=21785)[0m INFO 05-25 16:13:13 [vllm.py:1135] Cudagraph is disabled under eager mode
[36m(WorkerDict pid=21785)[0m INFO 05-25 16:13:13 [compilation.py:303] Enabled custom fusions: norm_quant, act_quant
[36m(WorkerDict pid=21785)[0m INFO 05-25 16:13:15 [core.py:109] Initializing a V1 LLM engine (v0.21.0) with config: model='/root/autodl-tmp/models/Qwen/Qwen2.5-3B-Instruct', speculative_config=None, tokenizer='/root/autodl-tmp/models/Qwen/Qwen2.5-3B-Instruct', skip_tokenizer_init=False, tokenizer_mode=auto, revision=None, tokenizer_revision=None, trust_remote_code=False, dtype=torch.bfloat16, max_seq_len=1024, download_dir=None, load_format=auto, tensor_parallel_size=1, pipeline_parallel_size=1, data_parallel_size=1, decode_context_parallel_size=1, dcp_comm_backend=ag_rs, disable_custom_all_reduce=True, quantization=None, quantization_config=None, enforce_eager=True, enable_return_routed_experts=False, kv_cache_dtype=auto, device_config=cuda, structured_outputs_config=StructuredOutputsConfig(backend='auto', disable_any_whitespace=False, disable_additional_properties=False, reasoning_parser='', reasoning_parser_plugin='', enable_in_reasoning=False), observability_config=ObservabilityConfig(show_hidden_metrics_for_version=None, otlp_traces_endpoint=None, collect_detailed_traces=None, kv_cache_metrics=False, kv_cache_metrics_sample=0.01, cudagraph_metrics=False, enable_layerwise_nvtx_tracing=False, enable_mfu_metrics=False, enable_mm_processor_stats=False, enable_logging_iteration_details=False), seed=0, served_model_name=/root/autodl-tmp/models/Qwen/Qwen2.5-3B-Instruct, enable_prefix_caching=True, enable_chunked_prefill=True, pooler_config=None, compilation_config={'mode': <CompilationMode.NONE: 0>, 'debug_dump_path': None, 'cache_dir': '', 'compile_cache_save_format': 'binary', 'backend': 'inductor', 'custom_ops': ['all'], 'ir_enable_torch_wrap': False, 'splitting_ops': [], 'compile_mm_encoder': False, 'cudagraph_mm_encoder': False, 'encoder_cudagraph_token_budgets': [], 'encoder_cudagraph_max_vision_items_per_batch': 0, 'encoder_cudagraph_max_frames_per_batch': None, 'compile_sizes': [], 'compile_ranges_endpoints': [2048], 'inductor_compile_config': {'enable_auto_functionalized_v2': False, 'size_asserts': False, 'alignment_asserts': False, 'scalar_asserts': False, 'combo_kernels': True, 'benchmark_combo_kernel': True}, 'inductor_passes': {}, 'cudagraph_mode': <CUDAGraphMode.NONE: 0>, 'cudagraph_num_of_warmups': 0, 'cudagraph_capture_sizes': [], 'cudagraph_copy_inputs': False, 'cudagraph_specialize_lora': True, 'use_inductor_graph_partition': False, 'pass_config': {'fuse_norm_quant': True, 'fuse_act_quant': True, 'fuse_attn_quant': False, 'enable_sp': False, 'fuse_gemm_comms': False, 'fuse_allreduce_rms': False, 'fuse_act_padding': False}, 'max_cudagraph_capture_size': 0, 'dynamic_shapes_config': {'type': <DynamicShapesType.BACKED: 'backed'>, 'evaluate_guards': False, 'assume_32_bit_indexing': False}, 'local_cache_dir': None, 'fast_moe_cold_start': False, 'static_all_moe_layers': []}, kernel_config=KernelConfig(ir_op_priority=IrOpPriorityConfig(rms_norm=['vllm_c', 'native'], fused_add_rms_norm=['vllm_c', 'native']), enable_flashinfer_autotune=False, moe_backend='auto')
[36m(WorkerDict pid=21785)[0m INFO 05-25 16:13:15 [parallel_state.py:1723] rank 0 in world size 1 is assigned as DP rank 0, PP rank 0, PCP rank 0, TP rank 0, EP rank N/A, EPLB rank N/A
[36m(WorkerDict pid=21785)[0m INFO 05-25 16:13:16 [topk_topp_sampler.py:45] Using FlashInfer for top-p & top-k sampling.
[36m(WorkerDict pid=21785)[0m INFO 05-25 16:13:16 [gpu_model_runner.py:4857] Starting to load model /root/autodl-tmp/models/Qwen/Qwen2.5-3B-Instruct...
[36m(WorkerDict pid=21785)[0m INFO 05-25 16:13:16 [cuda.py:372] Using FLASH_ATTN attention backend out of potential backends: ['FLASH_ATTN', 'FLASHINFER', 'TRITON_ATTN', 'FLEX_ATTENTION'].
[36m(WorkerDict pid=21785)[0m INFO 05-25 16:13:16 [flash_attn.py:641] Using FlashAttention version 2
[36m(WorkerDict pid=21785)[0m INFO 05-25 16:13:16 [weight_utils.py:938] Filesystem type for checkpoints: XFS. Checkpoint size: 5.75 GiB. Available RAM: 800.38 GiB.
[36m(WorkerDict pid=21785)[0m INFO 05-25 16:13:16 [weight_utils.py:961] Auto-prefetch is disabled because the filesystem (XFS) is not a recognized network FS (NFS/Lustre). If you want to force prefetching, start vLLM with --safetensors-load-strategy=prefetch.
[36m(WorkerDict pid=21785)[0m INFO 05-25 16:13:18 [default_loader.py:397] Loading weights took 1.25 seconds
[36m(WorkerDict pid=21785)[0m INFO 05-25 16:13:18 [gpu_model_runner.py:4959] Model loading took 5.79 GiB memory and 1.441009 seconds
[36m(WorkerDict pid=21785)[0m INFO 05-25 16:13:20 [gpu_worker.py:462] Available KV cache memory: 20.52 GiB
[36m(WorkerDict pid=21785)[0m INFO 05-25 16:13:20 [kv_cache_utils.py:1710] GPU KV cache size: 597,632 tokens
[36m(WorkerDict pid=21785)[0m INFO 05-25 16:13:20 [kv_cache_utils.py:1711] Maximum concurrency for 1,024 tokens per request: 583.62x
[36m(WorkerDict pid=21785)[0m INFO 05-25 16:13:20 [kernel_warmup.py:44] Skipping FlashInfer autotune because it is disabled.
[36m(WorkerDict pid=21785)[0m INFO 05-25 16:13:20 [jit_monitor.py:54] Kernel JIT monitor activated — Triton JIT compilations during inference will be logged as warnings.
[36m(WorkerDict pid=21785)[0m INFO 05-25 16:13:20 [core.py:306] init engine (profile, create kv cache, warmup model) took 1.59 s
[36m(WorkerDict pid=21785)[0m INFO 05-25 16:13:20 [block_pool.py:471] Successfully reset prefix cache
[36m(WorkerDict pid=21785)[0m INFO 05-25 16:13:23 [cumem.py:209] CuMemAllocator: sleep freed 26.41 GiB memory in total, of which 5.88 GiB is backed up in CPU and the rest 20.53 GiB is discarded directly.
[36m(WorkerDict pid=21785)[0m INFO 05-25 16:13:23 [gpu_worker.py:178] Sleep mode freed 28.13 GiB memory, 27.04 GiB memory is still in use.
[36m(WorkerDict pid=21785)[0m INFO 05-25 16:13:23 [abstract.py:331] It took 2.623489 seconds to fall asleep.
[36m(WorkerDict pid=21785)[0m kwargs: {'n': 1, 'logprobs': 0, 'max_tokens': 512, 'detokenize': False, 'temperature': 1.0, 'top_k': -1, 'top_p': 1, 'ignore_eos': False}
[36m(WorkerDict pid=21785)[0m After building vllm rollout, memory allocated (GB): 38.12354898452759, memory reserved (GB): 38.73046875
[36m(WorkerDict pid=21785)[0m After building sharding manager, memory allocated (GB): 38.12354898452759, memory reserved (GB): 38.73046875
[36m(main_task pid=21657)[0m swanlab: Tracking run with swanlab version 0.7.19
[36m(main_task pid=21657)[0m swanlab: Run data will be saved locally in 
[36m(main_task pid=21657)[0m /root/DeepResearcher/swanlog/run-20260525_161325-cti3ki4al5ifswwp7xy7q
[36m(WorkerDict pid=21785)[0m /root/miniconda3/lib/python3.12/site-packages/torch/utils/_contextlib.py:124: UserWarning: When using ``NO_SHARD`` for ``ShardingStrategy``, full_state_dict will be returned.
[36m(WorkerDict pid=21785)[0m   return func(*args, **kwargs)
[36m(main_task pid=21657)[0m swanlab: 👋 Hi Fyrgo,welcome to swanlab!
[36m(main_task pid=21657)[0m swanlab: Syncing run exp03_lora_rank64_alpha16 to the cloud
[36m(main_task pid=21657)[0m swanlab: 🏠 View project at https://swanlab.cn/@Fyrgo/verl_examples
[36m(main_task pid=21657)[0m swanlab: 🚀 View run at 
[36m(main_task pid=21657)[0m https://swanlab.cn/@Fyrgo/verl_examples/runs/cti3ki4al5ifswwp7xy7q
[36m(main_task pid=21657)[0m Using LocalLogger is deprecated. The constructor API will change 
[36m(main_task pid=21657)[0m Checkpoint tracker file does not exist: %s /root/DeepResearcher/./ckpts/verl_examples/exp03_lora_rank64_alpha16/latest_checkpointed_iteration.txt
[36m(main_task pid=21657)[0m Training from scratch
[36m(main_task pid=21657)[0m node 0 in fit function!
[36m(main_task pid=21657)[0m node 0 gains 512 datas!
[36m(main_task pid=21657)[0m node 0 step 0 start!
[36m(main_task pid=21657)[0m rollout_step_1_round_0.json 写入完成
[36m(main_task pid=21657)[0m node 0, turn 0 rollings_active is 1024 datas
[36m(WorkerDict pid=21785)[0m INFO 05-25 16:13:27 [abstract.py:349] It took 0.185301 seconds to wake up tags {'kv_cache', 'weights'}.
[36m(WorkerDict pid=21785)[0m WARNING 05-25 16:13:27 [jit_monitor.py:103] Triton kernel JIT compilation during inference: _compute_slot_mapping_kernel. This causes a latency spike; consider extending warmup to cover this shape/config.
[36m(WorkerDict pid=21785)[0m INFO 05-25 16:13:37 [block_pool.py:471] Successfully reset prefix cache
[36m(WorkerDict pid=21785)[0m INFO 05-25 16:13:37 [cumem.py:209] CuMemAllocator: sleep freed 26.41 GiB memory in total, of which 5.88 GiB is backed up in CPU and the rest 20.53 GiB is discarded directly.
[36m(WorkerDict pid=21785)[0m INFO 05-25 16:13:37 [gpu_worker.py:178] Sleep mode freed 39.92 GiB memory, 27.08 GiB memory is still in use.
[36m(WorkerDict pid=21785)[0m INFO 05-25 16:13:37 [abstract.py:331] It took 0.255779 seconds to fall asleep.
[36m(main_task pid=21657)[0m node 0, turn 0 gen_output 1024 datas
[36m(main_task pid=21657)[0m model tool call format error: Expecting value: line 2 column 1 (char 1)
[36m(main_task pid=21657)[0m model tool call format error: Expecting value: line 2 column 2 (char 2)
[36m(main_task pid=21657)[0m model tool call format error: Expecting value: line 2 column 1 (char 1)
[36m(main_task pid=21657)[0m model tool call format error: no valid query in tool_call
[36m(main_task pid=21657)[0m model tool call format error: no valid query in tool_call
[36m(main_task pid=21657)[0m model tool call format error: Expecting value: line 2 column 1 (char 1)
[36m(main_task pid=21657)[0m model tool call format error: Expecting value: line 2 column 1 (char 1)
[36m(main_task pid=21657)[0m model tool call format error: Expecting value: line 2 column 1 (char 1)
[36m(main_task pid=21657)[0m model tool call format error: Expecting value: line 2 column 1 (char 1)
[36m(main_task pid=21657)[0m model tool call format error: no valid query in tool_call
[36m(main_task pid=21657)[0m model tool call format error: Expecting value: line 2 column 1 (char 1)
[36m(main_task pid=21657)[0m model tool call format error: Expecting value: line 2 column 1 (char 1)
[36m(main_task pid=21657)[0m model tool call format error: Expecting ',' delimiter: line 2 column 115 (char 115)
[36m(main_task pid=21657)[0m model tool call format error: Expecting value: line 2 column 1 (char 1)
[36m(main_task pid=21657)[0m model tool call format error: Expecting value: line 2 column 2 (char 2)
[36m(main_task pid=21657)[0m model tool call format error: Expecting value: line 2 column 1 (char 1)
[36m(main_task pid=21657)[0m model tool call format error: Expecting value: line 2 column 2 (char 2)
[36m(main_task pid=21657)[0m model tool call format error: Expecting value: line 2 column 2 (char 2)
[36m(main_task pid=21657)[0m model tool call format error: Expecting value: line 2 column 1 (char 1)
[36m(main_task pid=21657)[0m model tool call format error: Expecting value: line 2 column 2 (char 2)
[36m(main_task pid=21657)[0m model tool call format error: Expecting value: line 2 column 1 (char 1)
[36m(main_task pid=21657)[0m model tool call format error: Expecting value: line 2 column 1 (char 1)
[36m(main_task pid=21657)[0m model tool call format error: Expecting value: line 2 column 2 (char 2)
[36m(main_task pid=21657)[0m model tool call format error: Expecting value: line 2 column 1 (char 1)
[36m(main_task pid=21657)[0m model tool call format error: Expecting value: line 2 column 2 (char 2)
[36m(main_task pid=21657)[0m model tool call format error: Expecting value: line 2 column 2 (char 2)
[36m(main_task pid=21657)[0m model tool call format error: Expecting value: line 2 column 1 (char 1)
[36m(main_task pid=21657)[0m model tool call format error: Expecting ',' delimiter: line 2 column 196 (char 196)
[36m(main_task pid=21657)[0m model tool call format error: Expecting value: line 2 column 1 (char 1)
[36m(main_task pid=21657)[0m model tool call format error: Expecting value: line 2 column 1 (char 1)
[36m(main_task pid=21657)[0m model tool call format error: Expecting value: line 2 column 1 (char 1)
[36m(main_task pid=21657)[0m model tool call format error: Expecting value: line 2 column 1 (char 1)
[36m(main_task pid=21657)[0m model tool call format error: Expecting ',' delimiter: line 2 column 301 (char 301)
[36m(main_task pid=21657)[0m model tool call format error: Expecting value: line 2 column 1 (char 1)
[36m(main_task pid=21657)[0m model tool call format error: Expecting value: line 2 column 1 (char 1)
[36m(main_task pid=21657)[0m model tool call format error: Expecting ',' delimiter: line 2 column 105 (char 105)
[36m(main_task pid=21657)[0m model tool call format error: Expecting value: line 2 column 1 (char 1)
[36m(main_task pid=21657)[0m model tool call format error: Expecting ',' delimiter: line 2 column 72 (char 72)
[36m(main_task pid=21657)[0m model tool call format error: Expecting value: line 2 column 2 (char 2)
[36m(main_task pid=21657)[0m model tool call format error: Expecting value: line 2 column 2 (char 2)
[36m(main_task pid=21657)[0m model tool call format error: Expecting value: line 2 column 1 (char 1)
[36m(main_task pid=21657)[0m model tool call format error: Expecting ',' delimiter: line 2 column 253 (char 253)
[36m(main_task pid=21657)[0m model tool call format error: Expecting value: line 2 column 1 (char 1)
[36m(main_task pid=21657)[0m model tool call format error: Expecting value: line 2 column 1 (char 1)
[36m(main_task pid=21657)[0m model tool call format error: Expecting value: line 2 column 1 (char 1)
[36m(main_task pid=21657)[0m model tool call format error: Expecting value: line 2 column 1 (char 1)
[36m(main_task pid=21657)[0m model tool call format error: Expecting value: line 2 column 1 (char 1)
[36m(main_task pid=21657)[0m model tool call format error: Expecting value: line 2 column 1 (char 1)
[36m(main_task pid=21657)[0m model tool call format error: Expecting value: line 2 column 2 (char 2)
[36m(main_task pid=21657)[0m model tool call format error: Expecting ',' delimiter: line 2 column 137 (char 137)
[36m(main_task pid=21657)[0m model tool call format error: Expecting value: line 2 column 1 (char 1)
[36m(main_task pid=21657)[0m model tool call format error: Expecting value: line 2 column 2 (char 2)
[36m(main_task pid=21657)[0m model tool call format error: Expecting value: line 2 column 2 (char 2)
[36m(main_task pid=21657)[0m model tool call format error: Expecting value: line 2 column 1 (char 1)
[36m(main_task pid=21657)[0m model tool call format error: Expecting value: line 2 column 2 (char 2)
[36m(main_task pid=21657)[0m model tool call format error: Expecting value: line 2 column 1 (char 1)
[36m(main_task pid=21657)[0m model tool call format error: Expecting value: line 2 column 1 (char 1)
[36m(main_task pid=21657)[0m model tool call format error: Expecting value: line 2 column 1 (char 1)
[36m(main_task pid=21657)[0m model tool call format error: Expecting value: line 2 column 1 (char 1)
[36m(main_task pid=18337)[0m model tool call format error: Expecting value: line 2 column 1 (char 1)
[36m(main_task pid=18337)[0m model tool call format error: Extra data: line 2 column 111 (char 111)
[36m(main_task pid=18337)[0m model tool call format error: Expecting ',' delimiter: line 2 column 145 (char 145)
[36m(main_task pid=18337)[0m model tool call format error: Expecting value: line 2 column 1 (char 1)
[36m(main_task pid=18337)[0m model tool call format error: Expecting value: line 2 column 1 (char 1)
[36m(main_task pid=18337)[0m model tool call format error: Expecting value: line 2 column 2 (char 2)
[36m(main_task pid=18337)[0m model tool call format error: Expecting value: line 2 column 1 (char 1)
[36m(main_task pid=18337)[0m model tool call format error: Expecting value: line 2 column 1 (char 1)
[36m(main_task pid=18337)[0m model tool call format error: Expecting value: line 2 column 2 (char 2)
[36m(main_task pid=18337)[0m model tool call format error: Expecting value: line 2 column 1 (char 1)
[36m(main_task pid=18337)[0m model tool call format error: Extra data: line 2 column 110 (char 110)
[36m(main_task pid=18337)[0m model tool call format error: Expecting value: line 2 column 1 (char 1)
[36m(main_task pid=18337)[0m model tool call format error: Expecting ',' delimiter: line 2 column 162 (char 162)
[36m(main_task pid=18337)[0m model tool call format error: Expecting value: line 2 column 1 (char 1)
[36m(main_task pid=18337)[0m model tool call format error: Expecting value: line 2 column 1 (char 1)
[36m(main_task pid=18337)[0m model tool call format error: Expecting value: line 2 column 1 (char 1)
[36m(main_task pid=18337)[0m model tool call format error: Expecting value: line 2 column 1 (char 1)
[36m(main_task pid=18337)[0m model tool call format error: Expecting value: line 2 column 1 (char 1)
[36m(main_task pid=18337)[0m model tool call format error: Expecting value: line 2 column 1 (char 1)
[36m(main_task pid=18337)[0m model tool call format error: Expecting value: line 2 column 1 (char 1)
[36m(main_task pid=18337)[0m model tool call format error: Expecting value: line 2 column 1 (char 1)
[36m(main_task pid=18337)[0m model tool call format error: Expecting value: line 2 column 1 (char 1)
[36m(main_task pid=18337)[0m model tool call format error: Expecting value: line 2 column 1 (char 1)
[36m(main_task pid=18337)[0m model tool call format error: Expecting value: line 2 column 1 (char 1)
[36m(main_task pid=18337)[0m model tool call format error: Expecting value: line 2 column 2 (char 2)
[36m(main_task pid=18337)[0m model tool call format error: Expecting value: line 2 column 1 (char 1)
[36m(main_task pid=18337)[0m model tool call format error: Expecting value: line 2 column 1 (char 1)
[36m(main_task pid=18337)[0m model tool call format error: no valid query in tool_call
[36m(main_task pid=18337)[0m model tool call format error: Expecting value: line 2 column 1 (char 1)
[36m(main_task pid=18337)[0m model tool call format error: Expecting value: line 2 column 2 (char 2)
[36m(main_task pid=18337)[0m model tool call format error: Expecting value: line 2 column 1 (char 1)
[36m(main_task pid=18337)[0m model tool call format error: Expecting value: line 2 column 2 (char 2)
[36m(main_task pid=18337)[0m model tool call format error: Expecting value: line 2 column 2 (char 2)
[36m(main_task pid=18337)[0m model tool call format error: Expecting ',' delimiter: line 2 column 174 (char 174)
[36m(main_task pid=18337)[0m [INFO] Waiting for handler to fill 'content' field... (0/788 ready)
[36m(main_task pid=18337)[0m [INFO] Waiting for handler to fill 'content' field... (0/788 ready)
[36m(main_task pid=18337)[0m [INFO] Waiting for handler to fill 'content' field... (0/788 ready)
[36m(main_task pid=18337)[0m [INFO] Waiting for handler to fill 'content' field... (0/788 ready)
[36m(main_task pid=18337)[0m [INFO] Waiting for handler to fill 'content' field... (0/788 ready)
[36m(main_task pid=18337)[0m [INFO] Waiting for handler to fill 'content' field... (0/788 ready)
[36m(main_task pid=18337)[0m [INFO] Waiting for handler to fill 'content' field... (0/788 ready)
[36m(main_task pid=18337)[0m [INFO] Waiting for handler to fill 'content' field... (0/788 ready)
[36m(main_task pid=18337)[0m [INFO] Waiting for handler to fill 'content' field... (0/788 ready)
[36m(main_task pid=18337)[0m [INFO] Waiting for handler to fill 'content' field... (0/788 ready)
[36m(main_task pid=18337)[0m [INFO] Waiting for handler to fill 'content' field... (0/788 ready)
[36m(main_task pid=18337)[0m [INFO] Waiting for handler to fill 'content' field... (0/788 ready)
[36m(main_task pid=18337)[0m [INFO] Waiting for handler to fill 'content' field... (0/788 ready)
[36m(main_task pid=18337)[0m [INFO] Waiting for handler to fill 'content' field... (0/788 ready)
[36m(main_task pid=18337)[0m [INFO] Waiting for handler to fill 'content' field... (0/788 ready)
[36m(main_task pid=18337)[0m [INFO] Waiting for handler to fill 'content' field... (0/788 ready)
[36m(main_task pid=18337)[0m [INFO] Waiting for handler to fill 'content' field... (0/788 ready)
[36m(main_task pid=18337)[0m [INFO] Waiting for handler to fill 'content' field... (0/788 ready)
[36m(main_task pid=18337)[0m [INFO] Waiting for handler to fill 'content' field... (0/788 ready)
[36m(main_task pid=18337)[0m [INFO] Waiting for handler to fill 'content' field... (0/788 ready)
[36m(main_task pid=18337)[0m [INFO] Waiting for handler to fill 'content' field... (0/788 ready)
[36m(main_task pid=18337)[0m [INFO] Waiting for handler to fill 'content' field... (0/788 ready)
[36m(main_task pid=18337)[0m [INFO] Waiting for handler to fill 'content' field... (0/788 ready)
[36m(main_task pid=18337)[0m [INFO] Waiting for handler to fill 'content' field... (0/788 ready)
[36m(main_task pid=18337)[0m [INFO] Waiting for handler to fill 'content' field... (0/788 ready)
[36m(main_task pid=18337)[0m [INFO] Waiting for handler to fill 'content' field... (0/788 ready)
[36m(main_task pid=18337)[0m [INFO] Waiting for handler to fill 'content' field... (0/788 ready)
[36m(main_task pid=18337)[0m [INFO] Waiting for handler to fill 'content' field... (0/788 ready)
[36m(main_task pid=18337)[0m [INFO] Waiting for handler to fill 'content' field... (0/788 ready)
[36m(main_task pid=18337)[0m [INFO] Waiting for handler to fill 'content' field... (0/788 ready)
[36m(main_task pid=18337)[0m [INFO] Waiting for handler to fill 'content' field... (0/788 ready)
[36m(main_task pid=18337)[0m [INFO] Waiting for handler to fill 'content' field... (0/788 ready)
[36m(main_task pid=18337)[0m [INFO] Waiting for handler to fill 'content' field... (0/788 ready)
[36m(main_task pid=18337)[0m [INFO] Waiting for handler to fill 'content' field... (0/788 ready)
[36m(main_task pid=18337)[0m [INFO] Waiting for handler to fill 'content' field... (0/788 ready)
[36m(main_task pid=18337)[0m [INFO] Waiting for handler to fill 'content' field... (0/788 ready)
[36m(main_task pid=18337)[0m [INFO] Waiting for handler to fill 'content' field... (0/788 ready)
[36m(main_task pid=18337)[0m [INFO] Waiting for handler to fill 'content' field... (0/788 ready)
[36m(main_task pid=18337)[0m [INFO] Waiting for handler to fill 'content' field... (0/788 ready)
[36m(main_task pid=18337)[0m [INFO] Waiting for handler to fill 'content' field... (0/788 ready)
[36m(main_task pid=18337)[0m [INFO] Waiting for handler to fill 'content' field... (0/788 ready)
[36m(main_task pid=18337)[0m [INFO] Waiting for handler to fill 'content' field... (0/788 ready)
[36m(main_task pid=18337)[0m [INFO] Waiting for handler to fill 'content' field... (0/788 ready)
[36m(main_task pid=18337)[0m [INFO] Waiting for handler to fill 'content' field... (0/788 ready)
[36m(main_task pid=18337)[0m [INFO] Waiting for handler to fill 'content' field... (0/788 ready)
[36m(main_task pid=18337)[0m [INFO] Waiting for handler to fill 'content' field... (0/788 ready)
[36m(main_task pid=18337)[0m [INFO] Waiting for handler to fill 'content' field... (0/788 ready)
[36m(main_task pid=18337)[0m [INFO] Waiting for handler to fill 'content' field... (0/788 ready)
[36m(main_task pid=18337)[0m [INFO] Waiting for handler to fill 'content' field... (0/788 ready)
[36m(main_task pid=18337)[0m [INFO] Waiting for handler to fill 'content' field... (0/788 ready)
[36m(main_task pid=18337)[0m [INFO] Waiting for handler to fill 'content' field... (0/788 ready)
[36m(main_task pid=18337)[0m [INFO] Waiting for handler to fill 'content' field... (0/788 ready)
[36m(main_task pid=18337)[0m [INFO] Waiting for handler to fill 'content' field... (0/788 ready)
[36m(main_task pid=18337)[0m [INFO] Waiting for handler to fill 'content' field... (0/788 ready)
[36m(main_task pid=18337)[0m [INFO] Waiting for handler to fill 'content' field... (0/788 ready)
[36m(main_task pid=18337)[0m [INFO] Waiting for handler to fill 'content' field... (0/788 ready)
[36m(main_task pid=18337)[0m [INFO] Waiting for handler to fill 'content' field... (0/788 ready)
[36m(main_task pid=18337)[0m [INFO] Waiting for handler to fill 'content' field... (0/788 ready)
[36m(main_task pid=18337)[0m [INFO] Waiting for handler to fill 'content' field... (0/788 ready)
[36m(main_task pid=18337)[0m [INFO] Waiting for handler to fill 'content' field... (0/788 ready)
[36m(main_task pid=18337)[0m [INFO] Waiting for handler to fill 'content' field... (0/788 ready)
[36m(main_task pid=18337)[0m [INFO] Waiting for handler to fill 'content' field... (0/788 ready)
[36m(main_task pid=18337)[0m [INFO] Waiting for handler to fill 'content' field... (0/788 ready)
[36m(main_task pid=18337)[0m [INFO] Waiting for handler to fill 'content' field... (0/788 ready)
[36m(main_task pid=18337)[0m [INFO] Waiting for handler to fill 'content' field... (0/788 ready)
[36m(main_task pid=18337)[0m [INFO] Waiting for handler to fill 'content' field... (0/788 ready)
[36m(main_task pid=18337)[0m [INFO] Waiting for handler to fill 'content' field... (0/788 ready)
[36m(main_task pid=18337)[0m [INFO] Waiting for handler to fill 'content' field... (0/788 ready)
[36m(main_task pid=18337)[0m [INFO] Waiting for handler to fill 'content' field... (0/788 ready)
[36m(main_task pid=18337)[0m [INFO] Waiting for handler to fill 'content' field... (0/788 ready)
[36m(main_task pid=18337)[0m [INFO] Waiting for handler to fill 'content' field... (0/788 ready)
[36m(main_task pid=18337)[0m [INFO] Waiting for handler to fill 'content' field... (0/788 ready)
[36m(main_task pid=18337)[0m [INFO] Waiting for handler to fill 'content' field... (0/788 ready)
[36m(main_task pid=18337)[0m [INFO] Waiting for handler to fill 'content' field... (0/788 ready)
[36m(main_task pid=18337)[0m [INFO] Waiting for handler to fill 'content' field... (0/788 ready)
[36m(main_task pid=18337)[0m [INFO] Waiting for handler to fill 'content' field... (0/788 ready)
[36m(main_task pid=18337)[0m [INFO] Waiting for handler to fill 'content' field... (0/788 ready)
[36m(main_task pid=18337)[0m [INFO] Waiting for handler to fill 'content' field... (0/788 ready)
[36m(main_task pid=18337)[0m [INFO] Waiting for handler to fill 'content' field... (0/788 ready)
[36m(main_task pid=18337)[0m [INFO] Waiting for handler to fill 'content' field... (0/788 ready)
[36m(main_task pid=18337)[0m [INFO] Waiting for handler to fill 'content' field... (0/788 ready)
[36m(main_task pid=18337)[0m [INFO] Waiting for handler to fill 'content' field... (0/788 ready)
[36m(main_task pid=18337)[0m [INFO] Waiting for handler to fill 'content' field... (0/788 ready)
[36m(main_task pid=18337)[0m [INFO] Waiting for handler to fill 'content' field... (0/788 ready)
[36m(main_task pid=18337)[0m [INFO] Waiting for handler to fill 'content' field... (0/788 ready)
[36m(main_task pid=18337)[0m [INFO] Waiting for handler to fill 'content' field... (0/788 ready)
[36m(main_task pid=18337)[0m [INFO] Waiting for handler to fill 'content' field... (0/788 ready)
[36m(main_task pid=18337)[0m [INFO] Waiting for handler to fill 'content' field... (0/788 ready)
[36m(main_task pid=18337)[0m [INFO] Waiting for handler to fill 'content' field... (0/788 ready)
[36m(main_task pid=18337)[0m [INFO] Waiting for handler to fill 'content' field... (0/788 ready)
[36m(main_task pid=18337)[0m [INFO] Waiting for handler to fill 'content' field... (0/788 ready)
[36m(main_task pid=18337)[0m [INFO] Waiting for handler to fill 'content' field... (0/788 ready)
[36m(main_task pid=18337)[0m [INFO] Waiting for handler to fill 'content' field... (0/788 ready)
[36m(main_task pid=18337)[0m [INFO] Waiting for handler to fill 'content' field... (0/788 ready)
[36m(main_task pid=18337)[0m [INFO] Waiting for handler to fill 'content' field... (0/788 ready)
[36m(main_task pid=18337)[0m [INFO] Waiting for handler to fill 'content' field... (0/788 ready)
[36m(main_task pid=18337)[0m [INFO] Waiting for handler to fill 'content' field... (0/788 ready)
[36m(main_task pid=18337)[0m [INFO] Waiting for handler to fill 'content' field... (0/788 ready)
[36m(main_task pid=18337)[0m [INFO] Waiting for handler to fill 'content' field... (0/788 ready)
[36m(main_task pid=18337)[0m [INFO] Waiting for handler to fill 'content' field... (0/788 ready)
[36m(main_task pid=18337)[0m [INFO] Waiting for handler to fill 'content' field... (0/788 ready)
[36m(main_task pid=18337)[0m [INFO] Waiting for handler to fill 'content' field... (0/788 ready)
[36m(main_task pid=18337)[0m [INFO] Waiting for handler to fill 'content' field... (0/788 ready)
[36m(main_task pid=18337)[0m [INFO] Waiting for handler to fill 'content' field... (0/788 ready)
[36m(main_task pid=18337)[0m [INFO] Waiting for handler to fill 'content' field... (0/788 ready)
[36m(main_task pid=18337)[0m [INFO] Waiting for handler to fill 'content' field... (0/788 ready)
[36m(main_task pid=18337)[0m [INFO] Waiting for handler to fill 'content' field... (0/788 ready)
[36m(main_task pid=18337)[0m [INFO] Waiting for handler to fill 'content' field... (0/788 ready)
[36m(main_task pid=18337)[0m [INFO] Waiting for handler to fill 'content' field... (0/788 ready)
[36m(main_task pid=18337)[0m [INFO] Waiting for handler to fill 'content' field... (0/788 ready)
[36m(main_task pid=18337)[0m [INFO] Waiting for handler to fill 'content' field... (0/788 ready)
[36m(main_task pid=18337)[0m [INFO] Waiting for handler to fill 'content' field... (0/788 ready)
[36m(main_task pid=18337)[0m [INFO] Waiting for handler to fill 'content' field... (0/788 ready)
[36m(main_task pid=18337)[0m [INFO] Waiting for handler to fill 'content' field... (19/788 ready)
[36m(main_task pid=18337)[0m [INFO] Waiting for handler to fill 'content' field... (19/788 ready)
[36m(main_task pid=18337)[0m [INFO] Waiting for handler to fill 'content' field... (19/788 ready)
[36m(main_task pid=18337)[0m [INFO] Waiting for handler to fill 'content' field... (19/788 ready)
[36m(main_task pid=18337)[0m [INFO] Waiting for handler to fill 'content' field... (19/788 ready)
[36m(main_task pid=18337)[0m [INFO] Waiting for handler to fill 'content' field... (19/788 ready)
[36m(main_task pid=18337)[0m [INFO] Waiting for handler to fill 'content' field... (19/788 ready)
[36m(main_task pid=18337)[0m [INFO] Waiting for handler to fill 'content' field... (19/788 ready)
[36m(main_task pid=18337)[0m [INFO] Waiting for handler to fill 'content' field... (19/788 ready)
[36m(main_task pid=18337)[0m [INFO] Waiting for handler to fill 'content' field... (19/788 ready)
[36m(main_task pid=18337)[0m [INFO] Waiting for handler to fill 'content' field... (19/788 ready)
[36m(main_task pid=18337)[0m [INFO] Waiting for handler to fill 'content' field... (19/788 ready)
[36m(main_task pid=18337)[0m [INFO] Waiting for handler to fill 'content' field... (19/788 ready)
[36m(main_task pid=18337)[0m [INFO] Waiting for handler to fill 'content' field... (19/788 ready)
[36m(main_task pid=18337)[0m [INFO] Waiting for handler to fill 'content' field... (19/788 ready)
[36m(main_task pid=18337)[0m [INFO] Waiting for handler to fill 'content' field... (19/788 ready)
[36m(main_task pid=18337)[0m [INFO] Waiting for handler to fill 'content' field... (19/788 ready)
[36m(main_task pid=18337)[0m [INFO] Waiting for handler to fill 'content' field... (19/788 ready)
[36m(main_task pid=18337)[0m [INFO] Waiting for handler to fill 'content' field... (19/788 ready)
[36m(main_task pid=18337)[0m [INFO] Waiting for handler to fill 'content' field... (19/788 ready)
[36m(main_task pid=18337)[0m [INFO] Waiting for handler to fill 'content' field... (19/788 ready)
[36m(main_task pid=18337)[0m [INFO] Waiting for handler to fill 'content' field... (19/788 ready)
[36m(main_task pid=18337)[0m [INFO] Waiting for handler to fill 'content' field... (19/788 ready)
[36m(main_task pid=18337)[0m [INFO] Waiting for handler to fill 'content' field... (19/788 ready)
[36m(main_task pid=18337)[0m [INFO] Waiting for handler to fill 'content' field... (19/788 ready)
[36m(main_task pid=18337)[0m [INFO] Waiting for handler to fill 'content' field... (19/788 ready)
[36m(main_task pid=18337)[0m [INFO] Waiting for handler to fill 'content' field... (19/788 ready)
[36m(main_task pid=18337)[0m [INFO] Waiting for handler to fill 'content' field... (19/788 ready)
[36m(main_task pid=18337)[0m [INFO] Waiting for handler to fill 'content' field... (19/788 ready)
[36m(main_task pid=18337)[0m [INFO] Waiting for handler to fill 'content' field... (19/788 ready)
[36m(main_task pid=18337)[0m [INFO] Waiting for handler to fill 'content' field... (19/788 ready)
[36m(main_task pid=18337)[0m [INFO] Waiting for handler to fill 'content' field... (19/788 ready)
[36m(main_task pid=18337)[0m [INFO] Waiting for handler to fill 'content' field... (19/788 ready)
[36m(main_task pid=18337)[0m [INFO] Waiting for handler to fill 'content' field... (19/788 ready)
[36m(main_task pid=18337)[0m [INFO] Waiting for handler to fill 'content' field... (19/788 ready)
[36m(main_task pid=18337)[0m [INFO] Waiting for handler to fill 'content' field... (19/788 ready)
[36m(main_task pid=18337)[0m [INFO] Waiting for handler to fill 'content' field... (19/788 ready)
[36m(main_task pid=18337)[0m [INFO] Waiting for handler to fill 'content' field... (19/788 ready)
[36m(main_task pid=18337)[0m [INFO] Waiting for handler to fill 'content' field... (19/788 ready)
[36m(main_task pid=18337)[0m [INFO] Waiting for handler to fill 'content' field... (19/788 ready)
[36m(main_task pid=18337)[0m [INFO] Waiting for handler to fill 'content' field... (19/788 ready)
[36m(main_task pid=18337)[0m [INFO] Waiting for handler to fill 'content' field... (19/788 ready)
[36m(main_task pid=18337)[0m [INFO] Waiting for handler to fill 'content' field... (19/788 ready)
[36m(main_task pid=18337)[0m [INFO] Waiting for handler to fill 'content' field... (19/788 ready)
[36m(main_task pid=18337)[0m [INFO] Waiting for handler to fill 'content' field... (19/788 ready)
[36m(main_task pid=18337)[0m [INFO] Waiting for handler to fill 'content' field... (19/788 ready)
[36m(main_task pid=18337)[0m [INFO] Waiting for handler to fill 'content' field... (19/788 ready)
[36m(main_task pid=18337)[0m [INFO] Waiting for handler to fill 'content' field... (19/788 ready)
[36m(main_task pid=18337)[0m [INFO] Waiting for handler to fill 'content' field... (19/788 ready)
[36m(main_task pid=18337)[0m [INFO] Waiting for handler to fill 'content' field... (19/788 ready)
[36m(main_task pid=18337)[0m [INFO] Waiting for handler to fill 'content' field... (19/788 ready)
[36m(main_task pid=18337)[0m [INFO] Waiting for handler to fill 'content' field... (19/788 ready)
[36m(main_task pid=18337)[0m [INFO] Waiting for handler to fill 'content' field... (19/788 ready)
[36m(main_task pid=18337)[0m [INFO] Waiting for handler to fill 'content' field... (19/788 ready)
[36m(main_task pid=18337)[0m [INFO] Waiting for handler to fill 'content' field... (19/788 ready)
[36m(main_task pid=18337)[0m [INFO] Waiting for handler to fill 'content' field... (19/788 ready)
[36m(main_task pid=18337)[0m [INFO] Waiting for handler to fill 'content' field... (19/788 ready)
[36m(main_task pid=18337)[0m [INFO] Waiting for handler to fill 'content' field... (19/788 ready)
[36m(main_task pid=18337)[0m [INFO] Waiting for handler to fill 'content' field... (19/788 ready)
[36m(main_task pid=18337)[0m [INFO] Waiting for handler to fill 'content' field... (19/788 ready)
[36m(main_task pid=18337)[0m [INFO] Waiting for handler to fill 'content' field... (19/788 ready)
[36m(main_task pid=18337)[0m [INFO] Waiting for handler to fill 'content' field... (19/788 ready)
[36m(main_task pid=18337)[0m [INFO] Waiting for handler to fill 'content' field... (19/788 ready)
[36m(main_task pid=18337)[0m [INFO] Waiting for handler to fill 'content' field... (19/788 ready)
[36m(main_task pid=18337)[0m [INFO] Waiting for handler to fill 'content' field... (19/788 ready)
[36m(main_task pid=18337)[0m [INFO] Waiting for handler to fill 'content' field... (19/788 ready)
[36m(main_task pid=18337)[0m [INFO] Waiting for handler to fill 'content' field... (19/788 ready)
[36m(main_task pid=18337)[0m [INFO] Waiting for handler to fill 'content' field... (19/788 ready)
[36m(main_task pid=18337)[0m [INFO] Waiting for handler to fill 'content' field... (19/788 ready)
[36m(main_task pid=18337)[0m [INFO] Waiting for handler to fill 'content' field... (19/788 ready)
[36m(main_task pid=18337)[0m [INFO] Waiting for handler to fill 'content' field... (19/788 ready)
[36m(main_task pid=18337)[0m [INFO] Waiting for handler to fill 'content' field... (19/788 ready)
[36m(main_task pid=18337)[0m [INFO] Waiting for handler to fill 'content' field... (19/788 ready)
[36m(main_task pid=18337)[0m [INFO] Waiting for handler to fill 'content' field... (19/788 ready)
[36m(main_task pid=18337)[0m [INFO] Waiting for handler to fill 'content' field... (19/788 ready)
[36m(main_task pid=18337)[0m [INFO] Waiting for handler to fill 'content' field... (19/788 ready)
[36m(main_task pid=18337)[0m [INFO] Waiting for handler to fill 'content' field... (19/788 ready)
[36m(main_task pid=18337)[0m [INFO] Waiting for handler to fill 'content' field... (19/788 ready)
[36m(main_task pid=18337)[0m [INFO] Waiting for handler to fill 'content' field... (19/788 ready)
[36m(main_task pid=18337)[0m [INFO] Waiting for handler to fill 'content' field... (19/788 ready)
[36m(main_task pid=18337)[0m [INFO] Waiting for handler to fill 'content' field... (19/788 ready)
[36m(main_task pid=18337)[0m [INFO] Waiting for handler to fill 'content' field... (19/788 ready)
[36m(main_task pid=18337)[0m [INFO] Waiting for handler to fill 'content' field... (19/788 ready)
[36m(main_task pid=18337)[0m [INFO] Waiting for handler to fill 'content' field... (19/788 ready)
[36m(main_task pid=18337)[0m [INFO] Waiting for handler to fill 'content' field... (19/788 ready)
[36m(main_task pid=18337)[0m [INFO] Waiting for handler to fill 'content' field... (19/788 ready)
[36m(main_task pid=18337)[0m [INFO] Waiting for handler to fill 'content' field... (19/788 ready)
[36m(main_task pid=18337)[0m [INFO] Waiting for handler to fill 'content' field... (19/788 ready)
[36m(main_task pid=18337)[0m [INFO] Waiting for handler to fill 'content' field... (19/788 ready)
[36m(main_task pid=18337)[0m [INFO] Waiting for handler to fill 'content' field... (19/788 ready)
[36m(main_task pid=18337)[0m [INFO] Waiting for handler to fill 'content' field... (19/788 ready)
[36m(main_task pid=18337)[0m [INFO] Waiting for handler to fill 'content' field... (19/788 ready)
[36m(main_task pid=18337)[0m [INFO] Waiting for handler to fill 'content' field... (19/788 ready)
[36m(main_task pid=18337)[0m [INFO] Waiting for handler to fill 'content' field... (19/788 ready)
[36m(main_task pid=18337)[0m [INFO] Waiting for handler to fill 'content' field... (19/788 ready)
[36m(main_task pid=18337)[0m [INFO] Waiting for handler to fill 'content' field... (19/788 ready)
[36m(main_task pid=18337)[0m [INFO] Waiting for handler to fill 'content' field... (19/788 ready)
